{
  "type" : "FeatureCollection",
  "features" : [{"type":"Feature","id":1,"geometry":{"type":"LineString","coordinates":[[-93.304969999999969,38.752990000000068],[-93.316176393999967,38.754934501000037],[-93.327383090999945,38.756879002000062],[-93.338590092999937,38.758823502000041],[-93.349797398999954,38.760768001000031],[-93.361005008999939,38.762712499000031],[-93.37221292299995,38.764656997000031],[-93.383421140999985,38.766601495000032],[-93.394629663999979,38.768545991000053],[-93.40583849099994,38.770490487000075],[-93.417047621999984,38.772434983000039],[-93.428257057999986,38.774379477000025],[-93.439466796999966,38.776323971000068],[-93.45067684199995,38.778268465000053],[-93.46188718999997,38.78021295800005],[-93.473097842999948,38.782157450000057],[-93.484308800999941,38.784101941000074],[-93.495520062999958,38.786046432000035],[-93.506731628999944,38.787990922000063],[-93.517943499999944,38.789935412000034],[-93.529155675999959,38.791879901000073],[-93.540368155999943,38.793824389000065],[-93.551580940999941,38.795768876000068],[-93.562794030999953,38.797713363000071],[-93.574007424999991,38.799657849000027],[-93.585221123999986,38.801602335000041],[-93.596435127999939,38.803546820000065],[-93.607649435999974,38.805491304000043],[-93.618864048999967,38.807435788000078],[-93.630078967999964,38.809380271000066],[-93.641294190999986,38.811324753000065],[-93.652509718999966,38.813269235000064],[-93.66372555199996,38.815213716000073],[-93.674941688999979,38.817158197000026],[-93.686158131999946,38.819102676000057],[-93.697374879999984,38.821047156000077],[-93.70859193299998,38.822991634000061],[-93.71980929099999,38.824936112000046],[-93.731026953999958,38.826880589000041],[-93.742244922999987,38.828825066000036],[-93.753463195999984,38.830769541000052],[-93.764681774999985,38.832714017000058],[-93.775900657999955,38.834658491000027],[-93.787119847999975,38.836602965000054],[-93.798339341999963,38.838547439000024],[-93.809559141999955,38.840491911000072],[-93.820779246999962,38.842436383000063],[-93.831999656999983,38.844380854000065],[-93.843220372999951,38.846325325000066],[-93.854441393999991,38.848269795000078],[-93.865662720999978,38.850214265000034],[-93.876884353999969,38.852158733000067],[-93.888106290999986,38.854103201000044],[-93.899328534999938,38.856047669000077],[-93.910551083999962,38.857992136000064],[-93.921773937999944,38.859936602000062],[-93.932997097999987,38.86188106700007],[-93.944220563999977,38.863825532000078],[-93.955444335999971,38.86576999600004],[-93.966668412999979,38.867714460000059],[-93.977892795999992,38.869658923000031],[-93.989117484999952,38.871603385000071],[-94.000342478999983,38.873547847000054],[-94.01156777999995,38.875492308000048],[-94.022793385999989,38.877436768000052],[-94.034019298999965,38.879381228000057],[-94.045245516999955,38.881325687000071],[-94.05647204099995,38.88327014500004],[-94.067698870999948,38.885214603000065],[-94.07892600699995,38.887159060000045],[-94.090153449999946,38.889103516000034],[-94.101381197999956,38.891047972000024],[-94.11260925299996,38.892992427000024],[-94.123837612999978,38.894936881000035],[-94.13506627999999,38.896881335000046],[-94.146295252999948,38.898825788000067],[-94.157524531999968,38.900770241000032],[-94.168754117999981,38.902714693000064],[-94.179984008999952,38.90465914400005],[-94.191214207999963,38.906603595000036],[-94.202444711999988,38.908548044000042],[-94.213675522999949,38.910492494000039],[-94.224906639999972,38.912436942000056],[-94.236138063999988,38.914381390000074],[-94.247369793999951,38.916325838000034],[-94.258601830999964,38.918270284000073],[-94.269834173999982,38.920214730000055],[-94.281066822999946,38.922159176000036],[-94.292299779999951,38.924103620000039],[-94.303533042999959,38.926048064000042],[-94.314766611999971,38.927992508000045],[-94.326000488999966,38.929936951000059],[-94.337234671999965,38.931881393000026],[-94.348469160999969,38.933825834000061],[-94.359703957999955,38.935770275000039],[-94.370939060999945,38.937714715000027],[-94.382174470999985,38.939659155000072],[-94.393410187999962,38.941603594000071],[-94.404646211999989,38.943548032000081],[-94.415882542999952,38.945492469000044],[-94.427119179999977,38.947436906000064],[-94.438356124999984,38.949381343000027],[-94.449593376999985,38.951325778000069],[-94.46083093499999,38.953270213000053],[-94.472068800999978,38.955214648000037],[-94.483306973999959,38.957159081000043],[-94.49454545399999,38.959103514000049],[-94.505784240999958,38.961047947000054],[-94.517023335999966,38.962992378000024],[-94.528262736999977,38.964936809000051],[-94.539502445999972,38.966881240000077],[-94.55074246199996,38.968825670000058],[-94.561982784999941,38.970770099000049],[-94.573223415999962,38.972714527000051],[-94.584464353999977,38.974658955000052],[-94.595705598999984,38.976603382000064],[-94.606947151999975,38.978547809000077],[-94.618189011999959,38.980492235000042],[-94.629431179999983,38.982436660000076],[-94.64067365599999,38.984381084000063],[-94.651916437999944,38.98632550800005],[-94.663159528999984,38.988269932000037],[-94.67440292699996,38.990214354000045],[-94.685646631999987,38.992158776000053],[-94.696890645999986,38.994103198000062],[-94.708134966999978,38.996047618000034],[-94.719379594999964,38.997992038000064],[-94.730624531999979,38.999936458000036],[-94.741869775999987,39.00188087600003],[-94.753115327999978,39.00382529400008],[-94.764361187999953,39.005769712000074],[-94.775607354999977,39.007714129000078],[-94.786853830999974,39.009658545000036],[-94.798100613999964,39.011602960000062],[-94.809347705999983,39.01354737500003],[-94.820595104999938,39.015491789000066],[-94.83184281299998,39.017436203000045],[-94.843090827999958,39.019380616000035],[-94.854339151999966,39.021325028000035],[-94.865587783999956,39.023269440000036],[-94.87683672299994,39.025213850000057],[-94.888085970999953,39.027158261000068],[-94.899335526999948,39.029102670000043],[-94.910585391999973,39.031047079000075],[-94.921835563999991,39.03299148800005],[-94.933086044999982,39.034935895000046],[-94.944336834999945,39.036880302000043],[-94.955587931999958,39.038824709000039],[-94.966839337999943,39.040769115000046],[-94.978091052999957,39.042713520000063],[-94.989343074999965,39.044657924000035],[-95.000595406999992,39.046602328000063],[-95.011848045999955,39.048546731000044],[-95.023100994999936,39.050491133000037],[-95.034354250999968,39.052435535000029],[-95.045607816999961,39.054379936000032],[-95.056861690999938,39.056324337000035],[-95.068115872999954,39.058268737000049],[-95.079370364999988,39.060213136000073],[-95.090625164999949,39.06215753500004],[-95.101880272999949,39.064101933000074],[-95.113135690999968,39.066046330000063],[-95.12439141699997,39.067990727000051],[-95.135647451999944,39.069935122000061],[-95.146903795999947,39.07187951800006],[-95.158160448999979,39.073823913000069],[-95.169417410999984,39.075768307000033],[-95.180674680999971,39.077712700000063],[-95.191932260999977,39.079657093000037],[-95.203190149999955,39.081601485000078],[-95.214448346999973,39.083545876000073],[-95.225706853999952,39.085490267000068],[-95.236965669999961,39.087434657000074],[-95.248224794999942,39.089379047000079],[-95.259484228999952,39.091323435000049],[-95.270743971999991,39.093267824000066],[-95.282004024999992,39.095212211000046],[-95.293264385999976,39.097156598000026],[-95.304525056999978,39.099100984000074],[-95.315786036999953,39.101045370000065],[-95.327047326999946,39.102989755000067],[-95.338308925999968,39.104934139000079],[-95.349570833999962,39.106878523000034],[-95.360833051999975,39.108822906000057],[-95.372095578999961,39.110767288000034],[-95.383358415999965,39.112711670000067],[-95.394621561999941,39.114656051000054],[-95.405885017999935,39.116600431000052],[-95.417148782999959,39.118544811000049],[-95.428412857999945,39.120489190000058],[-95.439677241999959,39.122433568000076],[-95.450941936999982,39.124377946000038],[-95.462206939999987,39.126322323000068],[-95.473472253999944,39.12826670000004],[-95.484737876999986,39.130211075000034],[-95.496003809999991,39.132155451000074],[-95.507270052999957,39.134099825000078],[-95.518536605999941,39.136044199000025],[-95.529803468999944,39.13798857200004],[-95.541070640999976,39.139932945000055],[-95.55233812299997,39.14187731700008],[-95.563605915999972,39.14382168800006],[-95.574874017999946,39.145766058000049],[-95.586142430999985,39.147710428000039],[-95.597411152999939,39.149654798000029],[-95.608680184999969,39.15159916600004],[-95.61994952799995,39.15354353400005],[-95.631219180999949,39.155487902000061],[-95.642489143999967,39.157432269000026],[-95.653759416999947,39.159376635000058],[-95.665029999999945,39.161321000000044]]},"properties":{"OID":1,"Product_Type_i":"Raw","From_ID":"Farm1","From_Node":"Midwest Poultry Farm","From_City_Area":"Near Sedalia","From_State":"MO","From_Latitude":38.752989999999997,"From_Longitude":-93.304969999999997,"Product_Type_j":" Raw","To_ID":"Processor3","To_Node":"Kansas City Processing Hub","To_City_Area":"Topeka","To_State":"KS","To_Latitude":39.161321000000001,"To_Longitude":-95.665030000000002,"Quantity":4000,"ORIG_FID":1,"Shape_Length":2.3951237680758615}},{"type":"Feature","id":2,"geometry":{"type":"LineString","coordinates":[[-93.304969999999969,38.752990000000068],[-93.307893573999991,38.744293924000033],[-93.310816792999958,38.735597835000078],[-93.313739657999974,38.72690173400008],[-93.316662168999983,38.718205619000059],[-93.319584324999937,38.709509491000063],[-93.322506127999986,38.700813351000079],[-93.325427576999971,38.692117197000073],[-93.328348671999947,38.683421030000034],[-93.331269412999973,38.674724851000065],[-93.33418980099998,38.666028658000073],[-93.337109835999968,38.657332453000038],[-93.340029517999938,38.648636234000037],[-93.342948846999946,38.639940003000049],[-93.345867823999981,38.631243758000039],[-93.348786447999942,38.622547501000042],[-93.35170471899994,38.613851231000069],[-93.354622637999967,38.605154947000074],[-93.357540204999964,38.596458651000034],[-93.360457418999943,38.587762342000076],[-93.363374281999938,38.579066020000027],[-93.366290793999951,38.57036968500006],[-93.369206953999935,38.561673337000059],[-93.372122761999947,38.552976976000025],[-93.375038218999975,38.544280602000072],[-93.377953324999964,38.535584215000029],[-93.380868079999971,38.526887815000066],[-93.383782484999983,38.51819140200007],[-93.386696538999956,38.509494976000042],[-93.389610241999947,38.500798538000026],[-93.392523594999943,38.492102086000045],[-93.395436597999947,38.483405621000031],[-93.398349249999967,38.47470914400003],[-93.401261552999983,38.466012653000064],[-93.404173506999939,38.457316150000054],[-93.407085109999969,38.448619633000078],[-93.409996363999937,38.439923104000059],[-93.412907268999959,38.431226562000063],[-93.415817824999976,38.422530007000034],[-93.41872803199999,38.41383343800004],[-93.421637889999943,38.405136857000059],[-93.424547399999938,38.396440263000045],[-93.427456559999939,38.387743656000055],[-93.430365372999972,38.379047036000031],[-93.433273836999945,38.370350403000032],[-93.436181952999959,38.361653758000045],[-93.439089721999949,38.352957099000037],[-93.441997141999991,38.344260427000052],[-93.444904214999951,38.33556374300008],[-93.447810940999943,38.326867045000029],[-93.450717318999978,38.318170335000048],[-93.453623349999987,38.309473611000044],[-93.456529033999971,38.300776875000054],[-93.459434370999986,38.29208012600003],[-93.462339361999966,38.283383364000031],[-93.465244004999988,38.274686588000066],[-93.468148302999964,38.265989800000057],[-93.471052253999972,38.257293000000061],[-93.473955858999943,38.248596186000043],[-93.476859117999936,38.239899359000049],[-93.47976203099995,38.231202519000078],[-93.482664598999975,38.222505667000064],[-93.485566820999964,38.213808801000027],[-93.488468697999963,38.205111923000061],[-93.491370228999983,38.196415031000072],[-93.494271415999947,38.187718127000039],[-93.497172256999988,38.17902121000003],[-93.500072753999973,38.170324279000056],[-93.502972905999968,38.161627336000038],[-93.505872712999974,38.152930380000043],[-93.508772175999979,38.144233412000062],[-93.511671295999975,38.135536430000059],[-93.51457007099998,38.126839435000079],[-93.517468501999986,38.118142427000066],[-93.520366588999991,38.109445407000067],[-93.523264332999986,38.100748374000034],[-93.526161732999981,38.092051327000036],[-93.529058789999965,38.083354268000051],[-93.531955503999939,38.074657196000032],[-93.534851874999958,38.065960111000038],[-93.537747902999968,38.057263013000068],[-93.540643587999966,38.048565902000064],[-93.543538930999944,38.039868778000027],[-93.546433930999967,38.031171642000061],[-93.549328589999959,38.022474492000072],[-93.55222290599994,38.013777330000039],[-93.555116879999957,38.005080154000041],[-93.558010511999953,37.996382966000056],[-93.560903801999984,37.987685765000037],[-93.563796750999984,37.978988551000043],[-93.566689358999952,37.970291324000073],[-93.569581624999955,37.961594084000069],[-93.572473549999984,37.952896831000032],[-93.57536513499997,37.944199566000066],[-93.578256377999992,37.935502287000077],[-93.581147280999971,37.926804996000044],[-93.584037843999965,37.918107692000035],[-93.586928065999984,37.90941037500005],[-93.589817947999961,37.900713045000032],[-93.592707488999963,37.892015702000037],[-93.595596690999969,37.883318346000067],[-93.598485552999989,37.874620977000063],[-93.601374075999956,37.865923596000073],[-93.604262258999938,37.85722620100006],[-93.607150101999991,37.84852879400006],[-93.610037606999981,37.839831374000028],[-93.612924771999985,37.831133941000076],[-93.615811598999983,37.822436495000034],[-93.618698086999984,37.813739036000072],[-93.62158423599999,37.805041564000078],[-93.624470046999988,37.79634407900005],[-93.627355518999991,37.787646582000036],[-93.630240652999987,37.778949072000046],[-93.633125448999976,37.770251548000033],[-93.636009907999949,37.761554012000033],[-93.638894027999982,37.752856463000057],[-93.641777811999987,37.744158902000038],[-93.644661256999939,37.735461327000053],[-93.647544364999987,37.726763739000035],[-93.650427136999951,37.71806613900003],[-93.653309570999966,37.709368526000048],[-93.656191667999963,37.700670900000034],[-93.659073428999989,37.691973261000044],[-93.661954852999941,37.683275609000077],[-93.664835939999989,37.674577944000077],[-93.667716691999942,37.665880266000045],[-93.670597106999992,37.657182576000025],[-93.673477185999957,37.648484873000029],[-93.676356928999951,37.639787156000068],[-93.679236336999963,37.631089427000063],[-93.682115408999948,37.622391686000071],[-93.684994145999951,37.613693931000057],[-93.687872546999984,37.604996163000067],[-93.690750613999967,37.596298383000033],[-93.693628344999979,37.587600590000079],[-93.696505740999953,37.578902784000036],[-93.699382802999992,37.570204965000073],[-93.702259529999935,37.561507133000077],[-93.705135922999943,37.552809288000049],[-93.70801198199996,37.544111431000033],[-93.710887705999937,37.535413560000052],[-93.713763096999969,37.526715677000027],[-93.716638153999952,37.518017781000026],[-93.719512875999953,37.509319872000049],[-93.722387265999942,37.500621950000038],[-93.725261321999938,37.491924016000041],[-93.728135044999988,37.483226068000079],[-93.731008433999989,37.474528108000072],[-93.733881490999977,37.465830135000033],[-93.736754214999962,37.457132149000074],[-93.739626605999945,37.448434151000072],[-93.742498664999971,37.439736139000047],[-93.745370390999938,37.431038115000035],[-93.748241784999948,37.422340077000058],[-93.751112846999945,37.413642027000037],[-93.753983576999985,37.40494396400004],[-93.756853974999956,37.396245889000056],[-93.75972404099997,37.38754780000005],[-93.76259377599996,37.378849699000057],[-93.765463178999937,37.370151585000031],[-93.768332251999936,37.361453458000028],[-93.771200992999979,37.35275531800005],[-93.774069402999942,37.344057165000038],[-93.776937481999937,37.335359000000039],[-93.779805230999955,37.326660821000075],[-93.782672648999949,37.317962630000068],[-93.785539735999976,37.309264426000027],[-93.788406493999958,37.300566209000067],[-93.791272920999972,37.291867980000063],[-93.794139017999953,37.283169737000037],[-93.797004784999956,37.274471482000024],[-93.799870222999971,37.265773214000035],[-93.802735330999951,37.257074933000069],[-93.805600109999943,37.24837664000006],[-93.808464559999948,37.239678333000029],[-93.811328679999974,37.230980014000068],[-93.814192470999956,37.222281682000073],[-93.817055933999939,37.213583337000046],[-93.81991906799999,37.204884980000031],[-93.82278187299994,37.196186609000051],[-93.825644349999948,37.187488226000028],[-93.828506497999967,37.178789830000028],[-93.831368318999978,37.170091421000052],[-93.834229810999943,37.161392999000043],[-93.837090975999956,37.152694565000047],[-93.839951811999981,37.143996117000029],[-93.842812321999986,37.135297657000024],[-93.845672503999936,37.126599184000042],[-93.848532357999943,37.117900699000074],[-93.851391884999941,37.109202200000027],[-93.854251085999977,37.10050368900005],[-93.857109958999956,37.091805165000039],[-93.859968505999973,37.083106628000053],[-93.86282672599998,37.074408079000079],[-93.865684619999968,37.065709516000027],[-93.868542186999946,37.057010941000044],[-93.871399427999961,37.048312353000028],[-93.874256342999956,37.039613752000037],[-93.877112932999978,37.030915139000058],[-93.87996919599999,37.022216513000046],[-93.882825133999972,37.013517873000069],[-93.885680745999991,37.004819222000037],[-93.88853603299998,36.99612055700004],[-93.891390994999938,36.987421879000067],[-93.894245631999979,36.97872318900005],[-93.89709994399999,36.970024486000057],[-93.89995393099997,36.96132577000003],[-93.902807593999967,36.952627042000074],[-93.905660931999989,36.943928301000028],[-93.908513944999982,36.935229546000073],[-93.911366634999979,36.926530780000064],[-93.914218999999946,36.917832000000033]]},"properties":{"OID":2,"Product_Type_i":"Raw","From_ID":"Farm1","From_Node":"Midwest Poultry Farm","From_City_Area":"Near Sedalia","From_State":"MO","From_Latitude":38.752989999999997,"From_Longitude":-93.304969999999997,"Product_Type_j":" Raw","To_ID":"Processor4","To_Node":"Monett Poultry Processor","To_City_Area":"Monett","To_State":"MO","To_Latitude":36.917831999999997,"To_Longitude":-93.914219000000003,"Quantity":4000,"ORIG_FID":2,"Shape_Length":1.9336511490982582}},{"type":"Feature","id":3,"geometry":{"type":"LineString","coordinates":[[-93.24249999999995,37.280710000000056],[-93.251723335999941,37.275739219000059],[-93.260946064999985,37.270768434000047],[-93.270168186999967,37.265797644000031],[-93.279389703999982,37.260826851000047],[-93.288610614999982,37.255856053000059],[-93.297830919999967,37.250885251000057],[-93.307050618999938,37.245914445000039],[-93.316269711999951,37.240943635000065],[-93.325488199999938,37.235972820000029],[-93.334706082999958,37.231002001000036],[-93.343923360999952,37.226031178000028],[-93.353140033999978,37.221060351000062],[-93.362356101999978,37.216089520000025],[-93.371571565999943,37.211118685000031],[-93.38078642499994,37.206147845000032],[-93.390000678999968,37.201177001000076],[-93.39921432999995,37.196206153000048],[-93.408427375999963,37.191235301000063],[-93.417639818999987,37.186264445000063],[-93.426851656999986,37.181293584000059],[-93.436062891999939,37.17632272000003],[-93.445273523999958,37.171351851000054],[-93.454483551999942,37.166380978000063],[-93.463692976999937,37.161410101000058],[-93.472901798999942,37.156439219000049],[-93.482110018999947,37.151468334000072],[-93.491317634999973,37.146497444000033],[-93.500524648999942,37.141526550000037],[-93.509731060999968,37.136555652000027],[-93.518936869999948,37.131584749000069],[-93.528142076999984,37.12661384300003],[-93.537346681999963,37.121642932000043],[-93.546550684999943,37.116672017000042],[-93.555754086999968,37.111701098000026],[-93.564956886999937,37.106730175000052],[-93.574159084999962,37.101759248000064],[-93.583360682999967,37.096788316000072],[-93.592561678999971,37.091817380000066],[-93.601762073999964,37.086846441000034],[-93.610961868999937,37.081875497000055],[-93.620161062999955,37.076904548000073],[-93.629359655999963,37.071933596000065],[-93.638557648999949,37.066962639000053],[-93.647755041999972,37.061991678000027],[-93.656951834999973,37.057020713000043],[-93.666148027999952,37.052049744000044],[-93.675343620999968,37.047078771000031],[-93.684538613999962,37.04210779400006],[-93.693733007999981,37.037136812000028],[-93.702926801999979,37.032165826000039],[-93.712119997999991,37.027194836000035],[-93.721312593999983,37.022223842000074],[-93.730504591999988,37.017252843000051],[-93.739695989999973,37.01228184100006],[-93.748886790999961,37.007310834000066],[-93.758076991999985,37.002339823000057],[-93.767266595999956,36.997368808000033],[-93.776455600999952,36.992397789000051],[-93.785644007999963,36.987426766000056],[-93.794831816999988,36.982455738000056],[-93.80401902899996,36.977484706000041],[-93.813205642999947,36.972513670000069],[-93.822391659999937,36.967542630000025],[-93.831577078999942,36.962571586000024],[-93.840761900999951,36.957600538000065],[-93.849946126999953,36.952629485000045],[-93.859129754999969,36.947658428000068],[-93.868312786999979,36.942687367000076],[-93.877495221999936,36.937716302000069],[-93.886677060999943,36.932745233000048],[-93.895858302999955,36.92777415900008],[-93.905038949999948,36.92280308200003],[-93.914218999999946,36.917832000000033]]},"properties":{"OID":3,"Product_Type_i":"Raw","From_ID":"Farm2","From_Node":"Golden Valley Poultry","From_City_Area":"Near Springfield","From_State":"MO","From_Latitude":37.280709999999999,"From_Longitude":-93.242500000000007,"Product_Type_j":" Raw","To_ID":"Processor4","To_Node":"Monett Poultry Processor","To_City_Area":"Monett","To_State":"MO","To_Latitude":36.917831999999997,"To_Longitude":-93.914219000000003,"Quantity":4000,"ORIG_FID":3,"Shape_Length":0.76347040285196677}},{"type":"Feature","id":4,"geometry":{"type":"LineString","coordinates":[[-93.24249999999995,37.280710000000056],[-93.247358089999977,37.27260112600004],[-93.25221565999999,37.264492240000038],[-93.257072707999953,37.256383344000028],[-93.261929235999958,37.248274436000031],[-93.266785242999958,37.240165517000037],[-93.271640730999991,37.232056587000045],[-93.276495697999962,37.223947646000056],[-93.281350145999966,37.21583869400007],[-93.286204073999954,37.207729731000029],[-93.291057482999975,37.199620756000058],[-93.29591037199998,37.19151177100008],[-93.30076274299995,37.183402774000058],[-93.305614594999952,37.175293766000038],[-93.310465928999974,37.167184747000078],[-93.315316743999972,37.159075717000064],[-93.320167040999991,37.150966676000053],[-93.325016819999973,37.142857623000054],[-93.329866081999967,37.134748560000048],[-93.334714825999981,37.126639485000055],[-93.339563052999949,37.118530400000054],[-93.344410762999985,37.110421303000066],[-93.349257955999974,37.102312195000025],[-93.354104631999974,37.094203076000042],[-93.358950791999973,37.086093946000062],[-93.363796434999983,37.077984804000039],[-93.368641562999983,37.069875652000064],[-93.373486174999982,37.061766488000046],[-93.378330270999982,37.053657314000077],[-93.38317385199997,37.045548128000064],[-93.388016916999959,37.037438931000054],[-93.392859467999983,37.029329723000046],[-93.39770150399994,37.021220504000041],[-93.402543024999943,37.013111274000039],[-93.407384031999982,37.005002033000039],[-93.412224524999942,36.996892780000053],[-93.417064503999939,36.988783517000059],[-93.42190396899997,36.980674242000077],[-93.426742919999981,36.972564957000031],[-93.43158135799996,36.964455660000056],[-93.436419282999964,36.956346352000025],[-93.441256694999936,36.948237033000055],[-93.446093594999979,36.94012770300003],[-93.450929981999991,36.932018362000065],[-93.455765855999971,36.923909009000056],[-93.460601217999965,36.915799646000039],[-93.465436068999963,36.907690272000025],[-93.470270407999976,36.899580886000024],[-93.475104234999947,36.891471489000025],[-93.479937550999978,36.88336208100003],[-93.484770355999956,36.875252663000026],[-93.489602649999938,36.867143233000036],[-93.494434432999981,36.859033792000048],[-93.49926570599996,36.850924339000073],[-93.50409646899999,36.842814876000034],[-93.508926721999956,36.834705402000054],[-93.513756463999982,36.826595917000077],[-93.518585696999992,36.818486420000056],[-93.523414420999984,36.810376912000038],[-93.52824263499997,36.802267394000069],[-93.533070340999984,36.794157864000056],[-93.537897536999935,36.786048323000045],[-93.542724224999972,36.777938771000038],[-93.547550403999992,36.769829208000033],[-93.552376074999984,36.761719634000031],[-93.557201237999948,36.753610049000031],[-93.562025893999987,36.745500453000034],[-93.566850040999952,36.737390846000039],[-93.571673681999982,36.729281227000058],[-93.576496814999985,36.721171598000069],[-93.581319440999948,36.713061957000036],[-93.586141559999987,36.704952306000052],[-93.590963172999977,36.696842643000025],[-93.595784278999986,36.688732969000057],[-93.600604878999945,36.680623284000035],[-93.60542497299997,36.672513588000072],[-93.610244560999945,36.664403882000045],[-93.615063643999974,36.656294163000041],[-93.619882220999955,36.648184434000029],[-93.624700292999989,36.640074694000077],[-93.629517859999964,36.631964943000071],[-93.634334921999937,36.623855181000067],[-93.639151479999953,36.615745407000077],[-93.643967532999966,36.607635623000078],[-93.648783081999966,36.599525827000036],[-93.653598126999952,36.591416021000043],[-93.658412667999983,36.583306203000063],[-93.663226705999989,36.575196375000075],[-93.668040240999972,36.567086535000044],[-93.672853271999941,36.558976684000072],[-93.677665799999943,36.550866822000046],[-93.682477824999978,36.542756949000079],[-93.687289347999979,36.534647066000048],[-93.692100368999945,36.52653717100003],[-93.696910886999945,36.518427264000024],[-93.701720903999956,36.510317347000068],[-93.706530417999943,36.502207419000058],[-93.711339430999942,36.49409748000005],[-93.716147942999953,36.485987530000045],[-93.720955952999986,36.477877569000043],[-93.725763462999964,36.469767596000054],[-93.730570471999954,36.461657613000057],[-93.735376979999955,36.453547618000073],[-93.740182987999958,36.445437613000024],[-93.744988494999973,36.437327596000046],[-93.749793502999978,36.429217569000059],[-93.754598010999985,36.421107530000029],[-93.759402018999936,36.412997481000048],[-93.764205527999991,36.40488742000008],[-93.76900853799998,36.396777348000057],[-93.77381104899996,36.388667265000038],[-93.778613060999987,36.380557172000067],[-93.783414574999938,36.372447067000053],[-93.788215589999936,36.364336951000041],[-93.793016106999971,36.356226824000032],[-93.797816125999987,36.348116686000026],[-93.802615646999982,36.340006537000079],[-93.807414670999947,36.331896377000078],[-93.812213196999949,36.323786206000079],[-93.817011225999977,36.315676024000027],[-93.821808757999975,36.307565831000034],[-93.826605793999988,36.299455627000043],[-93.831402331999982,36.291345412000055],[-93.836198374999981,36.28323518600007],[-93.840993920999949,36.275124948000041],[-93.84578897099999,36.267014700000061],[-93.85058352599998,36.258904441000027],[-93.855377583999939,36.250794171000052],[-93.860171147999949,36.242683889000034],[-93.864964215999976,36.234573597000065],[-93.86975678899995,36.226463294000041],[-93.874548867999977,36.218352980000077],[-93.879340451999951,36.210242654000069],[-93.884131540999988,36.202132318000054],[-93.888922136999952,36.194021970000051],[-93.893712237999978,36.185911612000041],[-93.898501844999942,36.177801243000033],[-93.903290958999946,36.169690862000039],[-93.908079579999992,36.161580471000036],[-93.912867706999975,36.153470068000047],[-93.917655340999943,36.14535965500005],[-93.922442481999951,36.137249231000055],[-93.92722913099999,36.129138795000074],[-93.932015286999956,36.121028349000028],[-93.936800951999942,36.112917891000052],[-93.941586123999969,36.104807423000068],[-93.946370803999969,36.09669694300004],[-93.951154991999942,36.088586453000062],[-93.955938688999936,36.080475951000039],[-93.960721894999949,36.072365439000066],[-93.965504609999982,36.064254915000049],[-93.970286833999978,36.056144381000024],[-93.975068566999937,36.048033835000069],[-93.979849809999962,36.03992327900005],[-93.984630562999939,36.031812711000043],[-93.989410824999936,36.023702133000029],[-93.994190597999989,36.015591544000074],[-93.998969880999937,36.007480943000076],[-94.003748673999951,35.999370332000069],[-94.008526977999963,35.991259709000076],[-94.013304793999964,35.983149076000075],[-94.018082119999974,35.975038432000076],[-94.022858956999983,35.966927776000034],[-94.027635305999979,35.958817110000041],[-94.032411166999964,35.950706432000061],[-94.037186538999947,35.942595744000073],[-94.041961423999965,35.934485045000031],[-94.04673582099997,35.926374335000048],[-94.051509729999964,35.918263613000079],[-94.056283151999992,35.910152881000045],[-94.06105608699994,35.90204213800007],[-94.06582853499998,35.893931384000041],[-94.07060049599994,35.885820618000025],[-94.075371969999935,35.877709842000058],[-94.080142958999943,35.869599055000037],[-94.084913460999985,35.861488257000076],[-94.089683476999937,35.85337744800006],[-94.09445300699997,35.845266628000047],[-94.099222051999959,35.837155797000037],[-94.103990610999972,35.829044955000029],[-94.108758684999941,35.820934102000024],[-94.11352627399998,35.812823238000078],[-94.118293377999976,35.804712363000078],[-94.123059997999974,35.796601477000024],[-94.127826132999985,35.78849058000003],[-94.132591783999942,35.780379672000038],[-94.137356950999958,35.772268754000038],[-94.142121633999977,35.764157824000051],[-94.146885833999988,35.756046883000067],[-94.151649549999945,35.747935932000075],[-94.156412782999951,35.73982496900004],[-94.161175531999959,35.731713995000064],[-94.165937798999948,35.72360301100008],[-94.170699582999987,35.715492015000052],[-94.17546088499995,35.707381009000073],[-94.180221703999962,35.69926999200004],[-94.184982040999955,35.691158963000078],[-94.189741895999987,35.68304792400005],[-94.194501269999989,35.674936874000025],[-94.199260161999973,35.666825813000059],[-94.204018572999985,35.65871474000005],[-94.208776501999978,35.650603657000033],[-94.213533950999988,35.642492563000076],[-94.21829091799998,35.634381458000064],[-94.223047405999978,35.626270342000055],[-94.227803412999947,35.618159215000048],[-94.232558938999944,35.610048078000034],[-94.237313985999947,35.601936929000033],[-94.242068552999967,35.593825769000034],[-94.246822639999948,35.585714599000028],[-94.251576247999935,35.577603417000034],[-94.25632937599994,35.569492225000033],[-94.26108202599994,35.561381021000045],[-94.265834196999947,35.553269807000049],[-94.27058588899996,35.545158581000067],[-94.27533710199998,35.537047345000076],[-94.280087837999986,35.528936098000031],[-94.284838094999941,35.520824840000046],[-94.289587873999949,35.512713571000063],[-94.294337175999942,35.504602291000026],[-94.299085999999988,35.496491000000049]]},"properties":{"OID":4,"Product_Type_i":"Raw","From_ID":"Farm2","From_Node":"Golden Valley Poultry","From_City_Area":"Near Springfield","From_State":"MO","From_Latitude":37.280709999999999,"From_Longitude":-93.242500000000007,"Product_Type_j":" Raw","To_ID":"Processor6","To_Node":"Fort Smith Regional Processor","To_City_Area":"Fort Smith","To_State":"AR","To_Latitude":35.496490999999999,"To_Longitude":-94.299086000000003,"Quantity":4000,"ORIG_FID":4,"Shape_Length":2.0736075653149424}},{"type":"Feature","id":5,"geometry":{"type":"LineString","coordinates":[[-89.014179999999953,38.017080000000078],[-89.017132846999971,38.025771129000077],[-89.020086041999946,38.034462244000053],[-89.023039586999971,38.043153347000043],[-89.025993480999944,38.051844437000057],[-89.028947723999977,38.060535514000037],[-89.031902315999957,38.069226578000041],[-89.034857257999988,38.077917630000059],[-89.037812549999956,38.086608668000054],[-89.040768191999973,38.095299694000062],[-89.043724182999938,38.103990706000047],[-89.046680524999942,38.112681706000046],[-89.04963721699994,38.121372693000069],[-89.052594259999978,38.130063667000059],[-89.055551652999952,38.138754628000072],[-89.058509397999956,38.147445576000052],[-89.061467492999952,38.156136512000046],[-89.064425938999989,38.164827434000074],[-89.067384735999951,38.173518343000069],[-89.070343884999943,38.182209240000077],[-89.073303384999974,38.190900124000052],[-89.076263236999978,38.199590995000051],[-89.079223440999954,38.208281853000074],[-89.082183996999959,38.216972698000063],[-89.085144904999936,38.225663530000077],[-89.088106165999989,38.234354349000057],[-89.091067778999957,38.243045155000061],[-89.094029743999954,38.251735949000079],[-89.09699206199997,38.260426729000073],[-89.099954732999947,38.269117497000025],[-89.102917756999943,38.277808251000067],[-89.105881134999947,38.286498993000066],[-89.10884486599997,38.295189722000032],[-89.111808949999954,38.303880438000078],[-89.114773387999946,38.312571141000035],[-89.117738179999947,38.321261831000072],[-89.120703324999965,38.329952508000076],[-89.123668824999982,38.338643173000037],[-89.126634678999949,38.347333824000032],[-89.12960088799997,38.35602446300004],[-89.132567450999943,38.364715088000025],[-89.13553436899997,38.373405701000024],[-89.138501641999937,38.382096301000047],[-89.141469269999959,38.390786888000036],[-89.144437252999978,38.39947746100006],[-89.147405590999938,38.408168022000041],[-89.150374284999941,38.416858570000045],[-89.153343334999988,38.425549106000062],[-89.156312739999976,38.434239628000057],[-89.15928250199994,38.442930137000076],[-89.162252618999958,38.451620634000051],[-89.165223092999952,38.46031111700006],[-89.16819392299999,38.469001587000037],[-89.171165109999947,38.477692045000026],[-89.174136652999948,38.48638249000004],[-89.177108553999972,38.49507292100003],[-89.180080810999982,38.503763340000035],[-89.183053425999958,38.512453746000062],[-89.186026397999967,38.521144139000057],[-89.188999726999953,38.529834519000076],[-89.19197341399996,38.538524886000062],[-89.194947458999991,38.547215240000071],[-89.197921861999987,38.555905582000037],[-89.200896622999949,38.564595910000037],[-89.20387174199999,38.573286225000061],[-89.206847219999986,38.581976528000041],[-89.209823055999948,38.590666817000056],[-89.212799251999968,38.599357093000037],[-89.215775804999964,38.608047357000032],[-89.218752717999962,38.616737608000051],[-89.221729990999961,38.625427845000047],[-89.224707621999983,38.634118070000056],[-89.227685612999949,38.642808282000033],[-89.230663963999973,38.651498481000033],[-89.233642674999942,38.660188667000057],[-89.236621744999979,38.668878840000048],[-89.239601175999951,38.677569000000062],[-89.242580966999981,38.686259147000044],[-89.245561117999955,38.694949281000049],[-89.248541629999977,38.703639402000078],[-89.25152250299999,38.712329510000075],[-89.254503735999947,38.721019606000027],[-89.257485330999941,38.729709688000071],[-89.260467286999983,38.738399757000025],[-89.263449603999959,38.747089814000049],[-89.266432282999972,38.75577985700005],[-89.269415323999965,38.764469888000065],[-89.272398725999949,38.773159905000057],[-89.275382490999959,38.781849910000062],[-89.278366616999961,38.790539901000045],[-89.281351105999988,38.799229880000041],[-89.284335956999939,38.807919846000061],[-89.287321170999974,38.816609799000048],[-89.290306747999978,38.825299738000069],[-89.293292687999951,38.833989665000047],[-89.296278990999951,38.842679579000048],[-89.299265656999978,38.851369480000074],[-89.302252685999974,38.860059368000066],[-89.305240078999987,38.868749243000025],[-89.308227835999958,38.877439105000065],[-89.311215955999955,38.886128954000071],[-89.314204440999958,38.894818790000045],[-89.317193289999977,38.903508613000042],[-89.320182502999955,38.912198423000063],[-89.323172080999939,38.920888220000052],[-89.326162022999938,38.929578005000053],[-89.329152330999989,38.938267776000032],[-89.332143002999942,38.946957534000035],[-89.335134039999957,38.955647279000061],[-89.338125442999967,38.964337012000044],[-89.341117210999982,38.973026731000061],[-89.344109344999936,38.981716437000046],[-89.347101843999951,38.990406131000043],[-89.350094708999961,38.999095811000075],[-89.353087940999956,39.007785478000073],[-89.356081538999945,39.016475133000029],[-89.359075502999985,39.025164774000075],[-89.362069833999954,39.033854403000078],[-89.365064530999973,39.042544018000058],[-89.368059594999977,39.051233621000051],[-89.371055026999954,39.059923210000079],[-89.374050824999983,39.068612787000063],[-89.377046990999986,39.077302350000025],[-89.380043524999962,39.085991901000057],[-89.38304042599998,39.094681438000066],[-89.38603769499997,39.103370963000032],[-89.389035330999945,39.112060475000078],[-89.392033336999987,39.120749973000045],[-89.395031709999955,39.129439459000025],[-89.398030451999944,39.13812893100004],[-89.401029561999962,39.146818391000068],[-89.404029041999991,39.155507838000062],[-89.407028889999935,39.164197271000035],[-89.410029106999957,39.172886692000077],[-89.413029693999988,39.181576100000029],[-89.416030649999982,39.190265494000073],[-89.419031974999939,39.198954876000073],[-89.422033670999951,39.20764424500004],[-89.425035735999984,39.216333600000041],[-89.428038170999969,39.225022943000056],[-89.431040976999952,39.233712273000037],[-89.434044151999956,39.242401589000053],[-89.437047698999947,39.251090893000026],[-89.440051615999948,39.259780184000078],[-89.443055903999948,39.268469461000052],[-89.446060562999946,39.277158726000039],[-89.449065592999943,39.285847978000049],[-89.452070994999985,39.294537216000037],[-89.455076767999969,39.303226442000039],[-89.458082912999942,39.311915654000074],[-89.461089428999969,39.320604854000067],[-89.464096317999974,39.329294041000026],[-89.467103578999968,39.337983214000076],[-89.470111211999949,39.346672375000026],[-89.473119216999976,39.355361523000056],[-89.47612759499998,39.364050657000064],[-89.479136345999962,39.372739779000028],[-89.482145469999978,39.381428887000027],[-89.485154966999971,39.390117983000039],[-89.488164837999989,39.398807065000028],[-89.491175080999938,39.407496135000031],[-89.494185698999956,39.416185191000068],[-89.497196689999953,39.424874235000061],[-89.500208054999973,39.433563265000032],[-89.503219793999961,39.442252283000073],[-89.506231906999972,39.450941287000035],[-89.509244394999939,39.459630279000066],[-89.512257257999977,39.468319257000076],[-89.515270494999982,39.477008222000052],[-89.518284106999943,39.485697175000041],[-89.521298093999974,39.494386114000065],[-89.524312455999961,39.503075040000056],[-89.527327193999952,39.51176395400006],[-89.530342306999955,39.520452854000041],[-89.533357795999962,39.529141741000046],[-89.536373660999971,39.537830615000075],[-89.539389900999936,39.546519476000071],[-89.54240651899994,39.555208325000081],[-89.545423511999957,39.563897160000067],[-89.548440881999966,39.572585982000078],[-89.551458627999978,39.581274791000055],[-89.554476751999971,39.589963587000057],[-89.557495251999967,39.598652370000025],[-89.560514129999945,39.607341140000074],[-89.563533384999971,39.616029897000033],[-89.566553017999979,39.624718641000072],[-89.569573027999979,39.633407371000033],[-89.572593415999961,39.642096089000063],[-89.575614181999981,39.65078479400006],[-89.578635325999983,39.659473486000024],[-89.581656848999955,39.668162165000069],[-89.584678749999966,39.676850830000035],[-89.587701028999959,39.685539483000071],[-89.590723687999969,39.694228122000027],[-89.59374672499996,39.702916749000053],[-89.596770141999968,39.711605363000047],[-89.599793937999948,39.720293963000074],[-89.602818112999955,39.728982550000069],[-89.60584266799998,39.737671125000077],[-89.608867602999965,39.746359686000062],[-89.611892917999967,39.755048235000061],[-89.614918612999986,39.763736770000037],[-89.617944687999966,39.772425292000037],[-89.620971142999963,39.78111380100006],[-89.623997979999956,39.789802297000051],[-89.627025196999966,39.798490780000066],[-89.630052794999983,39.807179250000047],[-89.63308077399995,39.815867707000052],[-89.63610913499997,39.824556151000024],[-89.63913787599995,39.833244582000077],[-89.642166999999972,39.84193300000004]]},"properties":{"OID":5,"Product_Type_i":"Raw","From_ID":"Farm3","From_Node":"Heartland Poultry Co.","From_City_Area":"Southern Illinois","From_State":"IL","From_Latitude":38.01708,"From_Longitude":-89.014179999999996,"Product_Type_j":" Raw","To_ID":"Processor1","To_Node":"Springfield Processor","To_City_Area":"Springfield","To_State":"IL","To_Latitude":39.841932999999997,"To_Longitude":-89.642167000000001,"Quantity":4000,"ORIG_FID":5,"Shape_Length":1.9298901305251375}},{"type":"Feature","id":6,"geometry":{"type":"LineString","coordinates":[[-89.014179999999953,38.017080000000078],[-89.024477004999937,38.020819545000052],[-89.034774533999951,38.024559087000057],[-89.045072585999947,38.028298626000037],[-89.055371161999972,38.032038164000028],[-89.06567026099998,38.03577769900005],[-89.07596988399996,38.039517231000048],[-89.08627002999998,38.043256762000055],[-89.096570700999962,38.046996289000049],[-89.106871894999983,38.050735815000053],[-89.117173613999967,38.054475338000032],[-89.12747585599999,38.058214859000032],[-89.137778622999974,38.061954377000063],[-89.148081913999988,38.065693893000059],[-89.158385729999964,38.06943340600003],[-89.168690069999968,38.073172918000068],[-89.178994934999935,38.076912426000035],[-89.189300324999977,38.08065193300007],[-89.199606238999991,38.084391437000079],[-89.209912678999956,38.088130938000063],[-89.22021964299995,38.091870438000058],[-89.230527132999953,38.095609934000038],[-89.240835147999974,38.099349429000029],[-89.251143687999956,38.103088921000051],[-89.261452752999958,38.106828411000038],[-89.271762343999967,38.110567898000056],[-89.282072460999984,38.114307383000039],[-89.292383103999953,38.118046865000053],[-89.30269427199994,38.121786345000032],[-89.313005965999935,38.125525823000032],[-89.323318185999938,38.129265298000064],[-89.333630931999949,38.13300477100006],[-89.343944204999957,38.136744242000077],[-89.354258003999973,38.140483710000069],[-89.364572328999941,38.144223176000025],[-89.374887179999973,38.14796263900007],[-89.385202558999936,38.15170210000008],[-89.395518462999974,38.155441559000053],[-89.405834894999941,38.159181015000058],[-89.416151853999963,38.162920469000028],[-89.426469338999937,38.166659921000075],[-89.436787351999953,38.170399370000041],[-89.447105891999968,38.174138816000038],[-89.457424958999979,38.177878261000046],[-89.467744552999989,38.181617703000029],[-89.478064674999985,38.185357142000043],[-89.488385324999967,38.189096579000079],[-89.498706501999948,38.192836014000079],[-89.509028206999972,38.196575447000043],[-89.519350439999982,38.200314877000039],[-89.52967320099998,38.204054304000067],[-89.539996488999975,38.207793729000059],[-89.550320305999946,38.211533152000072],[-89.560644651999951,38.21527257300005],[-89.570969524999953,38.219011991000059],[-89.581294926999988,38.222751406000043],[-89.591620857999942,38.226490820000038],[-89.60194731699994,38.230230230000075],[-89.612274304999971,38.233969639000065],[-89.622601821999979,38.237709045000031],[-89.632929867999962,38.241448449000075],[-89.64325844199999,38.245187850000036],[-89.653587545999983,38.248927249000076],[-89.663917178999952,38.25266664600008],[-89.674247341999944,38.256406040000059],[-89.684578033999969,38.260145432000058],[-89.69490925499997,38.263884821000033],[-89.705241005999937,38.267624208000029],[-89.715573286999984,38.271363593000046],[-89.725906097999939,38.275102975000038],[-89.736239437999984,38.278842355000052],[-89.746573308999984,38.28258173200004],[-89.756907708999961,38.286321107000049],[-89.767242639999949,38.290060480000079],[-89.77757810199995,38.293799850000028],[-89.787914092999983,38.297539218000054],[-89.798250614999972,38.301278583000055],[-89.808587667999973,38.305017946000078],[-89.818925250999939,38.308757307000064],[-89.829263365999964,38.312496665000026],[-89.839602010999954,38.316236021000066],[-89.849941186999956,38.31997537500007],[-89.86028089399997,38.323714726000048],[-89.87062113199994,38.327454075000048],[-89.880961901999967,38.33119342100008],[-89.89130320299995,38.334932765000076],[-89.901645035999991,38.338672107000036],[-89.911987399999987,38.342411446000028],[-89.922330295999984,38.346150783000041],[-89.932673723999983,38.349890117000029],[-89.943017682999937,38.353629449000039],[-89.953362174999938,38.357368779000069],[-89.963707197999952,38.361108106000074],[-89.974052753999956,38.364847431000044],[-89.984398841999962,38.368586753000045],[-89.994745462999958,38.372326073000067],[-90.005092614999967,38.376065391000054],[-90.015440300999956,38.379804706000073],[-90.025788518999946,38.383544019000055],[-90.036137269999983,38.387283330000059],[-90.046486553999955,38.391022638000038],[-90.056836370999974,38.394761944000038],[-90.067186720999985,38.39850124700007],[-90.077537603999986,38.402240548000066],[-90.087889019999977,38.405979846000037],[-90.098240969999949,38.409719142000029],[-90.108593452999969,38.413458436000042],[-90.118946469999969,38.417197728000076],[-90.12930001999996,38.420937017000028],[-90.139654103999987,38.424676303000069],[-90.150008721999939,38.428415587000075],[-90.160363873999984,38.432154869000044],[-90.170719559999952,38.435894149000035],[-90.181075779999958,38.439633426000057],[-90.19143253499999,38.443372700000054],[-90.201789823999945,38.447111972000073],[-90.212147646999938,38.450851242000056],[-90.222506004999957,38.45459051000006],[-90.232864896999956,38.458329775000038],[-90.243224323999982,38.462069037000049],[-90.253584285999978,38.46580829800007],[-90.263944783999989,38.469547555000076],[-90.27430581599998,38.473286811000037],[-90.284667382999942,38.477026064000029],[-90.295029484999986,38.480765315000042],[-90.30539212299999,38.48450456300003],[-90.315755295999963,38.488243809000039],[-90.326119004999953,38.49198305200008],[-90.336483249999958,38.495722293000028],[-90.34684802999999,38.499461532000055],[-90.35721334599998,38.503200768000056],[-90.367579197999987,38.506940002000078],[-90.377945585999953,38.510679234000065],[-90.388312509999935,38.514418463000027],[-90.398679970999979,38.518157690000066],[-90.409047966999935,38.521896914000024],[-90.419416500999944,38.52563613600006],[-90.429785569999979,38.52937535600006],[-90.440155176999951,38.533114573000034],[-90.45052531999994,38.53685378800003],[-90.460895999999991,38.540593000000058]]},"properties":{"OID":6,"Product_Type_i":"Raw","From_ID":"Farm3","From_Node":"Heartland Poultry Co.","From_City_Area":"Southern Illinois","From_State":"IL","From_Latitude":38.01708,"From_Longitude":-89.014179999999996,"Product_Type_j":" Raw","To_ID":"Processor2","To_Node":"St. Louis Processing Facility","To_City_Area":"St. Louis","To_State":"MO","To_Latitude":38.540593000000001,"To_Longitude":-90.460896000000005,"Quantity":55000,"ORIG_FID":6,"Shape_Length":1.5385233547705666}},{"type":"Feature","id":7,"geometry":{"type":"LineString","coordinates":[[-89.014179999999953,38.017080000000078],[-89.015024423999989,38.026040821000038],[-89.015868950999959,38.035001628000032],[-89.016713580999976,38.04396242200005],[-89.017558313999984,38.052923201000056],[-89.018403149999983,38.061883968000075],[-89.019248088999973,38.070844720000025],[-89.020093130999953,38.079805459000056],[-89.020938275999981,38.088766184000065],[-89.021783524999989,38.097726895000051],[-89.022628875999942,38.106687593000061],[-89.023474330999989,38.115648277000048],[-89.024319888999969,38.12460894700007],[-89.02516554999994,38.133569603000069],[-89.026011314999948,38.142530246000035],[-89.026857183999937,38.151490875000036],[-89.027703154999983,38.16045149100006],[-89.028549230999943,38.169412092000073],[-89.02939540999995,38.178372680000052],[-89.030241691999947,38.187333255000055],[-89.031088078999971,38.196293815000047],[-89.031934568999986,38.205254362000062],[-89.032781161999935,38.214214895000055],[-89.033627859999967,38.223175415000071],[-89.03447466099999,38.232135920000076],[-89.035321566999983,38.241096412000047],[-89.036168575999966,38.250056891000042],[-89.037015688999986,38.259017355000026],[-89.037862906999976,38.267977806000033],[-89.038710227999957,38.276938243000075],[-89.039557652999974,38.285898667000026],[-89.040405182999962,38.29485907600008],[-89.041252816999986,38.303819472000043],[-89.04210055499999,38.312779855000031],[-89.042948397999965,38.321740223000063],[-89.043796344999976,38.330700578000062],[-89.044644395999967,38.339660919000039],[-89.045492551999985,38.34862124600005],[-89.046340812999972,38.357581560000028],[-89.04718917699995,38.366541860000041],[-89.048037646999944,38.375502146000031],[-89.048886220999975,38.384462418000055],[-89.049734899999976,38.393422677000046],[-89.050583682999957,38.402382922000072],[-89.051432571999953,38.411343153000075],[-89.052281564999987,38.420303371000045],[-89.05313066299999,38.429263574000061],[-89.053979865999963,38.438223764000043],[-89.054829173999963,38.447183941000048],[-89.055678586999989,38.456144103000042],[-89.056528104999984,38.46510425200006],[-89.057377727999949,38.474064387000055],[-89.058227456999987,38.483024508000028],[-89.059077289999948,38.491984616000025],[-89.059927228999982,38.500944710000056],[-89.060777272999985,38.509904790000064],[-89.061627422999948,38.51886485600005],[-89.062477677999937,38.527824908000071],[-89.063328037999952,38.536784947000058],[-89.064178503999983,38.54574497200008],[-89.065029074999984,38.554704984000068],[-89.065879751999944,38.563664981000045],[-89.066730533999987,38.572624965000045],[-89.067581422999979,38.58158493500008],[-89.06843241699994,38.590544891000036],[-89.069283515999985,38.599504834000072],[-89.070134721999978,38.608464763000029],[-89.07098603299994,38.617424678000077],[-89.071837450999965,38.626384579000046],[-89.072688973999959,38.635344467000039],[-89.073540602999969,38.644304340000076],[-89.074392337999939,38.653264200000081],[-89.07524417999997,38.662224047000052],[-89.076096126999971,38.671183879000068],[-89.076948180999977,38.680143698000052],[-89.077800340999943,38.689103503000069],[-89.07865260799997,38.698063294000065],[-89.079504979999967,38.707023071000037],[-89.08035745899997,38.715982835000034],[-89.081210044999978,38.724942585000065],[-89.082062736999944,38.733902321000073],[-89.082915534999984,38.742862043000059],[-89.083768439999972,38.751821752000069],[-89.084621451999965,38.760781447000056],[-89.085474569999974,38.769741128000078],[-89.086327794999988,38.778700795000077],[-89.087181126999951,38.787660449000043],[-89.088034564999987,38.796620088000054],[-89.08888811099996,38.805579714000032],[-89.08974176299995,38.814539326000045],[-89.09059552299999,38.823498925000024],[-89.09144938899999,38.832458509000048],[-89.092303361999939,38.841418080000039],[-89.093157442999939,38.850377637000065],[-89.094011629999954,38.859337180000068],[-89.094865924999965,38.868296710000038],[-89.095720326999981,38.877256226000043],[-89.096574836999935,38.886215727000035],[-89.097429452999961,38.895175216000041],[-89.098284176999982,38.904134690000035],[-89.099139008999941,38.913094150000063],[-89.099993947999963,38.922053597000058],[-89.100848993999989,38.931013030000031],[-89.101704147999953,38.939972449000038],[-89.102559409999969,38.948931855000069],[-89.103414778999991,38.957891246000031],[-89.10427025599995,38.966850624000074],[-89.10512584099996,38.975809988000037],[-89.105981533999966,38.984769338000035],[-89.106837333999977,38.993728675000057],[-89.107693242999972,39.002687997000066],[-89.108549258999972,39.011647306000043],[-89.109405382999967,39.020606601000054],[-89.110261615999946,39.029565882000043],[-89.111117955999987,39.038525150000055],[-89.111974404999955,39.047484403000055],[-89.112830961999975,39.05644364300008],[-89.11368762699999,39.065402869000025],[-89.114544400999989,39.074362081000061],[-89.115401281999937,39.083321280000064],[-89.116258271999982,39.092280464000055],[-89.117115370999954,39.10123963500007],[-89.117972577999979,39.110198792000062],[-89.118829893999987,39.119157935000032],[-89.11968731799999,39.128117065000026],[-89.120544850999977,39.137076180000065],[-89.121402491999959,39.146035282000071],[-89.122260242999971,39.154994370000054],[-89.123118101999978,39.163953444000072],[-89.123976069999969,39.172912504000067],[-89.124834145999955,39.181871551000029],[-89.125692331999971,39.190830584000025],[-89.126550626999972,39.199789603000056],[-89.127409029999967,39.208748608000064],[-89.128267542999936,39.21770759900005],[-89.129126164999946,39.226666576000071],[-89.129984895999939,39.235625540000058],[-89.130843735999974,39.244584490000079],[-89.131702684999937,39.253543426000078],[-89.132561743999986,39.262502348000055],[-89.133420911999963,39.271461256000066],[-89.13428018999997,39.280420151000044],[-89.135139576999961,39.289379031000067],[-89.135999073999983,39.298337898000057],[-89.136858679999989,39.307296751000024],[-89.137718394999979,39.316255590000026],[-89.138578220999989,39.325214416000051],[-89.139438155999983,39.334173227000065],[-89.14029820099995,39.343132025000045],[-89.141158354999959,39.35209080900006],[-89.142018619999988,39.361049579000053],[-89.142878993999943,39.37000833500008],[-89.143739477999986,39.378967077000027],[-89.144600072999935,39.387925806000055],[-89.145460776999982,39.396884521000061],[-89.146321590999946,39.405843222000044],[-89.147182515999987,39.414801909000062],[-89.148043550999944,39.423760582000057],[-89.148904695999988,39.432719241000029],[-89.149765950999949,39.441677887000026],[-89.150627316999987,39.450636518000067],[-89.151488792999942,39.459595136000075],[-89.152350378999984,39.468553740000061],[-89.153212075999988,39.477512330000025],[-89.154073883999956,39.486470907000069],[-89.154935801999954,39.495429469000044],[-89.155797830999973,39.504388018000043],[-89.156659969999964,39.513346553000076],[-89.157522220999965,39.52230507400003],[-89.15838458199994,39.531263581000076],[-89.159247052999945,39.540222074000042],[-89.160109635999959,39.549180553000042],[-89.160972329999936,39.558139019000066],[-89.161835133999944,39.567097471000068],[-89.16269804999996,39.576055908000058],[-89.16356107699994,39.585014332000071],[-89.164424213999951,39.593972743000052],[-89.16528746399996,39.602931139000077],[-89.166150823999942,39.61188952100008],[-89.167014294999944,39.62084789000005],[-89.167877877999956,39.629806245000054],[-89.168741572999977,39.638764585000047],[-89.169605377999972,39.647722913000052],[-89.170469294999975,39.656681226000046],[-89.171333323999988,39.665639525000074],[-89.172197463999964,39.67459781000008],[-89.17306171599995,39.683556082000052],[-89.173926079999944,39.692514340000059],[-89.174790554999959,39.701472584000044],[-89.175655141999982,39.710430814000063],[-89.176519840999958,39.719389030000059],[-89.177384651999944,39.728347232000033],[-89.178249574999938,39.737305420000041],[-89.179114609999942,39.746263595000073],[-89.179979755999966,39.755221756000026],[-89.180845014999989,39.76417990200008],[-89.181710385999963,39.773138035000045],[-89.182575868999947,39.782096154000044],[-89.183441464999987,39.791054260000067],[-89.18430717199999,39.800012351000078],[-89.185172991999991,39.808970428000066],[-89.186038924999991,39.817928492000078],[-89.186904969999944,39.826886542000068],[-89.187771126999962,39.835844578000035],[-89.18863739699998,39.844802600000037],[-89.189503778999949,39.853760608000073],[-89.190370273999974,39.862718602000029],[-89.191236881999941,39.871676582000077],[-89.192103601999975,39.880634549000035],[-89.192970435999939,39.889592501000038],[-89.19383738199997,39.898550440000065],[-89.194704440999942,39.907508365000069],[-89.19557161299997,39.916466276000051],[-89.19643889799994,39.925424173000067],[-89.197306294999976,39.934382056000061],[-89.198173805999943,39.943339925000032],[-89.199041430999955,39.952297781000027],[-89.199909167999976,39.961255622000067],[-89.200777018999986,39.970213450000074],[-89.201644981999948,39.979171264000058],[-89.202513059999944,39.988129064000077],[-89.20338124999995,39.997086850000073],[-89.204249553999944,40.006044622000047],[-89.205117971999982,40.015002380000055],[-89.205986502999963,40.023960124000041],[-89.206855147999988,40.032917855000051],[-89.207723905999956,40.041875571000048],[-89.208592777999968,40.05083327400007],[-89.209461763999968,40.059790963000069],[-89.210330862999967,40.068748637000056],[-89.211200076999944,40.077706298000066],[-89.212069403999976,40.086663946000044],[-89.21293884499994,40.095621579000067],[-89.213808400999937,40.104579198000067],[-89.214678069999991,40.113536803000045],[-89.215547852999975,40.122494395000047],[-89.216417750999938,40.131451973000026],[-89.217287762999945,40.14040953600005],[-89.21815788899994,40.149367086000041],[-89.21902812899998,40.158324622000066],[-89.219898483999941,40.167282144000069],[-89.220768952999947,40.176239652000049],[-89.221639536999987,40.185197146000064],[-89.222510234999959,40.194154627000046],[-89.223381046999975,40.203112093000072],[-89.224251974999959,40.212069545000077],[-89.225123016999987,40.221026984000048],[-89.225994172999947,40.229984409000053],[-89.226865444999987,40.238941819000047],[-89.227736830999959,40.247899216000064],[-89.228608331999965,40.256856599000059],[-89.229479947999948,40.265813968000032],[-89.230351678999966,40.274771324000028],[-89.231223524999962,40.283728665000069],[-89.232095485999935,40.292685992000031],[-89.232967562999988,40.301643305000027],[-89.233839753999973,40.310600605000047],[-89.234712060999982,40.319557891000045],[-89.235584482999968,40.328515162000031],[-89.236457019999989,40.33747242000004],[-89.237329672999977,40.346429664000027],[-89.238202440999942,40.355386894000048],[-89.239075324999988,40.364344110000047],[-89.239948323999954,40.373301312000081],[-89.240821438999944,40.382258500000034],[-89.241694668999969,40.39121567400008],[-89.24256801599995,40.400172835000035],[-89.243441476999976,40.409129981000035],[-89.244315054999959,40.418087114000059],[-89.245188748999965,40.427044232000071],[-89.246062557999949,40.43600133700005],[-89.246936483999946,40.444958428000064],[-89.247810524999977,40.453915504000065],[-89.248684682999965,40.462872567000034],[-89.249558955999987,40.471829616000036],[-89.250433345999966,40.480786651000074],[-89.251307851999968,40.489743672000031],[-89.252182474999984,40.49870068000007],[-89.253057212999977,40.50765767300004],[-89.253932067999983,40.516614652000044],[-89.254807039999946,40.525571618000072],[-89.255682127999989,40.534528569000031],[-89.256557331999943,40.543485507000071],[-89.257432652999967,40.552442430000042],[-89.258308090999947,40.561399340000037],[-89.259183644999951,40.570356236000066],[-89.260059315999968,40.579313118000073],[-89.260935103999941,40.588269986000057],[-89.261811008999985,40.597226839000029],[-89.262687030999984,40.606183679000026],[-89.263563168999951,40.615140506000046],[-89.264439424999978,40.624097318000054],[-89.265315797999961,40.633054116000039],[-89.266192287999957,40.642010900000059],[-89.267068894999966,40.650967671000046],[-89.267945618999988,40.659924427000078],[-89.268822459999967,40.668881169000031],[-89.269699418999949,40.677837898000064],[-89.270576494999943,40.686794613000075],[-89.271453688999941,40.695751313000073],[-89.272330999999951,40.704708000000039]]},"properties":{"OID":7,"Product_Type_i":"Raw","From_ID":"Farm3","From_Node":"Heartland Poultry Co.","From_City_Area":"Southern Illinois","From_State":"IL","From_Latitude":38.01708,"From_Longitude":-89.014179999999996,"Product_Type_j":" Raw","To_ID":"Processor5","To_Node":"Arthur Poultry Processing","To_City_Area":"Peoria","To_State":"IL","To_Latitude":40.704707999999997,"To_Longitude":-89.272330999999994,"Quantity":34687.429100000001,"ORIG_FID":7,"Shape_Length":2.6999989796511579}},{"type":"Feature","id":8,"geometry":{"type":"LineString","coordinates":[[-90.12301999999994,38.931370000000072],[-90.118676547999939,38.939648488000046],[-90.114332591999982,38.947926965000079],[-90.109988129999977,38.956205430000068],[-90.105643161999978,38.964483883000071],[-90.101297688999978,38.972762325000076],[-90.096951709999985,38.981040754000048],[-90.092605223999954,38.98931917200008],[-90.088258232999976,38.997597578000068],[-90.083910734999961,39.005875973000059],[-90.079562729999964,39.014154355000073],[-90.075214217999985,39.022432726000034],[-90.070865198999968,39.030711085000064],[-90.066515672999969,39.038989432000051],[-90.062165638999943,39.047267767000051],[-90.057815096999946,39.055546091000053],[-90.053464047999967,39.063824403000069],[-90.04911248999997,39.072102703000041],[-90.044760423999946,39.080380991000027],[-90.040407848999962,39.088659267000025],[-90.03605476499996,39.096937532000027],[-90.031701171999941,39.105215785000041],[-90.027347069999962,39.113494026000069],[-90.022992458999965,39.121772255000053],[-90.018637337999962,39.13005047300004],[-90.014281706999952,39.13832867800005],[-90.009925565999936,39.146606872000064],[-90.00556891399998,39.154885055000079],[-90.001211751999961,39.163163225000062],[-89.996854079999991,39.171441383000058],[-89.99249589599998,39.179719530000057],[-89.988137201999962,39.187997665000069],[-89.983777995999958,39.196275788000037],[-89.979418277999969,39.204553900000064],[-89.975058048999983,39.212831999000059],[-89.970697306999966,39.221110087000056],[-89.966336053999953,39.229388163000067],[-89.961974287999965,39.237666227000034],[-89.957612008999945,39.24594428000006],[-89.953249217999939,39.254222320000054],[-89.94888591299997,39.262500349000049],[-89.944522095999957,39.270778366000059],[-89.940157764999981,39.279056371000024],[-89.935792919999983,39.28733436400006],[-89.931427560999964,39.295612346000041],[-89.927061687999981,39.303890316000036],[-89.922695300999976,39.312168274000044],[-89.91832839999995,39.320446220000065],[-89.913960982999981,39.328724154000042],[-89.909593051999991,39.337002077000079],[-89.90522460599999,39.345279988000073],[-89.900855643999989,39.353557886000033],[-89.896486166999978,39.361835774000042],[-89.892116172999977,39.370113649000075],[-89.887745663999965,39.378391512000064],[-89.883374638999953,39.386669364000056],[-89.879003096999952,39.394947204000061],[-89.874631038999951,39.40322503200008],[-89.870258462999971,39.411502848000055],[-89.86588537099999,39.419780653000032],[-89.861511760999974,39.428058445000033],[-89.857137633999969,39.436336226000037],[-89.852762988999984,39.444613995000054],[-89.848387825999964,39.452891752000028],[-89.844012144999965,39.461169498000061],[-89.839635945999987,39.469447231000061],[-89.835259227999984,39.477724953000063],[-89.830881991999945,39.486002663000079],[-89.826504235999948,39.494280361000051],[-89.822125960999983,39.502558047000036],[-89.817747166999936,39.510835722000024],[-89.813367852999988,39.519113384000036],[-89.808988018999969,39.527391035000051],[-89.804607665999981,39.535668674000078],[-89.800226790999943,39.543946301000062],[-89.795845396999937,39.552223917000049],[-89.791463481999983,39.560501520000059],[-89.787081044999979,39.568779112000072],[-89.782698087999961,39.577056692000042],[-89.778314608999949,39.585334260000025],[-89.77393060899999,39.593611816000077],[-89.769546086999981,39.60188936000003],[-89.765161042999978,39.610166893000041],[-89.760775476999981,39.618444414000066],[-89.756389387999945,39.626721923000048],[-89.752002776999973,39.634999420000042],[-89.747615641999971,39.64327690500005],[-89.743227984999976,39.651554378000071],[-89.738839804999941,39.659831840000038],[-89.734451099999944,39.668109290000075],[-89.730061872999954,39.676386728000068],[-89.725672120999945,39.684664154000075],[-89.721281844999965,39.692941568000037],[-89.716891044999954,39.70121897000007],[-89.712499719999983,39.709496361000049],[-89.708107869999935,39.717773740000041],[-89.703715494999983,39.726051107000046],[-89.699322594999956,39.734328462000065],[-89.694929169999966,39.742605805000039],[-89.690535218999969,39.750883136000027],[-89.686140741999964,39.759160456000075],[-89.68174573899995,39.767437763000032],[-89.67735020899994,39.775715059000049],[-89.672954152999978,39.783992343000079],[-89.668557570999951,39.792269616000056],[-89.664160460999938,39.800546876000055],[-89.659762823999984,39.808824124000068],[-89.655364659999975,39.817101361000027],[-89.65096596799998,39.825378586000056],[-89.646566747999941,39.833655799000041],[-89.642166999999972,39.84193300000004]]},"properties":{"OID":8,"Product_Type_i":"Raw","From_ID":"Farm4","From_Node":"Mississippi River Farms","From_City_Area":"Near St. Louis","From_State":"MO","From_Latitude":38.931370000000001,"From_Longitude":-90.123019999999997,"Product_Type_j":" Raw","To_ID":"Processor1","To_Node":"Springfield Processor","To_City_Area":"Springfield","To_State":"IL","To_Latitude":39.841932999999997,"To_Longitude":-89.642167000000001,"Quantity":4000,"ORIG_FID":8,"Shape_Length":1.0297316111263959}},{"type":"Feature","id":9,"geometry":{"type":"LineString","coordinates":[[-90.12301999999994,38.931370000000072],[-90.129412112999944,38.923997092000036],[-90.135803563999957,38.916624174000049],[-90.142194352999979,38.909251247000043],[-90.14858448199999,38.901878310000029],[-90.154973949999942,38.894505365000043],[-90.161362756999949,38.887132410000049],[-90.167750903999945,38.879759445000047],[-90.174138390999985,38.872386472000073],[-90.180525217999957,38.865013488000045],[-90.186911384999974,38.857640496000045],[-90.193296892999967,38.850267494000036],[-90.199681741999939,38.842894483000066],[-90.206065931999944,38.835521463000077],[-90.212449462999984,38.828148433000024],[-90.218832335999991,38.820775394000066],[-90.225214550999965,38.813402346000032],[-90.231596106999973,38.806029288000047],[-90.237977006999984,38.798656221000044],[-90.244357247999972,38.791283145000079],[-90.250736832999962,38.78391005900005],[-90.257115759999976,38.776536964000059],[-90.263494030999937,38.769163859000059],[-90.269871644999967,38.761790746000031],[-90.276248602999942,38.754417623000052],[-90.282624904999977,38.747044490000064],[-90.289000551999948,38.739671349000048],[-90.295375542999977,38.73229819800008],[-90.301749877999953,38.724925037000048],[-90.308123558999966,38.717551868000044],[-90.314496583999983,38.710178689000031],[-90.32086895499998,38.702805500000068],[-90.327240671999959,38.695432303000075],[-90.333611734999977,38.688059096000075],[-90.339982143999976,38.680685880000055],[-90.346351898999956,38.673312654000028],[-90.352721000999964,38.66593941900004],[-90.359089449999942,38.658566175000033],[-90.365457245999949,38.651192921000074],[-90.371824388999983,38.643819658000041],[-90.378190879999977,38.636446386000046],[-90.384556717999942,38.629073105000032],[-90.390921904999971,38.621699814000067],[-90.397286439999959,38.614326514000027],[-90.403650323999955,38.606953204000035],[-90.410013555999967,38.599579886000072],[-90.416376137999976,38.592206557000054],[-90.422738067999944,38.584833220000064],[-90.429099347999966,38.577459873000066],[-90.435459977999983,38.57008651700005],[-90.44181995799994,38.562713152000072],[-90.448179287999949,38.555339777000029],[-90.454537968999944,38.547966393000024],[-90.460895999999991,38.540593000000058]]},"properties":{"OID":9,"Product_Type_i":"Raw","From_ID":"Farm4","From_Node":"Mississippi River Farms","From_City_Area":"Near St. Louis","From_State":"MO","From_Latitude":38.931370000000001,"From_Longitude":-90.123019999999997,"Product_Type_j":" Raw","To_ID":"Processor2","To_Node":"St. Louis Processing Facility","To_City_Area":"St. Louis","To_State":"MO","To_Latitude":38.540593000000001,"To_Longitude":-90.460896000000005,"Quantity":4000,"ORIG_FID":9,"Shape_Length":0.51659173500160915}},{"type":"Feature","id":10,"geometry":{"type":"LineString","coordinates":[[-90.12301999999994,38.931370000000072],[-90.119020165999984,38.939815752000072],[-90.115019855999947,38.948261492000029],[-90.111019072999966,38.956707220000055],[-90.10701781399996,38.965152936000038],[-90.103016079999975,38.973598639000045],[-90.099013870999954,38.982044330000065],[-90.095011186999955,38.990490009000041],[-90.09100802599994,38.998935676000031],[-90.087004389999947,39.007381330000044],[-90.083000277999986,39.01582697200007],[-90.078995688999953,39.024272602000053],[-90.074990623999952,39.03271821900006],[-90.070985081999936,39.041163825000069],[-90.066979062999962,39.049609418000045],[-90.062972567999964,39.058054998000046],[-90.058965593999972,39.066500567000048],[-90.054958143999954,39.074946123000075],[-90.050950214999943,39.083391667000058],[-90.046941808999975,39.091837199000054],[-90.042932923999956,39.100282718000074],[-90.03892356099999,39.10872822500005],[-90.034913719999963,39.117173720000039],[-90.030903399999943,39.125619202000053],[-90.026892600999986,39.134064673000069],[-90.022881322999979,39.142510131000051],[-90.018869565999978,39.150955577000047],[-90.014857328999938,39.159401010000067],[-90.010844611999971,39.167846431000044],[-90.006831415999955,39.176291840000033],[-90.002817738999966,39.184737237000036],[-89.998803581999937,39.193182621000062],[-89.994788943999936,39.201627993000045],[-89.990773825999952,39.210073353000041],[-89.986758226999939,39.21851870100005],[-89.982742145999964,39.226964036000027],[-89.97872558499995,39.235409359000073],[-89.974708540999984,39.243854670000076],[-89.970691015999989,39.252299968000045],[-89.966673008999976,39.260745254000028],[-89.962654519999944,39.269190528000024],[-89.958635548999951,39.277635790000033],[-89.954616094999949,39.286081039000067],[-89.950596157999939,39.294526276000056],[-89.946575737999979,39.302971501000059],[-89.942554834999953,39.311416713000028],[-89.938533448999976,39.319861913000068],[-89.934511578999945,39.328307101000064],[-89.930489224999974,39.336752277000073],[-89.926466387999938,39.345197440000049],[-89.922443065999971,39.353642591000039],[-89.918419259999951,39.362087730000042],[-89.914394968999943,39.370532856000068],[-89.910370193999938,39.378977970000051],[-89.906344932999957,39.387423072000047],[-89.902319186999989,39.395868162000056],[-89.898292955999977,39.404313239000032],[-89.89426623899999,39.412758304000079],[-89.890239036999958,39.421203357000024],[-89.886211347999961,39.429648397000051],[-89.882183172999987,39.438093425000034],[-89.878154511999981,39.44653844100003],[-89.874125363999951,39.45498344400005],[-89.870095728999956,39.463428435000026],[-89.866065607999985,39.471873414000072],[-89.862034998999945,39.480318381000075],[-89.85800390199995,39.488763335000044],[-89.85397231799999,39.497208277000027],[-89.84994024599996,39.50565320700008],[-89.845907685999975,39.514098124000043],[-89.841874636999989,39.522543029000076],[-89.837841100999981,39.530987922000065],[-89.833807074999982,39.539432802000078],[-89.82977256099997,39.547877671000037],[-89.825737556999968,39.556322526000031],[-89.821702063999965,39.564767370000027],[-89.81766608199996,39.573212201000047],[-89.813629609999964,39.58165702000008],[-89.809592647999978,39.590101827000069],[-89.805555195999943,39.598546621000025],[-89.801517253999975,39.606991403000052],[-89.79747882099997,39.615436173000035],[-89.793439896999985,39.623880930000041],[-89.789400482999952,39.632325675000061],[-89.785360576999949,39.640770408000037],[-89.781320179999966,39.649215128000037],[-89.777279290999957,39.65765983600005],[-89.773237909999978,39.666104532000077],[-89.769196037999961,39.674549216000059],[-89.765153672999986,39.682993887000066],[-89.761110815999984,39.691438546000029],[-89.757067465999967,39.699883192000073],[-89.753023623999979,39.708327826000072],[-89.748979287999987,39.716772448000029],[-89.744934458999978,39.725217058000055],[-89.740889136999954,39.733661655000049],[-89.736843320999981,39.742106240000055],[-89.732797011999935,39.750550812000029],[-89.728750207999951,39.758995373000062],[-89.724702909999962,39.767439921000062],[-89.720655116999978,39.775884456000028],[-89.716606829999989,39.784328980000055],[-89.712558047999948,39.792773491000048],[-89.70850876999998,39.801217989000065],[-89.70445899799995,39.809662476000028],[-89.700408729999936,39.818106950000072],[-89.696357965999937,39.826551411000025],[-89.692306705999954,39.834995861000039],[-89.688254949999987,39.843440298000075],[-89.684202697999979,39.851884722000079],[-89.68014994899994,39.860329135000029],[-89.676096702999985,39.868773535000059],[-89.672042960999988,39.877217923000046],[-89.667988720999972,39.885662298000057],[-89.663933983999982,39.89410666100008],[-89.659878748999972,39.90255101200006],[-89.655823015999943,39.910995350000064],[-89.65176678499995,39.919439676000025],[-89.647710056999983,39.927883990000055],[-89.643652828999961,39.936328291000052],[-89.639595102999976,39.944772580000063],[-89.635536877999982,39.953216857000029],[-89.631478153999979,39.961661121000077],[-89.627418930999966,39.970105373000081],[-89.623359207999954,39.978549613000041],[-89.619298984999944,39.986993840000025],[-89.615238262999981,39.995438055000079],[-89.611177039999973,40.003882258000033],[-89.607115316999966,40.012326448000067],[-89.603053092999971,40.020770626000058],[-89.598990368999978,40.029214792000062],[-89.59492714299995,40.037658945000032],[-89.59086341699998,40.046103086000073],[-89.586799188999976,40.054547215000071],[-89.582734458999937,40.062991331000035],[-89.578669227999967,40.071435435000069],[-89.574603493999973,40.07987952600007],[-89.570537258999991,40.088323606000074],[-89.566470519999939,40.096767672000055],[-89.562403278999966,40.105211727000039],[-89.558335535999959,40.113655769000047],[-89.554267288999938,40.122099799000068],[-89.55019853899995,40.130543816000056],[-89.54612928499995,40.138987822000047],[-89.542059526999935,40.147431814000072],[-89.537989265999954,40.155875795000043],[-89.53391849999997,40.164319763000037],[-89.529847229999973,40.172763719000045],[-89.525775454999973,40.181207662000077],[-89.52170317599996,40.189651593000065],[-89.517630391999944,40.198095512000066],[-89.513557101999936,40.206539418000034],[-89.509483306999982,40.214983312000072],[-89.505409005999979,40.223427193000077],[-89.501334198999984,40.231871063000028],[-89.497258885999941,40.24031491900007],[-89.493183066999961,40.248758764000058],[-89.48910674199999,40.25720259600007],[-89.485029908999991,40.265646416000038],[-89.480952569999943,40.27409022300003],[-89.47687472399997,40.282534018000035],[-89.472796369999969,40.290977801000054],[-89.468717507999941,40.299421572000028],[-89.464638138999987,40.307865329000037],[-89.46055826199995,40.316309075000049],[-89.456477875999951,40.324752808000028],[-89.452396981999982,40.333196529000077],[-89.448315579999985,40.341640238000025],[-89.444233667999981,40.350083934000054],[-89.44015124799995,40.358527618000039],[-89.436068317999968,40.366971289000048],[-89.43198487799998,40.375414948000071],[-89.427900928999975,40.383858595000049],[-89.423816469999963,40.392302229000052],[-89.419731500999944,40.400745851000067],[-89.415646020999986,40.40918946100004],[-89.411560030999965,40.417633058000035],[-89.407473528999958,40.426076643000044],[-89.403386516999944,40.434520215000077],[-89.399298993999935,40.442963776000056],[-89.39521095899994,40.451407323000069],[-89.391122411999959,40.459850859000028],[-89.387033353999982,40.468294382000067],[-89.382943782999973,40.476737892000074],[-89.378853699999979,40.485181391000026],[-89.374763104999943,40.493624876000069],[-89.370671995999942,40.502068350000059],[-89.366580374999955,40.510511811000072],[-89.362488240999937,40.518955260000041],[-89.358395592999955,40.527398696000034],[-89.354302430999951,40.535842120000041],[-89.350208755999972,40.54428553200006],[-89.346114565999983,40.552728931000047],[-89.342019862999962,40.561172318000047],[-89.337924643999941,40.56961569200007],[-89.333828910999955,40.57805905500004],[-89.329732662999959,40.586502404000043],[-89.325635899999952,40.59494574200005],[-89.321538621999935,40.60338906700008],[-89.317440827999974,40.611832379000077],[-89.313342517999956,40.620275679000031],[-89.309243691999939,40.628718967000054],[-89.305144348999988,40.637162243000034],[-89.301044490999971,40.645605506000038],[-89.296944114999974,40.654048756000066],[-89.292843222999977,40.66249199400005],[-89.288741813999991,40.670935220000047],[-89.284639886999969,40.679378434000057],[-89.280537441999968,40.687821635000034],[-89.276434479999978,40.696264824000025],[-89.272330999999951,40.704708000000039]]},"properties":{"OID":10,"Product_Type_i":"Raw","From_ID":"Farm4","From_Node":"Mississippi River Farms","From_City_Area":"Near St. Louis","From_State":"MO","From_Latitude":38.931370000000001,"From_Longitude":-90.123019999999997,"Product_Type_j":" Raw","To_ID":"Processor5","To_Node":"Arthur Poultry Processing","To_City_Area":"Peoria","To_State":"IL","To_Latitude":40.704707999999997,"To_Longitude":-89.272330999999994,"Quantity":4000,"ORIG_FID":10,"Shape_Length":1.9668331418956186}},{"type":"Feature","id":11,"geometry":{"type":"LineString","coordinates":[[-90.156569999999988,38.525470000000041],[-90.153238708999936,38.53407530000004],[-90.149907021999979,38.542680588000053],[-90.146574936999968,38.551285863000032],[-90.14324245499995,38.559891125000036],[-90.13990957599998,38.568496374000063],[-90.136576299999945,38.577101611000046],[-90.13324262499998,38.585706835000053],[-90.12990855299995,38.594312047000074],[-90.12657408299998,38.602917246000061],[-90.123239213999966,38.611522432000072],[-90.119903946999955,38.62012760500005],[-90.116568281999946,38.628732766000041],[-90.113232217999951,38.637337914000057],[-90.109895754999968,38.645943049000039],[-90.106558892999942,38.654548172000034],[-90.10322163099994,38.663153282000053],[-90.099883969999951,38.671758379000039],[-90.096545909999975,38.680363463000049],[-90.093207449999966,38.688968535000072],[-90.08986858999998,38.697573594000062],[-90.086529329999962,38.706178641000065],[-90.083189669999967,38.714783674000046],[-90.07984960899995,38.72338869500004],[-90.076509147999957,38.731993704000047],[-90.073168285999941,38.740598699000032],[-90.069827022999959,38.749203682000029],[-90.066485357999966,38.757808653000041],[-90.063143292999939,38.766413610000029],[-90.059800825999957,38.775018555000031],[-90.056457957999953,38.783623487000057],[-90.053114686999947,38.792228407000039],[-90.049771014999976,38.800833313000055],[-90.046426939999947,38.809438207000028],[-90.043082463999951,38.818043089000071],[-90.039737583999965,38.826647957000034],[-90.036392302999957,38.835252813000068],[-90.033046617999958,38.843857656000068],[-90.029700529999957,38.852462487000025],[-90.026354038999955,38.861067304000073],[-90.023007144999951,38.869672109000078],[-90.019659846999957,38.878276902000039],[-90.016312145999962,38.886881681000034],[-90.012964039999986,38.895486448000042],[-90.009615530999952,38.904091202000075],[-90.006266617999984,38.912695944000063],[-90.002917299999979,38.921300673000076],[-89.999567576999937,38.929905389000055],[-89.996217449999961,38.938510092000058],[-89.992866917999947,38.947114782000028],[-89.989515980999954,38.955719460000068],[-89.986164637999991,38.964324125000076],[-89.982812889999991,38.972928778000039],[-89.979460736999954,38.981533417000037],[-89.976108177999947,38.990138044000048],[-89.972755211999981,38.998742659000072],[-89.969401840999979,39.007347260000074],[-89.96604806299996,39.015951849000032],[-89.962693878999971,39.024556425000071],[-89.959339288999956,39.033160988000077],[-89.955984290999936,39.041765539000039],[-89.952628886999946,39.050370077000025],[-89.949273074999951,39.058974602000035],[-89.94591685599994,39.067579114000068],[-89.94256022999997,39.076183614000058],[-89.939203195999937,39.084788101000072],[-89.935845753999956,39.093392575000053],[-89.932487902999981,39.101997037000046],[-89.929129644999989,39.110601485000075],[-89.925770978999935,39.119205921000059],[-89.922411902999954,39.127810345000057],[-89.919052419999957,39.136414755000033],[-89.915692526999976,39.145019153000078],[-89.912332224999943,39.153623538000033],[-89.908971513999973,39.16222791000007],[-89.905610392999961,39.170832270000062],[-89.902248862999954,39.179436617000079],[-89.898886922999964,39.188040951000062],[-89.895524572999989,39.196645272000069],[-89.892161812999973,39.205249581000032],[-89.888798642999973,39.21385387600003],[-89.885435061999942,39.222458160000031],[-89.882071069999938,39.231062430000065],[-89.87870666799995,39.239666687000067],[-89.875341853999942,39.248270932000025],[-89.871976629999949,39.256875164000064],[-89.868610993999937,39.265479384000059],[-89.865244946999951,39.274083590000032],[-89.861878486999956,39.282687784000075],[-89.858511615999987,39.291291965000028],[-89.855144332999942,39.299896134000051],[-89.85177663799999,39.308500289000051],[-89.848408529999972,39.317104432000065],[-89.845040009999991,39.325708562000045],[-89.841671076999944,39.334312680000039],[-89.838301729999955,39.342916784000067],[-89.834931970999946,39.351520876000052],[-89.831561798999985,39.36012495500006],[-89.828191212999968,39.368729021000036],[-89.824820212999953,39.377333075000024],[-89.821448798999938,39.385937116000036],[-89.818076971999972,39.394541144000073],[-89.81470472999996,39.403145159000076],[-89.811332073999949,39.411749162000035],[-89.807959002999951,39.420353151000029],[-89.804585517999953,39.428957128000036],[-89.801211617999968,39.437561093000056],[-89.797837301999948,39.446165044000054],[-89.794462571999986,39.454768983000065],[-89.79108742599999,39.463372909000043],[-89.787711863999959,39.471976822000045],[-89.784335886999941,39.48058072200007],[-89.780959492999955,39.489184610000052],[-89.777582683999981,39.497788485000058],[-89.774205457999983,39.50639234700003],[-89.770827814999961,39.514996196000027],[-89.767449755999962,39.523600033000037],[-89.764071279999939,39.532203856000081],[-89.760692386999949,39.540807667000024],[-89.757313076999935,39.549411466000038],[-89.753933348999965,39.558015251000029],[-89.750553203999971,39.566619024000033],[-89.747172640999963,39.575222784000061],[-89.743791659999943,39.583826531000057],[-89.740410260999965,39.592430265000075],[-89.737028443999975,39.601033987000051],[-89.733646207999982,39.60963769500006],[-89.730263553999976,39.618241391000026],[-89.726880480999966,39.626845075000062],[-89.723496987999965,39.635448745000076],[-89.720113076999951,39.644052403000046],[-89.716728745999944,39.65265604800004],[-89.713343995999935,39.661259680000057],[-89.709958824999944,39.669863299000042],[-89.706573234999951,39.67846690600004],[-89.703187224999965,39.687070499000072],[-89.699800794999987,39.69567408000006],[-89.696413943999971,39.704277649000062],[-89.693026671999974,39.712881204000041],[-89.689638979999984,39.721484747000034],[-89.686250866999956,39.73008827600006],[-89.682862331999956,39.738691793000044],[-89.679473375999976,39.74729529800004],[-89.676083998999957,39.755898789000071],[-89.672694199999967,39.764502268000058],[-89.669303978999949,39.773105734000069],[-89.665913334999971,39.781709187000047],[-89.662522269999954,39.790312627000048],[-89.659130781999977,39.798916054000074],[-89.655738871999972,39.807519469000056],[-89.652346537999961,39.816122871000061],[-89.648953781999978,39.824726260000034],[-89.645560602999979,39.83332963600003],[-89.642166999999972,39.84193300000004]]},"properties":{"OID":11,"Product_Type_i":"Raw","From_ID":"Farm7","From_Node":"Gateway Farms","From_City_Area":"Near East St. Louis","From_State":"IL","From_Latitude":38.525469999999999,"From_Longitude":-90.156570000000002,"Product_Type_j":" Raw","To_ID":"Processor1","To_Node":"Springfield Processor","To_City_Area":"Springfield","To_State":"IL","To_Latitude":39.841932999999997,"To_Longitude":-89.642167000000001,"Quantity":26666.666700000002,"ORIG_FID":11,"Shape_Length":1.4133973596836842}},{"type":"Feature","id":12,"geometry":{"type":"LineString","coordinates":[[-90.156569999999988,38.525470000000041],[-90.167840196999975,38.526030112000058],[-90.179110481999942,38.526590224000074],[-90.190380853999955,38.527150335000044],[-90.201651313999946,38.527710447000061],[-90.212921860999984,38.528270559000077],[-90.224192494999954,38.528830670000048],[-90.235463215999971,38.529390782000064],[-90.246734024999967,38.529950893000034],[-90.258004921999941,38.530511004000061],[-90.269275904999972,38.531071116000078],[-90.280546976999972,38.531631227000048],[-90.291818134999971,38.532191338000075],[-90.30308938099995,38.532751449000045],[-90.314360713999974,38.533311560000072],[-90.325632134999978,38.533871672000032],[-90.336903642999971,38.534431783000059],[-90.348175237999953,38.53499189300004],[-90.359446920999972,38.535552004000067],[-90.370718690999979,38.536112115000037],[-90.381990548999966,38.536672226000064],[-90.393262493999941,38.537232337000034],[-90.404534526999953,38.537792447000072],[-90.415806645999965,38.538352558000042],[-90.427078853999944,38.538912669000069],[-90.438351147999981,38.53947277900005],[-90.44962352999994,38.540032890000077],[-90.460895999999991,38.540593000000058]]},"properties":{"OID":12,"Product_Type_i":"Raw","From_ID":"Farm7","From_Node":"Gateway Farms","From_City_Area":"Near East St. Louis","From_State":"IL","From_Latitude":38.525469999999999,"From_Longitude":-90.156570000000002,"Product_Type_j":" Raw","To_ID":"Processor2","To_Node":"St. Louis Processing Facility","To_City_Area":"St. Louis","To_State":"MO","To_Latitude":38.540593000000001,"To_Longitude":-90.460896000000005,"Quantity":7985.9632000000001,"ORIG_FID":12,"Shape_Length":0.30470152511245424}},{"type":"Feature","id":13,"geometry":{"type":"LineString","coordinates":[[-90.156569999999988,38.525470000000041],[-90.153142153999966,38.534051281000075],[-90.149713900999984,38.542632549000075],[-90.146285240999987,38.551213804000042],[-90.142856172999984,38.55979504700008],[-90.139426696999976,38.568376277000027],[-90.135996812999963,38.576957495000045],[-90.132566520999944,38.585538700000029],[-90.129135820999977,38.594119892000037],[-90.125704712999948,38.602701072000059],[-90.122273195999981,38.611282239000047],[-90.118841269999962,38.619863394000049],[-90.115408934999948,38.628444535000028],[-90.11197619099994,38.637025665000067],[-90.108543037999937,38.645606781000026],[-90.105109475999939,38.654187885000056],[-90.101675502999967,38.662768977000042],[-90.098241120999944,38.671350056000051],[-90.094806328999937,38.679931122000028],[-90.091371126999945,38.688512175000028],[-90.08793551399998,38.697093216000042],[-90.084499490999974,38.705674245000068],[-90.081063056999938,38.714255260000073],[-90.077626211999984,38.722836263000033],[-90.074188955999944,38.731417254000064],[-90.070751288999986,38.739998231000072],[-90.067313210999941,38.748579196000037],[-90.063874720999991,38.757160149000072],[-90.060435818999963,38.765741089000073],[-90.056996505999962,38.774322016000042],[-90.053556779999951,38.782902931000081],[-90.050116641999978,38.791483833000029],[-90.046676090999938,38.800064722000059],[-90.043235127999935,38.808645599000045],[-90.03979375199998,38.817226463000054],[-90.036351962999959,38.825807314000031],[-90.032909760999985,38.834388153000077],[-90.029467145999945,38.842968979000034],[-90.026024116999963,38.851549793000061],[-90.022580673999983,38.860130593000065],[-90.019136817999936,38.868711382000072],[-90.015692546999958,38.877292157000056],[-90.01224786299997,38.885872920000054],[-90.008802763999938,38.894453670000075],[-90.005357249999975,38.903034408000053],[-90.001911321999955,38.911615133000055],[-89.998464977999959,38.92019584500008],[-89.995018219999963,38.928776545000062],[-89.99157104599999,38.937357232000068],[-89.988123456999972,38.94593790700003],[-89.984675451999976,38.954518568000026],[-89.981227031999936,38.963099217000035],[-89.977778194999985,38.971679854000058],[-89.974328941999943,38.980260478000048],[-89.97087927299998,38.988841089000061],[-89.967429187999983,38.997421687000042],[-89.963978685999962,39.006002273000036],[-89.960527766999974,39.014582846000053],[-89.957076429999972,39.023163407000027],[-89.953624676999937,39.031743955000024],[-89.950172505999944,39.040324490000046],[-89.946719917999985,39.048905012000034],[-89.943266911999956,39.057485522000036],[-89.93981348799997,39.066066020000051],[-89.936359644999982,39.074646504000043],[-89.93290538499997,39.083226976000049],[-89.929450705999955,39.091807435000078],[-89.925995607999937,39.100387882000064],[-89.922540091999963,39.108968316000073],[-89.91908415599994,39.11754873700005],[-89.91562780199996,39.126129146000039],[-89.912171027999989,39.134709541000063],[-89.908713833999968,39.143289925000033],[-89.905256220999945,39.151870295000037],[-89.901798187999987,39.160450653000055],[-89.89833973399999,39.169030998000039],[-89.89488086099999,39.177611331000037],[-89.891421566999952,39.186191651000058],[-89.887961851999989,39.194771958000047],[-89.884501716999978,39.203352253000048],[-89.881041160999985,39.211932535000074],[-89.877580182999964,39.220512804000066],[-89.874118783999961,39.229093060000025],[-89.870656963999977,39.237673304000054],[-89.867194721999965,39.246253535000051],[-89.863732057999982,39.25483375400006],[-89.860268971999972,39.263413960000037],[-89.856805462999944,39.271994153000037],[-89.853341532999991,39.280574333000061],[-89.849877178999975,39.289154501000041],[-89.846412402999988,39.297734656000046],[-89.842947203999984,39.306314799000063],[-89.839481581999962,39.314894928000058],[-89.836015535999991,39.323475045000066],[-89.832549066999945,39.332055150000031],[-89.82908217499994,39.34063524100003],[-89.825614857999938,39.349215320000042],[-89.822147116999986,39.357795387000067],[-89.818678951999971,39.36637544000007],[-89.815210362999949,39.374955481000029],[-89.811741348999988,39.383535510000058],[-89.808271910999963,39.392115525000065],[-89.804802046999953,39.400695528000028],[-89.801331757999947,39.409275518000072],[-89.797861043999944,39.417855496000072],[-89.794389904999946,39.42643546000005],[-89.790918338999973,39.435015413000031],[-89.787446347999946,39.443595352000045],[-89.783973930999991,39.452175279000073],[-89.780501087999937,39.460755193000068],[-89.777027817999965,39.46933509400003],[-89.773554120999961,39.477914983000062],[-89.770079997999972,39.486494859000061],[-89.76660544799995,39.495074722000027],[-89.763130470999954,39.503654572000073],[-89.759655065999937,39.512234410000076],[-89.756179233999944,39.520814235000046],[-89.752702973999988,39.529394048000029],[-89.749226286999942,39.537973848000036],[-89.745749170999943,39.546553635000066],[-89.74227162699998,39.555133409000064],[-89.738793654999938,39.563713171000074],[-89.735315253999943,39.572292920000052],[-89.731836423999937,39.580872656000054],[-89.728357164999977,39.589452379000079],[-89.72487747699995,39.598032090000061],[-89.721397359999969,39.606611788000066],[-89.717916812999988,39.615191474000028],[-89.71443583699994,39.623771146000024],[-89.710954429999958,39.632350806000034],[-89.707472593999967,39.640930454000056],[-89.703990326999985,39.649510088000056],[-89.700507629999947,39.65808971000007],[-89.697024501999977,39.66666931900005],[-89.693540943999949,39.675248916000044],[-89.690056953999942,39.683828499000072],[-89.686572532999946,39.692408070000056],[-89.683087680999961,39.700987628000064],[-89.67960239699994,39.709567174000028],[-89.676116681999986,39.718146707000074],[-89.672630534999939,39.726726227000029],[-89.669143954999981,39.735305734000065],[-89.665656943999977,39.743885229000057],[-89.662169498999958,39.752464711000073],[-89.65868162299995,39.761044180000056],[-89.655193312999984,39.769623637000052],[-89.651704569999936,39.778203081000072],[-89.648215393999976,39.786782512000059],[-89.644725784999935,39.79536193000007],[-89.641235741999935,39.803941336000037],[-89.637745264999978,39.812520729000028],[-89.634254354999939,39.821100109000042],[-89.630763009999953,39.82967947700007],[-89.627271230999952,39.838258831000076],[-89.623779016999947,39.846838173000037],[-89.620286368999984,39.855417503000069],[-89.616793284999972,39.863996819000079],[-89.613299766999944,39.872576123000044],[-89.609805813999969,39.881155414000034],[-89.606311423999955,39.889734693000037],[-89.602816599999983,39.898313958000074],[-89.599321338999971,39.906893211000067],[-89.595825642999955,39.915472451000028],[-89.592329509999956,39.924051679000058],[-89.588832940999964,39.932630894000056],[-89.585335935999979,39.941210096000077],[-89.581838492999964,39.949789285000065],[-89.578340613999956,39.958368461000077],[-89.574842296999975,39.966947625000046],[-89.571343543999944,39.975526776000038],[-89.567844351999952,39.984105915000043],[-89.564344722999977,39.992685040000026],[-89.560844655999972,40.001264153000079],[-89.557344151999985,40.009843253000042],[-89.553843207999989,40.018422340000029],[-89.550341826999954,40.027001415000029],[-89.546840006999957,40.035580477000053],[-89.543337746999953,40.044159526000044],[-89.539835048999976,40.052738563000048],[-89.53633191199998,40.06131758600003],[-89.532828334999977,40.069896597000024],[-89.529324318999954,40.078475595000043],[-89.525819862999981,40.087054581000075],[-89.522314966999943,40.095633553000027],[-89.518809630999954,40.10421251300005],[-89.515303854999956,40.112791461000029],[-89.511797637999962,40.121370395000042],[-89.50829097999997,40.129949317000069],[-89.50478388199997,40.138528226000062],[-89.501276341999983,40.147107122000079],[-89.497768360999942,40.155686005000064],[-89.49425993899996,40.164264876000061],[-89.490751074999935,40.172843734000026],[-89.487241768999979,40.181422579000071],[-89.48373202099998,40.190001412000072],[-89.480221830999938,40.198580231000051],[-89.476711197999975,40.207159038000043],[-89.47320012299997,40.215737833000048],[-89.469688604999988,40.224316614000031],[-89.466176643999972,40.232895383000027],[-89.462664239999981,40.241474139000047],[-89.459151392999956,40.250052882000034],[-89.455638101999966,40.258631612000045],[-89.452124366999954,40.267210330000069],[-89.448610187999975,40.275789035000059],[-89.445095565999964,40.284367727000074],[-89.44158049899994,40.292946406000056],[-89.438064986999962,40.30152507300005],[-89.43454903099996,40.310103727000069],[-89.431032628999958,40.318682368000054],[-89.42751578299999,40.327260996000064],[-89.423998491999953,40.335839612000029],[-89.420480754999971,40.344418215000076],[-89.416962571999989,40.352996805000032],[-89.413443942999947,40.361575382000069],[-89.409924868999951,40.370153946000073],[-89.406405347999964,40.378732498000034],[-89.402885380999976,40.387311037000075],[-89.39936496699994,40.395889563000026],[-89.395844106999959,40.404468077000047],[-89.392322798999942,40.413046578000035],[-89.38880104399999,40.421625065000057],[-89.385278841999991,40.430203541000026],[-89.381756191999955,40.438782003000028],[-89.378233094999985,40.447360453000044],[-89.374709548999988,40.455938889000038],[-89.371185555999944,40.464517314000034],[-89.367661113999986,40.473095725000064],[-89.364136222999946,40.481674123000062],[-89.360610883999982,40.490252509000072],[-89.357085095999935,40.49883088200005],[-89.353558857999985,40.507409242000051],[-89.350032171999942,40.515987590000066],[-89.34650503599994,40.524565924000058],[-89.342977449999978,40.533144246000063],[-89.339449413999944,40.541722555000035],[-89.33592092899994,40.550300852000078],[-89.332391992999987,40.558879135000041],[-89.328862605999973,40.567457406000074],[-89.325332768999942,40.576035664000074],[-89.321802480999963,40.584613909000041],[-89.318271741999979,40.593192142000078],[-89.314740551999989,40.601770361000035],[-89.311208909999948,40.610348568000063],[-89.307676815999969,40.618926762000058],[-89.304144270999984,40.627504944000066],[-89.300611273999948,40.636083112000051],[-89.297077824999974,40.64466126800005],[-89.293543922999959,40.653239411000072],[-89.290009567999959,40.661817541000062],[-89.286474760999965,40.670395658000075],[-89.282939500999987,40.678973763000045],[-89.279403786999978,40.687551855000038],[-89.275867619999985,40.696129934000055],[-89.272330999999951,40.704708000000039]]},"properties":{"OID":13,"Product_Type_i":"Raw","From_ID":"Farm7","From_Node":"Gateway Farms","From_City_Area":"Near East St. Louis","From_State":"IL","From_Latitude":38.525469999999999,"From_Longitude":-90.156570000000002,"Product_Type_j":" Raw","To_ID":"Processor5","To_Node":"Arthur Poultry Processing","To_City_Area":"Peoria","To_State":"IL","To_Latitude":40.704707999999997,"To_Longitude":-89.272330999999994,"Quantity":4000,"ORIG_FID":13,"Shape_Length":2.3518106288754375}},{"type":"Feature","id":14,"geometry":{"type":"LineString","coordinates":[[-89.642166999999972,39.84193300000004],[-89.653449469999941,39.839673560000051],[-89.664731569999958,39.837414120000062],[-89.676013299999966,39.835154679000027],[-89.687294660999953,39.83289523600007],[-89.698575651999988,39.830635793000056],[-89.709856273999947,39.828376349000052],[-89.721136525999952,39.826116905000049],[-89.732416407999949,39.823857459000067],[-89.743695920999983,39.821598012000038],[-89.75497506499994,39.819338565000066],[-89.766253838999944,39.817079116000059],[-89.777532243999985,39.814819667000052],[-89.78881027999995,39.812560217000055],[-89.800087946999952,39.810300766000069],[-89.811365243999944,39.808041314000036],[-89.822642171999973,39.805781861000071],[-89.833918730999983,39.80352240700006],[-89.845194920999973,39.801262953000048],[-89.856470741999942,39.799003497000058],[-89.867746193999949,39.796744041000068],[-89.879021276999936,39.794484584000031],[-89.890295990999959,39.792225126000062],[-89.901570335999963,39.789965667000047],[-89.912844311999947,39.787706207000042],[-89.924117919999958,39.785446746000048],[-89.935391158999948,39.783187284000064],[-89.946664028999976,39.780927822000081],[-89.957936529999984,39.778668359000051],[-89.969208662999961,39.776408894000042],[-89.980480426999975,39.774149429000033],[-89.991751822999959,39.771889963000035],[-90.003022849999979,39.769630496000048],[-90.01429350899997,39.767371028000071],[-90.02556379899994,39.765111560000037],[-90.036833720999937,39.762852090000081],[-90.04810327499996,39.760592620000068],[-90.059372460999953,39.758333148000077],[-90.070641277999982,39.756073676000028],[-90.081909726999982,39.753814203000047],[-90.09317780799995,39.751554729000077],[-90.104445519999956,39.74929525400006],[-90.115712864999978,39.747035778000054],[-90.126979840999979,39.744776302000048],[-90.13824644999994,39.742516824000063],[-90.149512690999984,39.740257346000078],[-90.160778562999951,39.737997867000047],[-90.172044067999991,39.735738386000037],[-90.183309204999944,39.733478905000027],[-90.194573974999969,39.731219424000074],[-90.205838375999974,39.728959941000028],[-90.217102409999939,39.726700457000049],[-90.228366075999986,39.724440972000025],[-90.239629373999946,39.722181487000057],[-90.250892304999979,39.719922001000043],[-90.262154868999971,39.71766251300005],[-90.27341706499999,39.715403025000057],[-90.284678892999978,39.713143536000075],[-90.295940353999981,39.710884047000036],[-90.307201447999944,39.708624556000075],[-90.31846217399999,39.706365064000067],[-90.329722532999938,39.70410557200006],[-90.340982524999959,39.701846078000074],[-90.352242149999938,39.699586584000031],[-90.363501406999944,39.697327089000055],[-90.374760296999966,39.695067593000033],[-90.386018820999936,39.692808096000078],[-90.39727697699999,39.690548598000078],[-90.408534765999946,39.688289099000031],[-90.419792187999974,39.68602960000004],[-90.431049242999961,39.683770099000071],[-90.442305931999954,39.681510598000045],[-90.453562252999973,39.67925109600003],[-90.46481820799994,39.676991593000025],[-90.47607379599998,39.674732089000031],[-90.487329017999969,39.672472584000047],[-90.498583871999983,39.670213078000074],[-90.509838359999947,39.667953572000044],[-90.521092481999972,39.665694064000036],[-90.532346236999956,39.663434556000027],[-90.543599624999956,39.661175047000029],[-90.554852646999962,39.658915536000052],[-90.566105302999972,39.656656025000075],[-90.577357591999942,39.654396514000041],[-90.588609514999973,39.652137001000028],[-90.599861070999964,39.649877487000026],[-90.61111226099996,39.647617973000024],[-90.622363084999961,39.645358457000043],[-90.633613542999967,39.643098941000062],[-90.644863634999979,39.640839424000035],[-90.656113360999939,39.638579906000075],[-90.667362719999971,39.636320387000069],[-90.678611713999942,39.634060867000073],[-90.689860340999985,39.631801346000032],[-90.701108602999966,39.629541824000057],[-90.712356498999952,39.627282302000026],[-90.723604028999944,39.625022779000062],[-90.73485119299994,39.622763254000063],[-90.746097991999989,39.620503729000063],[-90.757344423999939,39.618244203000074],[-90.768590490999941,39.615984676000039],[-90.779836192999937,39.613725149000061],[-90.79108152799995,39.611465620000047],[-90.802326498999946,39.609206090000043],[-90.813571102999958,39.60694656000004],[-90.824815342999955,39.604687029000047],[-90.836059215999967,39.602427496000075],[-90.847302724999963,39.600167963000047],[-90.858545867999965,39.597908430000075],[-90.869788645999961,39.595648895000068],[-90.881031057999962,39.593389359000071],[-90.892273104999958,39.591129822000028],[-90.903514787999939,39.588870285000041],[-90.914756103999991,39.586610747000066],[-90.925997055999972,39.584351207000054],[-90.937237642999946,39.582091667000043],[-90.948477864999973,39.579832126000042],[-90.959717721999937,39.577572584000052],[-90.970957212999963,39.575313042000062],[-90.982196339999973,39.573053498000036],[-90.993435102999968,39.570793953000077],[-91.004673499999967,39.568534408000062],[-91.015911531999961,39.566274862000057],[-91.02714919999994,39.564015315000063],[-91.03838650299997,39.561755767000079],[-91.049623441999984,39.559496218000049],[-91.060860014999946,39.55723666800003],[-91.072096224999939,39.554977117000078],[-91.083332068999937,39.552717566000069],[-91.094567549999965,39.550458013000025],[-91.105802664999942,39.548198460000037],[-91.117037416999949,39.54593890600006],[-91.128271803999951,39.543679351000037],[-91.139505826999937,39.541419795000024],[-91.150739484999974,39.539160238000079],[-91.161972778999939,39.536900680000031],[-91.173205708999944,39.53464112100005],[-91.184438274999991,39.532381562000069],[-91.195670476999965,39.530122002000041],[-91.20690231399999,39.527862440000035],[-91.218133787999989,39.525602878000029],[-91.229364897999972,39.523343315000034],[-91.240595642999949,39.521083751000049],[-91.251826024999957,39.518824187000064],[-91.263056042999949,39.516564621000043],[-91.274285696999982,39.514305054000033],[-91.285514986999942,39.51204548700008],[-91.29674391399999,39.50978591900008],[-91.307972476999964,39.507526349000045],[-91.31920067599998,39.505266779000067],[-91.33042851099998,39.503007208000042],[-91.341655982999953,39.500747637000075],[-91.352883091999956,39.498488064000071],[-91.364109836999944,39.496228490000078],[-91.375336217999973,39.493968916000028],[-91.386562235999975,39.491709340000057],[-91.39778789099995,39.489449764000028],[-91.409013181999967,39.487190187000067],[-91.420238109999957,39.48493060900006],[-91.431462674999977,39.482671030000063],[-91.442686875999982,39.480411451000066],[-91.45391071499995,39.478151870000033],[-91.465134189999958,39.475892288000068],[-91.47635730199994,39.473632706000046],[-91.487580050999952,39.471373123000035],[-91.498802436999938,39.469113539000034],[-91.510024459999954,39.466853954000044],[-91.521246119999944,39.464594368000064],[-91.532467417999953,39.462334781000038],[-91.543688351999947,39.46007519300008],[-91.55490892399996,39.457815605000064],[-91.566129132999947,39.45555601500007],[-91.577348978999964,39.453296425000076],[-91.588568461999955,39.451036834000035],[-91.599787582999966,39.448777242000062],[-91.61100634099995,39.446517649000043],[-91.622224736999954,39.444258055000034],[-91.633442769999988,39.441998460000036],[-91.644660440999985,39.439738864000049],[-91.655877748999956,39.437479268000061],[-91.667094694999946,39.435219671000027],[-91.678311277999967,39.432960072000071],[-91.689527498999951,39.430700473000059],[-91.700743357999954,39.428440873000056],[-91.711958854999978,39.426181272000065],[-91.723173988999974,39.423921671000073],[-91.734388760999991,39.421662068000046],[-91.745603170999971,39.419402464000029],[-91.756817219999959,39.41714286000007],[-91.768030905999979,39.414883255000063],[-91.779244229999961,39.412623649000068],[-91.790457191999963,39.410364042000026],[-91.801669791999984,39.408104434000052],[-91.812882029999969,39.405844825000031],[-91.824093906999963,39.403585215000078],[-91.835305421999976,39.401325605000068],[-91.846516574999953,39.399065993000079],[-91.857727365999949,39.396806381000033],[-91.868937794999965,39.394546768000055],[-91.880147862999991,39.392287153000041],[-91.891357569999968,39.390027539000073],[-91.902566914999966,39.387767923000069],[-91.913775897999983,39.385508306000077],[-91.924984519999953,39.383248688000037],[-91.936192779999942,39.380989070000055],[-91.947400678999941,39.378729450000037],[-91.958608216999949,39.376469830000076],[-91.969815393999966,39.374210209000069],[-91.981022208999946,39.371950587000072],[-91.992228662999992,39.369690964000029],[-92.00343475599999,39.367431340000053],[-92.014640486999951,39.365171716000077],[-92.025845857999968,39.362912090000066],[-92.037050866999948,39.360652464000054],[-92.048255515999983,39.358392837000054],[-92.059459802999982,39.356133208000074],[-92.070663729999978,39.353873579000037],[-92.081867295999984,39.351613949000068],[-92.093070499999953,39.349354319000042],[-92.104273343999978,39.347094687000038],[-92.115475827999944,39.344835054000043],[-92.126677949999987,39.342575421000049],[-92.137879711999972,39.340315787000065],[-92.149081112999966,39.338056151000046],[-92.160282153999958,39.335796515000027],[-92.17148283399996,39.333536878000075],[-92.182683152999971,39.331277241000066],[-92.19388311199998,39.329017602000079],[-92.205082710999989,39.326757962000045],[-92.216281948999949,39.324498322000068],[-92.227480826999965,39.322238680000055],[-92.238679343999991,39.319979038000042],[-92.249877500999958,39.31771939500004],[-92.26107529799998,39.315459751000049],[-92.272272734999945,39.313200106000068],[-92.283469811999964,39.31094046000004],[-92.294666527999937,39.30868081400007],[-92.305862883999964,39.306421166000064],[-92.31705888099998,39.304161518000058],[-92.328254516999948,39.301901869000062],[-92.339449792999972,39.299642218000031],[-92.350644709999983,39.297382567000056],[-92.361839265999947,39.295122915000036],[-92.373033462999956,39.292863263000072],[-92.384227299999964,39.290603609000073],[-92.39542077699997,39.288343954000027],[-92.406613894999964,39.286084299000038],[-92.417806651999967,39.283824643000059],[-92.428999050999948,39.281564985000045],[-92.440191088999939,39.279305327000031],[-92.451382767999974,39.277045668000028],[-92.46257408799994,39.274786009000024],[-92.473765047999962,39.272526348000042],[-92.484955647999982,39.27026668600007],[-92.49614588899999,39.268007024000042],[-92.507335770999987,39.265747360000034],[-92.518525293999971,39.263487696000027],[-92.529714456999955,39.26122803100003],[-92.540903260999983,39.258968365000044],[-92.552091705999942,39.256708698000068],[-92.563279790999957,39.254449030000046],[-92.574467517999949,39.252189362000024],[-92.58565488499994,39.24992969200008],[-92.596841893999965,39.247670022000079],[-92.608028542999989,39.245410351000032],[-92.61921483399999,39.243150679000053],[-92.63040076499999,39.240891005000037],[-92.641586337999968,39.238631332000068],[-92.65277155199999,39.236371657000063],[-92.663956406999944,39.234111981000069],[-92.675140902999942,39.231852305000075],[-92.686325040999975,39.229592627000045],[-92.697508819999939,39.227332949000072],[-92.708692239999948,39.225073270000053],[-92.719875301999991,39.222813590000044],[-92.731058005999955,39.220553909000046],[-92.742240349999975,39.218294227000058],[-92.753422335999971,39.216034544000024],[-92.764603963999946,39.213774861000047],[-92.775785233999954,39.211515176000034],[-92.786966144999951,39.209255491000079],[-92.798146697999982,39.206995805000076],[-92.809326891999945,39.204736118000028],[-92.820506728999987,39.202476430000047],[-92.831686206999962,39.200216741000077],[-92.84286532699997,39.19795705100006],[-92.854044088999956,39.195697360000054],[-92.865222491999987,39.193437669000048],[-92.876400537999984,39.191177977000052],[-92.88757822599996,39.188918283000078],[-92.898755555999969,39.186658589000047],[-92.909932527999956,39.184398894000026],[-92.921109141999978,39.182139198000073],[-92.932285397999976,39.179879502000063],[-92.943461296999942,39.177619804000074],[-92.954636837999942,39.175360105000038],[-92.965812020999977,39.17310040600006],[-92.976986845999988,39.170840706000035],[-92.988161313999967,39.168581005000078],[-92.99933542399998,39.166321303000075],[-93.01050917699996,39.164061600000025],[-93.021682571999975,39.161801896000043],[-93.032855609999956,39.159542191000071],[-93.044028289999972,39.157282486000042],[-93.055200612999954,39.155022779000035],[-93.066372577999971,39.152763072000027],[-93.077544186999944,39.150503364000031],[-93.088715437999952,39.148243655000044],[-93.099886330999936,39.145983945000069],[-93.111056867999991,39.143724234000047],[-93.122227047999957,39.141464522000035],[-93.133396869999956,39.139204810000081],[-93.144566334999979,39.136945096000034],[-93.155735443999959,39.134685382000043],[-93.166904194999972,39.132425667000064],[-93.178072588999953,39.130165951000038],[-93.189240626999947,39.127906234000079],[-93.200408306999975,39.125646516000074],[-93.21157563099996,39.12338679700008],[-93.222742597999968,39.12112707700004],[-93.233909208999989,39.118867357000056],[-93.245075461999988,39.116607636000026],[-93.256241358999944,39.114347913000074],[-93.267406899999969,39.112088190000065],[-93.278572082999972,39.109828466000067],[-93.289736910999977,39.10756874100008],[-93.30090138099996,39.105309016000035],[-93.312065495999946,39.103049289000069],[-93.323229252999965,39.100789561000056],[-93.334392654999988,39.098529833000043],[-93.345555699999977,39.096270104000041],[-93.35671838899998,39.09401037400005],[-93.367880721999938,39.091750643000069],[-93.379042697999978,39.089490911000041],[-93.390204317999974,39.087231178000025],[-93.401365581999983,39.084971444000075],[-93.412526489999948,39.082711710000069],[-93.423687041999983,39.080451974000027],[-93.434847237999975,39.078192238000042],[-93.44600707799998,39.075932501000068],[-93.457166561999941,39.073672763000047],[-93.468325689999972,39.071413024000037],[-93.479484461999959,39.069153284000038],[-93.49064287899995,39.066893543000049],[-93.501800938999963,39.06463380200006],[-93.51295864399998,39.062374059000035],[-93.524115992999953,39.060114316000067],[-93.535272986999985,39.057854572000053],[-93.546429624999973,39.05559482700005],[-93.557585906999975,39.053335081000057],[-93.568741833999979,39.051075334000075],[-93.579897405999986,39.048815586000046],[-93.59105262099996,39.046555838000074],[-93.602207481999983,39.044296088000067],[-93.613361986999962,39.042036338000059],[-93.624516136999944,39.039776587000063],[-93.635669930999939,39.037516835000076],[-93.646823369999936,39.035257082000044],[-93.657976453999936,39.032997328000079],[-93.669129182999939,39.030737573000067],[-93.680281556999944,39.028477817000066],[-93.691433574999962,39.026218061000066],[-93.702585238999973,39.023958303000029],[-93.713736546999939,39.021698545000049],[-93.724887500999955,39.01943878600008],[-93.736038098999984,39.017179026000065],[-93.747188342999948,39.01491926500006],[-93.758338231999971,39.012659503000066],[-93.769487765999941,39.010399741000072],[-93.780636944999969,39.008139977000042],[-93.79178576999999,39.005880213000069],[-93.802934238999967,39.003620448000049],[-93.814082354999982,39.00136068200004],[-93.825230114999954,38.999100915000042],[-93.836377520999974,38.996841147000055],[-93.847524571999941,38.994581378000078],[-93.858671268999956,38.992321608000054],[-93.869817611999963,38.990061838000031],[-93.880963599999973,38.987802066000029],[-93.892109232999985,38.985542294000027],[-93.903254512999979,38.983282521000035],[-93.914399437999975,38.981022747000054],[-93.925544007999974,38.978762972000027],[-93.936688224999955,38.976503196000067],[-93.947832086999938,38.974243419000061],[-93.95897559499997,38.971983642000055],[-93.970118749999983,38.96972386300007],[-93.981261549999942,38.967464084000028],[-93.99240399599995,38.965204304000054],[-94.00354608799995,38.962944523000033],[-94.014687825999943,38.96068474100008],[-94.025829209999984,38.95842495800008],[-94.03697023999996,38.956165174000034],[-94.048110916999974,38.953905390000045],[-94.059251238999991,38.951645604000078],[-94.07039120799999,38.949385818000053],[-94.081530823999969,38.947126031000039],[-94.092670084999952,38.944866243000035],[-94.103808992999973,38.942606454000043],[-94.114947547999975,38.94034666400006],[-94.12608574799998,38.938086873000032],[-94.137223595999956,38.93582708200006],[-94.14836108999998,38.933567289000052],[-94.15949822999994,38.931307496000045],[-94.170635016999938,38.929047702000048],[-94.181771450999975,38.926787906000072],[-94.192907530999946,38.92452811000004],[-94.204043257999956,38.922268314000064],[-94.215178631999947,38.920008516000053],[-94.226313652999977,38.917748717000052],[-94.237448320999988,38.915488918000051],[-94.248582634999991,38.913229117000071],[-94.259716596999965,38.910969316000035],[-94.270850204999988,38.908709514000066],[-94.281983459999935,38.90644971100005],[-94.293116362999967,38.904189907000045],[-94.304248911999991,38.901930102000051],[-94.315381108999986,38.899670297000057],[-94.326512952999963,38.897410490000027],[-94.337644443999977,38.895150683000054],[-94.348775581999973,38.892890875000035],[-94.35990636799994,38.890631065000036],[-94.371036799999956,38.888371255000038],[-94.382166880999989,38.88611144500004],[-94.393296607999957,38.883851633000063],[-94.404425983999943,38.88159182000004],[-94.415555005999977,38.879332007000073],[-94.426683675999982,38.877072192000071],[-94.437811993999958,38.874812377000069],[-94.448939958999972,38.872552561000077],[-94.460067571999957,38.870292744000039],[-94.47119483299997,38.868032926000069],[-94.482321740999964,38.865773107000052],[-94.493448296999986,38.863513287000046],[-94.504574500999979,38.86125346700004],[-94.515700352999943,38.858993645000055],[-94.526825851999945,38.85673382300007],[-94.537950999999964,38.854474000000039]]},"properties":{"OID":14,"Product_Type_i":"Raw","From_ID":"Processor1","From_Node":"Springfield Processor","From_City_Area":"Springfield","From_State":"IL","From_Latitude":39.841932999999997,"From_Longitude":-89.642167000000001,"Product_Type_j":" Raw","To_ID":"Warehouse2","To_Node":"Kansas City Cold Storage Hub","To_City_Area":"Kansas City","To_State":"MO","To_Latitude":38.854474000000003,"To_Longitude":-94.537951000000007,"Quantity":4000,"ORIG_FID":14,"Shape_Length":4.9943760465073694}},{"type":"Feature","id":15,"geometry":{"type":"LineString","coordinates":[[-89.642166999999972,39.84193300000004],[-89.634335943999986,39.848585055000058],[-89.62650413199998,39.855237102000046],[-89.618671563999953,39.861889141000063],[-89.610838239999964,39.86854117300004],[-89.603004158999966,39.875193197000044],[-89.595169320999958,39.881845213000076],[-89.58733372599994,39.888497222000069],[-89.57949737399997,39.895149223000033],[-89.571660263999945,39.90180121700007],[-89.563822396999967,39.908453203000079],[-89.555983770999944,39.915105181000058],[-89.548144386999979,39.921757151000065],[-89.540304243999969,39.928409114000033],[-89.532463341999971,39.935061069000028],[-89.524621681999974,39.941713017000041],[-89.516779261999943,39.948364957000081],[-89.508936081999991,39.955016889000035],[-89.501092141999948,39.961668814000063],[-89.493247442999973,39.968320731000063],[-89.485401981999985,39.974972640000033],[-89.477555761999952,39.981624542000077],[-89.469708779999962,39.988276436000035],[-89.461861036999949,39.994928322000078],[-89.454012532999968,40.001580201000024],[-89.446163266999974,40.008232072000055],[-89.438313239999957,40.014883935000057],[-89.430462449999936,40.021535791000076],[-89.42261089699997,40.028187639000066],[-89.41475858199999,40.034839479000027],[-89.406905504999941,40.041491312000062],[-89.399051663999956,40.048143137000068],[-89.391197058999978,40.054794954000045],[-89.383341690999941,40.061446764000038],[-89.375485558999969,40.06809856600006],[-89.367628662999948,40.074750360000053],[-89.359771001999945,40.081402147000063],[-89.35191257699995,40.088053926000043],[-89.344053386999974,40.094705697000052],[-89.33619343099997,40.101357461000077],[-89.328332709999984,40.108009217000074],[-89.32047122299997,40.114660966000031],[-89.312608970999975,40.121312706000026],[-89.304745951999962,40.127964440000028],[-89.296882166999978,40.134616165000068],[-89.289017614999977,40.141267883000069],[-89.281152295999959,40.14791959300004],[-89.273286208999991,40.154571295000039],[-89.265419355999938,40.161222990000056],[-89.257551733999946,40.167874677000043],[-89.249683344999937,40.174526357000047],[-89.241814186999989,40.181178028000033],[-89.233944259999987,40.187829692000037],[-89.226073564999979,40.194481349000057],[-89.218202100999974,40.201132998000048],[-89.210329867999974,40.207784639000067],[-89.202456864999988,40.214436272000057],[-89.194583091999959,40.221087898000064],[-89.186708548999945,40.227739516000042],[-89.178833235999946,40.234391127000038],[-89.170957152999961,40.241042729000071],[-89.163080297999954,40.247694324000065],[-89.155202672999962,40.254345912000076],[-89.147324275999949,40.260997492000058],[-89.139445106999972,40.267649064000068],[-89.131565166999962,40.274300628000049],[-89.123684454999989,40.280952185000046],[-89.115802969999947,40.287603734000072],[-89.107920711999952,40.294255275000069],[-89.100037681999936,40.300906809000026],[-89.092153878999966,40.307558335000067],[-89.084269301999939,40.314209854000069],[-89.076383950999968,40.320861364000052],[-89.068497826999987,40.327512867000053],[-89.060610928999949,40.33416436300007],[-89.052723255999979,40.34081585000007],[-89.044834807999962,40.347467330000029],[-89.036945584999955,40.354118803000063],[-89.029055587999949,40.360770267000078],[-89.021164813999974,40.367421724000053],[-89.013273264999953,40.374073174000046],[-89.005380939999952,40.380724615000076],[-88.997487838999973,40.387376049000068],[-88.989593961999958,40.394027476000076],[-88.981699306999985,40.400678894000066],[-88.973803875999977,40.407330305000073],[-88.965907666999954,40.413981709000041],[-88.958010680999962,40.420633104000046],[-88.950112916999956,40.427284492000069],[-88.942214374999935,40.433935873000053],[-88.934315053999967,40.440587245000074],[-88.926414955999974,40.447238610000056],[-88.918514077999987,40.453889967000066],[-88.910612420999939,40.460541317000036],[-88.902709984999944,40.467192659000034],[-88.894806768999956,40.47384399300006],[-88.886902772999974,40.480495319000056],[-88.878997997999988,40.48714663800007],[-88.871092441999963,40.493797949000054],[-88.863186104999954,40.500449253000056],[-88.855278986999963,40.507100549000029],[-88.847371087999989,40.513751837000029],[-88.839462407999974,40.520403117000058],[-88.831552945999988,40.527054390000046],[-88.823642701999972,40.533705655000063],[-88.815731675999984,40.54035691200005],[-88.807819867999967,40.547008162000054],[-88.799907275999942,40.55365940400003],[-88.791993901999945,40.560310638000033],[-88.784079743999939,40.566961865000053],[-88.776164802999972,40.573613084000044],[-88.768249078999986,40.580264295000063],[-88.760332569999946,40.586915499000042],[-88.752415275999965,40.59356669500005],[-88.744497198999966,40.600217883000028],[-88.73657833599998,40.60686906400008],[-88.728658688999985,40.613520237000046],[-88.720738255999947,40.62017140200004],[-88.712817036999979,40.626822559000061],[-88.704895032999957,40.633473709000043],[-88.696972241999958,40.640124851000053],[-88.689048664999973,40.64677598600008],[-88.681124300999954,40.653427113000077],[-88.673199150999949,40.660078232000046],[-88.665273212999978,40.666729343000043],[-88.657346487999973,40.673380447000056],[-88.649418974999946,40.680031543000041],[-88.641490673999954,40.686682631000053],[-88.633561584999939,40.693333712000026],[-88.625631707999958,40.699984785000026],[-88.617701040999975,40.706635850000055],[-88.60976958599997,40.713286908000043],[-88.601837340999964,40.71993795800006],[-88.593904306999946,40.726589000000047],[-88.585970482999983,40.733240034000062],[-88.578035868999962,40.739891061000037],[-88.570100464999939,40.74654208000004],[-88.562164269999982,40.75319309200006],[-88.554227283999978,40.759844096000052],[-88.546289506999983,40.766495092000071],[-88.538350937999951,40.77314608000006],[-88.530411577999985,40.779797061000068],[-88.522471425999981,40.786448034000045],[-88.514530481999941,40.793098999000051],[-88.506588744999988,40.799749957000074],[-88.498646215999941,40.806400907000068],[-88.49070289399998,40.813051849000033],[-88.482758777999948,40.819702784000071],[-88.474813868999945,40.826353710000035],[-88.466868165999983,40.833004630000062],[-88.458921668999949,40.83965554100007],[-88.450974377999955,40.846306445000039],[-88.443026291999956,40.852957341000035],[-88.435077410999952,40.85960822900006],[-88.427127734999942,40.866259110000044],[-88.419177263999984,40.872909983000056],[-88.411225996999974,40.87956084800004],[-88.403273934999959,40.88621170600004],[-88.395321075999959,40.892862556000068],[-88.387367419999975,40.899513398000067],[-88.37941296799994,40.906164233000027],[-88.371457718999977,40.912815060000071],[-88.363501672999973,40.919465879000029],[-88.355544828999939,40.926116690000072],[-88.347587187999977,40.932767494000075],[-88.339628747999939,40.939418290000049],[-88.331669509999983,40.94606907800005],[-88.323709473999941,40.952719859000069],[-88.315748638999935,40.959370632000059],[-88.307787003999977,40.966021397000077],[-88.299824569999942,40.972672155000055],[-88.291861336999943,40.97932290500006],[-88.283897303999936,40.985973647000037],[-88.275932469999987,40.992624381000041],[-88.267966835999971,40.999275108000063],[-88.260000401999946,41.005925827000056],[-88.25203316599999,41.012576539000065],[-88.244065128999978,41.019227242000056],[-88.236096290999967,41.025877938000065],[-88.228126650999968,41.032528627000033],[-88.220156207999935,41.03917930700004],[-88.21218496399996,41.045829980000065],[-88.20421291699995,41.05248064500006],[-88.196240066999962,41.059131303000072],[-88.188266413999941,41.065781953000055],[-88.180291956999952,41.072432595000066],[-88.172316696999985,41.079083229000048],[-88.164340632999938,41.085733856000047],[-88.156363763999991,41.092384475000074],[-88.148386091999953,41.099035086000072],[-88.140407613999969,41.10568568900004],[-88.132428331999961,41.112336285000026],[-88.12444824399995,41.118986874000029],[-88.116467349999937,41.125637454000071],[-88.108485650999967,41.132288027000072],[-88.100503145999937,41.138938592000045],[-88.092519833999972,41.145589149000045],[-88.084535715999948,41.152239699000063],[-88.076550790999988,41.158890241000051],[-88.06856505799999,41.165540775000068],[-88.060578518999989,41.172191302000044],[-88.05259117099996,41.178841820000059],[-88.04460301599994,41.185492332000081],[-88.036614051999948,41.192142835000027],[-88.028624279999974,41.198793331000047],[-88.020633697999983,41.205443819000038],[-88.012642307999954,41.212094299000057],[-88.004650108999954,41.218744772000036],[-87.996657099999936,41.225395236000054],[-87.988663280999958,41.232045694000078],[-87.980668651999963,41.238696143000027],[-87.972673211999961,41.24534658500005],[-87.964676961999942,41.251997019000044],[-87.956679900999973,41.258647445000065],[-87.948682027999951,41.265297864000047],[-87.940683343999979,41.271948275000057],[-87.932683848999943,41.278598678000037],[-87.924683540999979,41.285249074000035],[-87.916682420999962,41.291899461000071],[-87.908680487999959,41.298549842000057],[-87.90067774299996,41.305200214000081],[-87.892674183999986,41.311850579000065],[-87.88466981199997,41.318500936000078],[-87.876664625999979,41.325151285000061],[-87.868658625999956,41.331801626000072],[-87.860651811999958,41.338451960000043],[-87.852644183999985,41.345102286000042],[-87.844635739999944,41.351752605000058],[-87.836626481999986,41.358402916000045],[-87.828616407999959,41.36505321900006],[-87.820605518999969,41.371703514000046],[-87.812593813999968,41.37835380100006],[-87.804581291999966,41.385004081000034],[-87.796567954999944,41.391654354000025],[-87.788553799999988,41.398304618000054],[-87.780538828999966,41.404954875000044],[-87.772523039999953,41.411605124000062],[-87.764506433999941,41.41825536500005],[-87.756489009999939,41.424905599000056],[-87.748470767999947,41.431555825000032],[-87.740451707999966,41.438206043000037],[-87.73243182899995,41.444856253000069],[-87.724411130999954,41.451506456000061],[-87.716389613999979,41.458156651000024],[-87.708367276999979,41.464806838000072],[-87.700344120999944,41.471457018000081],[-87.69232014499994,41.47810719000006],[-87.684295347999978,41.484757354000067],[-87.676269730999991,41.491407510000045],[-87.668243292999989,41.49805765900004],[-87.660216033999973,41.504707800000062],[-87.652187953999942,41.511357933000056],[-87.644159051999964,41.518008059000067],[-87.636129327999981,41.524658177000049],[-87.628098781999938,41.531308287000058],[-87.620067413999948,41.537958389000039],[-87.612035221999975,41.544608484000037],[-87.60400220799994,41.551258571000062],[-87.59596836999998,41.557908651000048],[-87.587933708999969,41.564558722000072],[-87.579898223999976,41.571208786000057],[-87.571861914999943,41.577858842000069],[-87.563824780999937,41.584508891000041],[-87.555786822999949,41.591158931000052],[-87.547748038999941,41.59780896400008],[-87.539708430999951,41.604458989000079],[-87.531667996999943,41.611109007000039],[-87.523626736999972,41.617759017000026],[-87.515584650999983,41.624409019000041],[-87.507541738999976,41.631059013000026],[-87.49949799999996,41.637709000000029]]},"properties":{"OID":15,"Product_Type_i":"Raw","From_ID":"Processor1","From_Node":"Springfield Processor","From_City_Area":"Springfield","From_State":"IL","From_Latitude":39.841932999999997,"From_Longitude":-89.642167000000001,"Product_Type_j":" Raw","To_ID":"Warehouse3","To_Node":"Chicago Metro Cold Warehouse","To_City_Area":"Hammond (Chicago Metro)","To_State":"IN","To_Latitude":41.637709000000001,"To_Longitude":-87.499498000000003,"Quantity":4000,"ORIG_FID":15,"Shape_Length":2.7957036223102532}},{"type":"Feature","id":16,"geometry":{"type":"LineString","coordinates":[[-90.460895999999991,38.540593000000058],[-90.463290162999954,38.549212350000062],[-90.465684610999972,38.557831688000078],[-90.468079344999978,38.566451013000062],[-90.470474365999962,38.57507032500007],[-90.472869672999991,38.583689625000034],[-90.475265265999951,38.592308912000078],[-90.477661144999956,38.600928186000033],[-90.480057310999939,38.609547447000068],[-90.482453763999956,38.61816669600006],[-90.484850502999961,38.626785932000075],[-90.487247529999991,38.635405155000058],[-90.489644842999951,38.644024365000064],[-90.492042443999935,38.652643563000026],[-90.494440331999954,38.66126274800007],[-90.49683850699995,38.66988192000008],[-90.49923696999997,38.678501080000046],[-90.501635720999957,38.687120227000037],[-90.504034758999978,38.695739361000051],[-90.506434085999956,38.704358482000032],[-90.508833699999968,38.712977590000037],[-90.511233602999937,38.721596686000055],[-90.513633793999986,38.73021576900004],[-90.516034272999946,38.738834840000038],[-90.518435040999975,38.747453897000071],[-90.520836096999972,38.75607294200006],[-90.523237442999971,38.764691974000073],[-90.525639076999937,38.773310993000052],[-90.528040999999973,38.781930000000045]]},"properties":{"OID":16,"Product_Type_i":"Raw","From_ID":"Processor2","From_Node":"St. Louis Processing Facility","From_City_Area":"St. Louis","From_State":"MO","From_Latitude":38.540593000000001,"From_Longitude":-90.460896000000005,"Product_Type_j":" Raw","To_ID":"Warehouse1","To_Node":"St. Louis Regional Cold DC","To_City_Area":"O'Fallon","To_State":"MO","To_Latitude":38.781930000000003,"To_Longitude":-90.528041000000002,"Quantity":16874.525000000001,"ORIG_FID":16,"Shape_Length":0.25050349820699214}},{"type":"Feature","id":17,"geometry":{"type":"LineString","coordinates":[[-90.460895999999991,38.540593000000058],[-90.472291498999937,38.541472242000054],[-90.483687136999947,38.542351484000051],[-90.495082913999966,38.543230726000047],[-90.506478829999935,38.544109968000043],[-90.51787488399998,38.54498920900005],[-90.529271076999976,38.545868450000057],[-90.54066740899998,38.546747692000054],[-90.552063879999992,38.54762693300006],[-90.563460488999965,38.548506174000067],[-90.574857236999947,38.549385415000074],[-90.586254123999936,38.550264656000024],[-90.59765114999999,38.551143896000042],[-90.609048314999939,38.552023137000049],[-90.620445617999962,38.552902377000066],[-90.631843059999937,38.553781617000027],[-90.643240640999977,38.554660857000044],[-90.654638360999968,38.555540097000062],[-90.666036219999967,38.556419337000079],[-90.677434216999984,38.55729857700004],[-90.688832353999942,38.558177816000068],[-90.700230628999975,38.559057056000029],[-90.711629042999959,38.559936295000057],[-90.723027595999952,38.560815534000028],[-90.734426287999952,38.561694773000056],[-90.745825117999971,38.562574012000027],[-90.757224087999987,38.563453251000055],[-90.768623195999965,38.564332490000027],[-90.78002244399994,38.565211728000065],[-90.79142182999999,38.566090966000047],[-90.802821354999935,38.566970205000075],[-90.814221018999945,38.567849443000057],[-90.825620821999962,38.568728681000039],[-90.837020763999988,38.569607919000077],[-90.848420844999964,38.57048715600007],[-90.859821063999959,38.571366394000052],[-90.871221422999952,38.572245631000044],[-90.882621920999952,38.573124869000026],[-90.894022556999971,38.574004106000075],[-90.905423332999987,38.574883343000067],[-90.916824246999965,38.57576258000006],[-90.928225300999941,38.576641816000063],[-90.939626492999992,38.577521053000055],[-90.951027824999983,38.578400290000047],[-90.962429294999936,38.57927952600005],[-90.973830904999943,38.580158762000053],[-90.985232652999969,38.581037998000056],[-90.996634539999945,38.581917234000059],[-91.008036566999976,38.582796470000062],[-91.019438731999969,38.583675706000065],[-91.030841036999959,38.584554941000079],[-91.042243479999968,38.585434177000025],[-91.053646062999974,38.586313412000038],[-91.065048784999988,38.587192647000052],[-91.076451644999963,38.588071882000065],[-91.087854644999936,38.588951117000079],[-91.099257783999974,38.589830352000035],[-91.110661060999973,38.590709587000049],[-91.12206447799997,38.591588821000073],[-91.133468033999975,38.59246805600003],[-91.144871728999988,38.593347290000054],[-91.156275563999941,38.594226524000078],[-91.16767953699997,38.595105758000045],[-91.179083648999949,38.595984992000069],[-91.190487900999983,38.596864226000037],[-91.201892290999979,38.597743459000071],[-91.213296820999972,38.598622693000038],[-91.224701489999973,38.599501926000073],[-91.236106297999982,38.600381159000051],[-91.247511244999941,38.601260392000029],[-91.258916330999966,38.602139625000063],[-91.270321556999988,38.603018858000041],[-91.281726920999972,38.603898091000076],[-91.293132424999953,38.604777323000064],[-91.304538067999943,38.605656556000042],[-91.31594384999994,38.606535788000031],[-91.327349770999945,38.607415020000076],[-91.338755831999947,38.608294252000064],[-91.350162030999968,38.609173484000053],[-91.361568369999986,38.610052716000041],[-91.372974847999956,38.61093194700004],[-91.384381465999979,38.611811179000028],[-91.395788221999965,38.612690410000027],[-91.407195117999947,38.613569641000026],[-91.418602152999938,38.614448873000072],[-91.430009326999937,38.615328104000071],[-91.441416640999989,38.61620733400008],[-91.452824092999947,38.617086565000079],[-91.464231684999959,38.617965796000078],[-91.475639415999979,38.618845026000031],[-91.487047286999939,38.61972425600004],[-91.498455296999964,38.62060348600005],[-91.50986344599994,38.62148271600006],[-91.521271733999981,38.622361946000069],[-91.532680161999963,38.623241176000079],[-91.544088728999952,38.624120406000031],[-91.55549743499995,38.624999635000052],[-91.566906279999955,38.625878865000061],[-91.578315264999958,38.626758094000024],[-91.589724388999969,38.627637323000044],[-91.601133652999977,38.628516552000065],[-91.612543055999936,38.629395781000028],[-91.62395259799996,38.630275009000059],[-91.635362278999935,38.631154238000079],[-91.646772099999964,38.632033466000053],[-91.658182059999945,38.632912695000073],[-91.669592159999979,38.633791923000047],[-91.681002398999965,38.634671151000077],[-91.692412776999959,38.635550379000051],[-91.70382329499995,38.636429607000025],[-91.715233951999949,38.637308834000066],[-91.726644748999945,38.63818806200004],[-91.738055684999949,38.639067289000025],[-91.749466759999962,38.639946516000066],[-91.760877974999971,38.64082574300005],[-91.772289328999989,38.641704970000035],[-91.783700821999957,38.642584197000076],[-91.79511245499998,38.643463424000061],[-91.806524227999944,38.644342650000056],[-91.817936139999972,38.64522187700004],[-91.829348190999951,38.646101103000035],[-91.840760381999985,38.64698032900003],[-91.85217271199997,38.647859555000025],[-91.863585181999952,38.648738781000077],[-91.874997790999942,38.649618007000072],[-91.886410539999986,38.650497233000067],[-91.897823427999981,38.651376458000072],[-91.909236455999974,38.652255684000068],[-91.920649622999974,38.653134909000073],[-91.932062929999972,38.654014134000079],[-91.943476375999978,38.654893359000027],[-91.954889961999982,38.655772584000033],[-91.966303686999936,38.656651809000039],[-91.977717551999945,38.657531033000055],[-91.989131555999961,38.65841025800006],[-92.000545699999975,38.659289482000077],[-92.01195998299994,38.660168706000036],[-92.023374405999959,38.661047930000052],[-92.034788968999976,38.661927154000068],[-92.046203670999944,38.662806378000028],[-92.057618511999976,38.663685602000044],[-92.069033493999939,38.66456482500007],[-92.080448613999977,38.66544404900003],[-92.091863874999945,38.666323272000056],[-92.103279274999977,38.667202495000026],[-92.114694813999961,38.668081718000053],[-92.126110493999988,38.66896094100008],[-92.137526311999977,38.66984016400005],[-92.148942270999953,38.67071938600003],[-92.160358368999937,38.671598609000057],[-92.171774606999975,38.672477831000037],[-92.183190983999964,38.673357053000075],[-92.19460750099995,38.674236275000055],[-92.206024157999991,38.675115497000036],[-92.217440953999983,38.675994719000073],[-92.228857889999972,38.676873941000053],[-92.240274965999959,38.677753162000045],[-92.251692180999953,38.678632384000025],[-92.263109535999945,38.679511605000073],[-92.274527030999991,38.680390826000064],[-92.285944664999988,38.681270047000055],[-92.297362438999983,38.682149268000046],[-92.308780352999975,38.683028489000037],[-92.320198405999975,38.683907709000039],[-92.331616599999961,38.68478693000003],[-92.343034931999966,38.685666150000031],[-92.354453404999958,38.686545370000033],[-92.365872017999948,38.687424590000035],[-92.377290769999945,38.688303810000036],[-92.38870966199994,38.689183030000038],[-92.400128692999942,38.69006225000004],[-92.411547864999989,38.690941469000052],[-92.422967175999986,38.691820689000053],[-92.434386626999981,38.692699908000066],[-92.445806217999973,38.693579127000078],[-92.457225947999973,38.694458346000033],[-92.46864581799997,38.695337565000045],[-92.480065827999965,38.696216784000057],[-92.491485977999957,38.69709600300007],[-92.502906267999947,38.697975221000036],[-92.514326697999991,38.698854439000058],[-92.525747266999986,38.699733658000071],[-92.537167975999978,38.700612876000037],[-92.548588824999968,38.701492094000059],[-92.560009813999955,38.702371312000025],[-92.571430942999939,38.703250529000059],[-92.582852210999988,38.704129747000025],[-92.594273619999967,38.705008964000058],[-92.605695167999954,38.705888182000081],[-92.617116855999939,38.706767399000057],[-92.628538683999977,38.707646616000034],[-92.639960651999957,38.708525833000067],[-92.65138275999999,38.709405049000054],[-92.662805007999964,38.710284266000031],[-92.674227394999946,38.711163483000064],[-92.685649922999971,38.712042699000051],[-92.697072589999948,38.712921915000038],[-92.708495397999968,38.713801131000025],[-92.71991834499994,38.714680347000069],[-92.731341431999965,38.715559563000056],[-92.742764658999988,38.716438779000043],[-92.754188025999952,38.717317994000041],[-92.765611532999969,38.718197210000028],[-92.777035180999974,38.719076425000026],[-92.78845896699994,38.71995564000008],[-92.79988289399995,38.720834855000078],[-92.811306960999957,38.721714070000075],[-92.822731167999962,38.722593285000073],[-92.834155514999964,38.723472500000071],[-92.845580001999963,38.724351714000079],[-92.85700462899996,38.725230929000077],[-92.868429395999954,38.726110143000028],[-92.879854302999945,38.726989357000036],[-92.891279348999944,38.727868571000045],[-92.902704535999987,38.728747785000053],[-92.914129862999971,38.729626998000072],[-92.925555329999952,38.73050621200008],[-92.936980936999987,38.731385426000031],[-92.948406684999952,38.73226463900005],[-92.959832571999982,38.733143852000069],[-92.971258598999952,38.734023065000031],[-92.982684765999977,38.73490227800005],[-92.994111072999942,38.735781491000068],[-93.005537520999951,38.736660703000041],[-93.016964107999968,38.73753991600006],[-93.028390835999971,38.738419128000032],[-93.039817703999972,38.739298341000051],[-93.051244710999981,38.74017755300008],[-93.062671858999977,38.741056765000053],[-93.07409914699997,38.741935977000026],[-93.08552657599995,38.742815188000066],[-93.096954143999938,38.743694400000038],[-93.10838185199998,38.744573611000078],[-93.119809700999951,38.745452823000051],[-93.131237688999988,38.746332034000034],[-93.142665817999955,38.747211245000074],[-93.154094086999976,38.748090456000057],[-93.165522495999937,38.74896966700004],[-93.176951045999942,38.749848877000034],[-93.188379734999955,38.750728088000074],[-93.199808564999955,38.751607298000067],[-93.211237534999952,38.75248650900005],[-93.222666644999947,38.753365719000044],[-93.234095894999939,38.754244929000038],[-93.245525285999975,38.755124139000031],[-93.256954815999961,38.756003348000036],[-93.268384486999992,38.756882558000029],[-93.279814298999952,38.757761767000034],[-93.291244249999977,38.758640977000027],[-93.302674341999989,38.759520186000032],[-93.314104572999952,38.760399395000036],[-93.325534944999958,38.76127860400004],[-93.336965457999952,38.762157813000044],[-93.348396109999953,38.763037022000049],[-93.359826902999941,38.763916230000063],[-93.371257836999973,38.764795439000068],[-93.382688909999956,38.765674647000026],[-93.394120123999983,38.766553855000041],[-93.40555147799995,38.767433063000055],[-93.416982971999971,38.76831227100007],[-93.428414606999979,38.769191479000028],[-93.439846381999985,38.770070686000054],[-93.451278296999988,38.770949894000069],[-93.462710352999977,38.771829101000037],[-93.474142548999964,38.772708308000063],[-93.485574884999949,38.773587515000031],[-93.497007360999987,38.774466722000057],[-93.508439977999956,38.775345929000025],[-93.519872735999968,38.77622513600005],[-93.531305632999988,38.77710434200003],[-93.542738670999938,38.777983549000055],[-93.554171849999989,38.778862755000034],[-93.56560516899998,38.77974196100007],[-93.577038627999968,38.780621167000049],[-93.588472226999954,38.781500373000029],[-93.599905966999984,38.782379579000064],[-93.611339847999943,38.783258785000044],[-93.622773867999967,38.784137990000033],[-93.634208029999968,38.78501719500008],[-93.645642330999976,38.785896401000059],[-93.657076772999972,38.786775606000049],[-93.668511355999954,38.787654811000039],[-93.67994607899999,38.788534016000028],[-93.691380941999967,38.789413220000029],[-93.702815945999987,38.790292425000075],[-93.714251089999948,38.791171629000075],[-93.725686374999952,38.792050834000065],[-93.737121799999954,38.792930038000065],[-93.748557365999943,38.793809242000066],[-93.759993071999986,38.794688446000066],[-93.77142891799997,38.795567649000077],[-93.782864905999986,38.796446853000077],[-93.794301032999954,38.797326057000078],[-93.805737300999965,38.798205260000032],[-93.817173709999963,38.799084463000042],[-93.828610258999959,38.799963666000053],[-93.840046948999941,38.800842869000064],[-93.851483778999977,38.801722072000075],[-93.862920749999944,38.802601275000029],[-93.874357860999964,38.803480477000051],[-93.885795112999972,38.804359680000061],[-93.897232505999966,38.805238882000026],[-93.908670038999958,38.806118084000047],[-93.920107711999947,38.806997286000069],[-93.931545525999979,38.807876488000034],[-93.942983480999942,38.808755690000055],[-93.954421575999959,38.809634892000076],[-93.965859811999962,38.810514093000052],[-93.977298188999953,38.811393295000073],[-93.988736705999941,38.812272496000048],[-94.000175363999972,38.81315169700008],[-94.011614161999944,38.814030898000055],[-94.023053100999959,38.814910099000031],[-94.034492179999972,38.815789300000063],[-94.045931400999962,38.816668500000048],[-94.057370761999948,38.81754770100008],[-94.068810262999989,38.818426901000066],[-94.08024990499996,38.819306101000052],[-94.091689687999974,38.820185301000038],[-94.103129611999975,38.82106450100008],[-94.114569675999974,38.821943701000066],[-94.126009880999959,38.822822901000052],[-94.137450225999942,38.823702100000048],[-94.148890711999968,38.824581300000034],[-94.160331338999981,38.82546049900003],[-94.171772106999981,38.826339698000027],[-94.183213014999978,38.82721889700008],[-94.194654063999963,38.828098096000076],[-94.20609525399999,38.828977295000072],[-94.217536584999948,38.829856493000079],[-94.22897805599996,38.830735692000076],[-94.240419667999959,38.831614890000026],[-94.251861420999944,38.832494088000033],[-94.263303313999984,38.83337328600004],[-94.274745347999954,38.834252484000046],[-94.286187522999967,38.835131682000053],[-94.297629838999967,38.83601088000006],[-94.309072295999954,38.836890077000078],[-94.320514892999938,38.837769275000028],[-94.331957630999966,38.838648472000045],[-94.343400509999981,38.839527669000063],[-94.354843529999982,38.84040686600008],[-94.366286690999971,38.841286063000041],[-94.377729991999956,38.842165260000058],[-94.389173433999986,38.84304445600003],[-94.400617016999945,38.843923653000047],[-94.412060740999948,38.844802849000075],[-94.423504605999938,38.845682045000046],[-94.434948610999982,38.846561241000074],[-94.446392757999945,38.847440437000046],[-94.457837044999962,38.848319633000074],[-94.469281472999967,38.849198829000045],[-94.480726041999958,38.850078024000027],[-94.492170751999936,38.850957220000055],[-94.503615601999968,38.851836415000037],[-94.515060593999976,38.852715610000075],[-94.526505726999972,38.853594805000057],[-94.537950999999964,38.854474000000039]]},"properties":{"OID":17,"Product_Type_i":"Raw","From_ID":"Processor2","From_Node":"St. Louis Processing Facility","From_City_Area":"St. Louis","From_State":"MO","From_Latitude":38.540593000000001,"From_Longitude":-90.460896000000005,"Product_Type_j":" Raw","To_ID":"Warehouse2","To_Node":"Kansas City Cold Storage Hub","To_City_Area":"Kansas City","To_State":"MO","To_Latitude":38.854474000000003,"To_Longitude":-94.537951000000007,"Quantity":2181.8182000000002,"ORIG_FID":17,"Shape_Length":4.0891195769938964}},{"type":"Feature","id":18,"geometry":{"type":"LineString","coordinates":[[-93.914218999999946,36.917832000000033],[-93.91699254599996,36.926557041000024],[-93.919766407999987,36.935282068000049],[-93.922540586999958,36.944007083000031],[-93.925315081999941,36.952732085000036],[-93.928089892999935,36.961457074000066],[-93.930865020999988,36.970182051000052],[-93.933640464999939,36.978907014000072],[-93.936416226999938,36.987631965000048],[-93.939192304999949,36.996356903000049],[-93.941968700999951,37.005081828000073],[-93.944745413999954,37.013806740000064],[-93.947522444999947,37.022531639000078],[-93.950299792999942,37.03125652500006],[-93.953077458999985,37.039981399000055],[-93.955855441999972,37.048706259000028],[-93.95863374399994,37.05743110700007],[-93.961412363999955,37.06615594200008],[-93.964191301999961,37.074880764000056],[-93.966970557999957,37.083605573000057],[-93.969750132999991,37.09233037000007],[-93.972530026999948,37.101055153000061],[-93.975310238999953,37.109779924000065],[-93.978090769999937,37.118504681000047],[-93.980871620999949,37.127229426000042],[-93.983652789999951,37.135954158000061],[-93.986434279999969,37.144678877000047],[-93.989216087999978,37.153403583000056],[-93.991998215999956,37.162128277000079],[-93.994780663999961,37.170852957000079],[-93.997563431999936,37.179577625000036],[-94.000346519999937,37.188302280000073],[-94.003129927999964,37.197026921000031],[-94.005913656999951,37.205751550000059],[-94.008697704999975,37.214476166000054],[-94.011482074999947,37.223200770000062],[-94.014266764999945,37.231925360000048],[-94.01705177599996,37.240649937000057],[-94.01983710899998,37.24937450200008],[-94.022622761999969,37.25809905400007],[-94.025408735999974,37.266823592000037],[-94.028195031999985,37.275548118000074],[-94.030981649999944,37.284272631000078],[-94.033768588999976,37.29299713100005],[-94.036555849999957,37.301721619000034],[-94.039343433999989,37.310446093000053],[-94.04213133899998,37.319170554000038],[-94.044919565999976,37.327895003000037],[-94.047708115999967,37.336619438000071],[-94.050496988999953,37.34534386100006],[-94.053286183999944,37.354068271000074],[-94.056075701999987,37.362792668000054],[-94.058865542999968,37.371517052000058],[-94.061655706999943,37.380241423000029],[-94.06444619399997,37.388965781000024],[-94.067237004999981,37.397690127000033],[-94.070028138999987,37.406414459000075],[-94.072819596999977,37.415138779000074],[-94.075611377999962,37.42386308500005],[-94.078403483999978,37.43258737900004],[-94.081195912999988,37.441311660000054],[-94.083988666999971,37.450035927000044],[-94.086781744999939,37.458760182000049],[-94.089575147999938,37.467484425000066],[-94.092368874999977,37.476208654000061],[-94.09516292699999,37.48493287000008],[-94.097957303999976,37.493657073000065],[-94.100752006999983,37.502381264000064],[-94.103547033999973,37.511105441000041],[-94.106342385999938,37.51982960600003],[-94.109138063999978,37.528553757000054],[-94.111934067999982,37.537277896000035],[-94.11473039699996,37.546002022000039],[-94.117527052999947,37.554726135000067],[-94.120324033999964,37.563450235000062],[-94.12312134199999,37.57217432200008],[-94.12591897599998,37.580898396000066],[-94.128716935999989,37.589622457000075],[-94.131515222999951,37.598346505000052],[-94.13431383599999,37.607070541000041],[-94.13711277699997,37.615794563000065],[-94.13991204499996,37.624518572000056],[-94.14271163899997,37.63324256900006],[-94.145511560999978,37.641966553000032],[-94.148311810999985,37.650690523000037],[-94.151112387999945,37.659414481000056],[-94.15391329299996,37.668138426000041],[-94.156714524999984,37.676862358000051],[-94.15951608599994,37.685586277000027],[-94.162317974999951,37.694310183000027],[-94.165120191999961,37.703034076000051],[-94.167922736999969,37.711757956000042],[-94.170725610999966,37.720481823000057],[-94.173528813999951,37.729205677000039],[-94.176332345999981,37.737929518000044],[-94.179136206999942,37.746653347000063],[-94.181940396999948,37.755377162000059],[-94.184744915999943,37.764100965000068],[-94.187549763999982,37.772824754000055],[-94.190354941999942,37.781548531000055],[-94.193160449999937,37.790272294000033],[-94.195966287999966,37.798996045000024],[-94.198772455999972,37.807719783000039],[-94.201578952999967,37.816443507000031],[-94.204385781999974,37.825167219000036],[-94.20719293999997,37.833890918000066],[-94.21000042899999,37.842614604000062],[-94.212808248999977,37.851338277000025],[-94.215616399999988,37.860061937000069],[-94.218424880999976,37.868785584000079],[-94.221233693999977,37.877509218000057],[-94.224042837999946,37.886232839000058],[-94.226852313999984,37.894956447000027],[-94.22966212099999,37.903680042000076],[-94.232472259999952,37.912403624000035],[-94.235282729999938,37.921127194000064],[-94.238093532999983,37.929850750000071],[-94.240904667999985,37.938574293000045],[-94.243716134999943,37.947297824000032],[-94.246527933999971,37.956021341000053],[-94.249340066999991,37.964744845000041],[-94.252152530999979,37.973468337000043],[-94.254965328999958,37.982191815000078],[-94.25777845999994,37.990915281000071],[-94.260591922999936,37.99963873300004],[-94.26340572099997,38.00836217300008],[-94.26621985099996,38.01708559900004],[-94.269034314999942,38.025809013000071],[-94.271849112999973,38.034532414000068],[-94.27466424499994,38.043255801000043],[-94.277479709999966,38.051979176000032],[-94.280295509999974,38.060702538000044],[-94.283111644999963,38.069425886000033],[-94.285928112999954,38.078149222000036],[-94.288744915999985,38.086872545000062],[-94.29156205399994,38.095595855000056],[-94.29437952699999,38.104319151000027],[-94.297197334999964,38.113042435000068],[-94.300015477999978,38.121765706000076],[-94.302833955999972,38.130488964000051],[-94.305652769999938,38.13921220900005],[-94.308471918999942,38.147935441000072],[-94.311291403999974,38.156658659000072],[-94.314111224999976,38.165381865000029],[-94.31693138199995,38.174105058000066],[-94.319751875999941,38.18282823800007],[-94.32257270499997,38.191551405000041],[-94.32539387099996,38.200274559000036],[-94.328215373999967,38.208997700000054],[-94.331037212999945,38.21772082800004],[-94.333859389999986,38.22644394200006],[-94.336681902999942,38.235167044000036],[-94.339504753999961,38.243890133000036],[-94.34232794199994,38.25261320900006],[-94.345151466999937,38.261336272000051],[-94.34797532999994,38.270059322000066],[-94.35079953099995,38.278782359000047],[-94.353624069999967,38.287505383000052],[-94.356448945999944,38.296228394000025],[-94.359274160999973,38.304951392000078],[-94.362099714999943,38.313674376000051],[-94.364925606999975,38.322397348000038],[-94.367751836999958,38.331120307000049],[-94.370578406999982,38.339843253000026],[-94.373405314999957,38.348566186000028],[-94.376232562999974,38.357289106000053],[-94.37906014899994,38.366012013000045],[-94.381888075999939,38.374734906000072],[-94.384716340999944,38.383457787000054],[-94.387544946999981,38.392180655000061],[-94.390373891999957,38.400903510000035],[-94.393203176999975,38.409626351000043],[-94.396032801999979,38.418349180000064],[-94.398862767999958,38.427071996000052],[-94.401693073999979,38.435794799000064],[-94.404523719999986,38.444517588000053],[-94.407354706999968,38.453240365000056],[-94.41018603599997,38.461963129000026],[-94.413017704999959,38.47068587900003],[-94.415849714999979,38.479408617000047],[-94.418682066999963,38.488131341000042],[-94.42151475999998,38.49685405300005],[-94.424347793999971,38.505576751000035],[-94.427181170999972,38.514299437000034],[-94.430014888999949,38.523022109000067],[-94.432848948999947,38.531744769000056],[-94.435683351999955,38.54046741500008],[-94.438518096999985,38.549190048000071],[-94.441353183999979,38.557912669000075],[-94.444188613999984,38.566635276000056],[-94.447024386999942,38.575357870000062],[-94.449860502999968,38.58408045200008],[-94.452696961999948,38.592803020000076],[-94.455533763999938,38.601525575000039],[-94.458370908999939,38.610248117000026],[-94.46120839799994,38.618970646000037],[-94.464046230999941,38.627693162000071],[-94.466884406999952,38.636415665000072],[-94.469722927999953,38.645138155000041],[-94.472561791999965,38.653860632000033],[-94.475401000999966,38.662583096000048],[-94.478240554999957,38.671305547000031],[-94.481080451999958,38.680027985000038],[-94.483920694999938,38.688750409000079],[-94.486761281999975,38.697472821000076],[-94.489602214999991,38.706195220000041],[-94.492443492999939,38.714917605000039],[-94.495285115999991,38.723639978000051],[-94.498127083999975,38.73236233700004],[-94.500969397999938,38.741084684000043],[-94.503812057999937,38.74980701700008],[-94.506655063999972,38.758529338000073],[-94.509498414999939,38.767251645000044],[-94.512342112999988,38.775973939000039],[-94.515186157999949,38.784696220000058],[-94.518030548999945,38.793418489000032],[-94.520875285999978,38.802140744000042],[-94.523720370999968,38.810862986000075],[-94.526565801999936,38.819585215000075],[-94.529411579999987,38.828307431000042],[-94.532257705999939,38.837029633000043],[-94.535104178999973,38.845751823000057],[-94.537950999999964,38.854474000000039]]},"properties":{"OID":18,"Product_Type_i":"Raw","From_ID":"Processor4","From_Node":"Monett Poultry Processor","From_City_Area":"Monett","From_State":"MO","From_Latitude":36.917831999999997,"From_Longitude":-93.914219000000003,"Product_Type_j":" Raw","To_ID":"Warehouse2","To_Node":"Kansas City Cold Storage Hub","To_City_Area":"Kansas City","To_State":"MO","To_Latitude":38.854474000000003,"To_Longitude":-94.537951000000007,"Quantity":4000,"ORIG_FID":18,"Shape_Length":2.0346116362799789}},{"type":"Feature","id":19,"geometry":{"type":"LineString","coordinates":[[-93.914218999999946,36.917832000000033],[-93.906072293999955,36.924028562000046],[-93.897924927999952,36.930225118000067],[-93.889776901999937,36.936421668000037],[-93.881628216999957,36.942618211000024],[-93.873478872999954,36.948814747000029],[-93.865328867999949,36.95501127700004],[-93.857178201999943,36.961207800000068],[-93.849026876999972,36.967404317000046],[-93.840874889999952,36.973600828000031],[-93.832722242999978,36.979797332000032],[-93.824568933999956,36.985993830000041],[-93.816414963999989,36.992190321000066],[-93.808260332999964,36.998386805000052],[-93.800105039999949,37.004583283000045],[-93.791949084999942,37.010779755000044],[-93.783792467999945,37.01697622000006],[-93.775635188999956,37.023172679000027],[-93.767477246999988,37.029369131000067],[-93.759318641999982,37.035565577000057],[-93.751159374999986,37.041762016000064],[-93.742999443999963,37.047958448000031],[-93.73483884999996,37.054154875000052],[-93.726677591999987,37.060351294000043],[-93.718515670999977,37.06654770800003],[-93.710353085999941,37.072744114000045],[-93.702189835999945,37.078940515000056],[-93.69402592299997,37.085136908000038],[-93.685861343999989,37.091333296000073],[-93.677696100999981,37.097529676000079],[-93.669530192999957,37.103726051000024],[-93.661363619999975,37.109922419000043],[-93.653196381999976,37.116118780000079],[-93.645028476999983,37.122315135000065],[-93.636859907999963,37.128511483000068],[-93.628690671999948,37.134707825000078],[-93.620520769999985,37.140904160000048],[-93.61235020099997,37.147100489000024],[-93.604178965999949,37.153296811000075],[-93.596007063999991,37.159493127000076],[-93.587834495999971,37.165689437000026],[-93.579661258999977,37.17188574000005],[-93.571487355999977,37.178082036000035],[-93.563312784999937,37.184278326000026],[-93.555137545999969,37.190474609000034],[-93.54696163899996,37.196670886000049],[-93.538785063999967,37.202867157000071],[-93.53060782099999,37.209063420000064],[-93.522429908999982,37.215259678000052],[-93.514251327999943,37.221455929000058],[-93.506072077999988,37.227652173000024],[-93.497892157999956,37.233848411000054],[-93.48971156999994,37.240044643000033],[-93.481530310999972,37.24624086700004],[-93.473348382999973,37.252437086000043],[-93.465165784999954,37.258633298000063],[-93.456982515999982,37.264829503000044],[-93.448798576999991,37.271025702000031],[-93.44061396699999,37.277221894000036],[-93.43242868699997,37.283418080000047],[-93.42424273499995,37.289614260000064],[-93.416056111999978,37.295810433000042],[-93.407868816999951,37.302006599000038],[-93.399680850999971,37.308202759000039],[-93.391492212999935,37.314398912000058],[-93.383302902999958,37.320595059000027],[-93.375112919999935,37.326791200000059],[-93.366922264999971,37.332987334000052],[-93.358730936999962,37.339183461000061],[-93.350538935999964,37.345379582000078],[-93.342346261999978,37.351575696000054],[-93.334152914999947,37.357771804000038],[-93.325958893999939,37.363967905000038],[-93.317764199999942,37.370164000000045],[-93.309568830999979,37.376360089000059],[-93.301372787999981,37.382556170000043],[-93.293176070999948,37.388752246000024],[-93.284978678999948,37.394948315000079],[-93.276780612999971,37.401144377000037],[-93.268581870999981,37.407340433000059],[-93.260382453999966,37.41353648200004],[-93.252182361999985,37.419732525000029],[-93.24398159399999,37.425928561000035],[-93.235780150999972,37.432124591000047],[-93.22757803099995,37.438320614000077],[-93.219375234999973,37.444516631000056],[-93.211171762999982,37.450712641000052],[-93.202967613999988,37.456908645000055],[-93.194762787999991,37.463104642000076],[-93.186557284999935,37.469300633000046],[-93.17835110499999,37.475496617000033],[-93.170144246999939,37.481692594000037],[-93.161936710999953,37.487888566000038],[-93.153728497999964,37.494084530000066],[-93.145519606999983,37.500280488000044],[-93.137310036999963,37.506476440000029],[-93.129099787999962,37.51267238500003],[-93.120888860999969,37.518868324000039],[-93.112677254999937,37.525064256000064],[-93.104464969999981,37.53126018100005],[-93.096252005999986,37.537456100000043],[-93.088038361999963,37.543652013000042],[-93.07982403799997,37.549847919000058],[-93.071609033999948,37.556043818000035],[-93.063393349999956,37.562239711000075],[-93.055176984999946,37.568435597000075],[-93.046959939999965,37.574631477000025],[-93.038742214999957,37.580827351000039],[-93.030523807999941,37.58702321800007],[-93.022304719999966,37.593219078000061],[-93.014084949999983,37.599414932000059],[-93.005864498999983,37.605610779000074],[-92.997643365999977,37.611806620000038],[-92.989421550999964,37.618002454000077],[-92.981199052999955,37.624198282000066],[-92.972975872999939,37.630394103000071],[-92.964752010999973,37.636589918000027],[-92.956527464999965,37.642785726000056],[-92.948302235999961,37.648981528000036],[-92.94007632499995,37.655177323000032],[-92.931849728999964,37.661373111000046],[-92.923622449999982,37.667568893000066],[-92.915394486999958,37.673764669000036],[-92.907165838999958,37.67996043800008],[-92.898936507999963,37.686156201000074],[-92.890706490999946,37.692351957000028],[-92.882475789999944,37.698547706000056],[-92.874244403999967,37.704743449000034],[-92.866012332999958,37.710939185000029],[-92.857779575999984,37.717134915000031],[-92.849546133999979,37.723330639000039],[-92.841312005999953,37.729526355000075],[-92.833077190999973,37.735722066000051],[-92.824841690999961,37.741917769000054],[-92.816605503999938,37.748113467000053],[-92.808368629999961,37.75430915700008],[-92.800131069999964,37.760504842000046],[-92.791892821999966,37.76670051900004],[-92.783653886999957,37.77289619000004],[-92.775414264999938,37.779091855000047],[-92.767173953999986,37.785287513000071],[-92.758932955999967,37.791483164000056],[-92.750691269999948,37.797678809000047],[-92.742448894999939,37.803874448000045],[-92.734205831999986,37.81007008000006],[-92.725962079999988,37.816265705000035],[-92.717717638999943,37.822461324000074],[-92.709472508999966,37.828656936000073],[-92.701226688999952,37.834852542000078],[-92.69298017999995,37.841048141000044],[-92.684732979999978,37.847243734000074],[-92.676485090999961,37.853439320000064],[-92.668236511999964,37.85963490000006],[-92.659987241999943,37.865830473000074],[-92.651737280999953,37.872026040000037],[-92.643486628999938,37.878221600000074],[-92.635235286999944,37.884417153000072],[-92.626983252999992,37.890612700000077],[-92.618730526999968,37.896808240000041],[-92.610477109999977,37.903003774000069],[-92.60222300099997,37.909199302000047],[-92.59396819899996,37.915394822000053],[-92.585712704999992,37.921590337000055],[-92.577456518999952,37.927785844000027],[-92.569199639999965,37.933981346000053],[-92.560942066999985,37.940176840000049],[-92.55268380199999,37.946372328000052],[-92.544424842999945,37.952567810000062],[-92.536165189999963,37.958763285000032],[-92.527904843999977,37.964958753000076],[-92.519643802999951,37.97115421500007],[-92.511382067999989,37.97734967100007],[-92.503119638999976,37.983545120000031],[-92.494856514999981,37.989740562000065],[-92.486592695999946,37.99593599800005],[-92.478328181999984,38.002131427000052],[-92.470062971999937,38.00832685000006],[-92.461797066999964,38.014522266000029],[-92.453530465999961,38.020717675000071],[-92.445263168999986,38.026913078000064],[-92.436995175999982,38.033108475000063],[-92.42872648599996,38.039303865000079],[-92.420457099999965,38.045499248000056],[-92.412187016999951,38.051694625000039],[-92.403916235999986,38.057889996000029],[-92.395644758999936,38.064085359000046],[-92.387372583999991,38.07028071700006],[-92.379099710999981,38.076476067000044],[-92.370826140999952,38.082671411000035],[-92.362551871999983,38.088866749000033],[-92.354276904999949,38.095062080000048],[-92.346001238999975,38.10125740400008],[-92.337724874999935,38.107452722000062],[-92.329447810999966,38.11364803400005],[-92.321170047999942,38.119843339000056],[-92.312891585999978,38.126038637000079],[-92.30461242399997,38.132233929000051],[-92.296332562999964,38.138429214000041],[-92.288052000999983,38.144624492000048],[-92.279770738999957,38.150819765000051],[-92.271488775999956,38.157015030000025],[-92.263206112999967,38.163210289000062],[-92.254922748999945,38.16940554100006],[-92.246638683999947,38.175600787000064],[-92.238353916999984,38.181796027000075],[-92.230068448999987,38.187991259000057],[-92.221782278999967,38.194186486000035],[-92.213495406999982,38.200381705000041],[-92.205207831999985,38.206576918000053],[-92.196919555999955,38.212772125000072],[-92.18863057599998,38.218967325000051],[-92.180340893999983,38.225162518000047],[-92.172050508999973,38.23135770500005],[-92.163759419999963,38.23755288600006],[-92.15546762799994,38.24374805900004],[-92.147175131999973,38.249943226000028],[-92.138881931999947,38.256138387000078],[-92.130588027999977,38.262333541000032],[-92.122293418999959,38.26852868900005],[-92.11399810599994,38.274723830000028],[-92.105702088999976,38.28091896400008],[-92.097405365999975,38.287114092000024],[-92.089107937999984,38.293309213000043],[-92.080809803999955,38.299504328000069],[-92.072510964999935,38.305699436000054],[-92.064211419999936,38.311894538000047],[-92.055911167999966,38.318089633000056],[-92.047610210999949,38.324284721000026],[-92.039308545999972,38.33047980300006],[-92.031006175999948,38.336674879000043],[-92.022703097999965,38.342869948000043],[-92.014399311999966,38.349065010000061],[-92.006094819999987,38.355260065000039],[-91.997789619999935,38.361455115000069],[-91.989483711999981,38.367650157000071],[-91.981177095999954,38.373845193000079],[-91.972869770999978,38.380040223000037],[-91.964561737999986,38.38623524500008],[-91.956252996999979,38.392430262000062],[-91.947943545999976,38.398625271000071],[-91.939633385999969,38.404820275000077],[-91.931322516999955,38.411015271000053],[-91.923010938999937,38.417210261000037],[-91.914698649999991,38.423405245000026],[-91.906385651999983,38.429600222000033],[-91.898071942999991,38.435795192000057],[-91.889757523999947,38.441990156000031],[-91.881442393999976,38.448185113000079],[-91.873126552999963,38.454380064000077],[-91.864810000999967,38.460575008000035],[-91.85649273699994,38.466769945000067],[-91.848174762999975,38.472964876000049],[-91.83985607599999,38.479159801000037],[-91.831536676999974,38.485354718000053],[-91.823216566999974,38.491549630000065],[-91.814895742999965,38.497744534000049],[-91.806574206999983,38.503939432000038],[-91.79825195899997,38.510134324000035],[-91.789928996999947,38.516329209000048],[-91.781605320999972,38.522524087000079],[-91.773280932999967,38.528718959000059],[-91.764955829999963,38.534913824000057],[-91.756630013999938,38.541108683000061],[-91.748303482999972,38.547303535000026],[-91.73997623799994,38.553498380000065],[-91.731648277999966,38.559693219000053],[-91.723319603999983,38.565888052000048],[-91.714990213999954,38.572082877000071],[-91.706660108999984,38.578277697000033],[-91.698329288999957,38.584472509000079],[-91.689997752999943,38.590667315000076],[-91.681665500999941,38.596862115000079],[-91.67333253299995,38.603056908000042],[-91.664998847999982,38.609251694000079],[-91.656664446999969,38.615446474000066],[-91.648329328999978,38.621641247000071],[-91.639993493999953,38.627836014000025],[-91.63165694199995,38.634030774000053],[-91.62331967199998,38.640225527000041],[-91.614981683999986,38.646420274000036],[-91.606642978999957,38.652615014000048],[-91.598303554999973,38.658809748000067],[-91.589963412999964,38.665004475000046],[-91.581622552999988,38.671199196000032],[-91.573280972999953,38.677393910000035],[-91.564938674999951,38.683588617000055],[-91.556595656999946,38.689783318000025],[-91.548251919999984,38.695978012000069],[-91.539907462999963,38.702172700000062],[-91.531562286999986,38.708367381000073],[-91.523216389999959,38.714562056000034],[-91.514869772999987,38.720756723000079],[-91.506522434999965,38.726951385000064],[-91.498174375999952,38.733146040000065],[-91.489825595999946,38.739340688000027],[-91.481476095999938,38.745535329000063],[-91.473125872999958,38.751729964000049],[-91.464774928999987,38.757924593000041],[-91.456423262999976,38.764119215000051],[-91.448070874999985,38.770313830000077],[-91.439717764999955,38.776508439000054],[-91.431363931999954,38.782703041000048],[-91.423009375999982,38.788897636000058],[-91.414654096999982,38.795092225000076],[-91.406298094999954,38.801286807000054],[-91.397941368999966,38.807481383000038],[-91.38958391999995,38.81367595200004],[-91.381225746999974,38.819870515000048],[-91.37286684899999,38.826065071000073],[-91.364507227999979,38.832259620000059],[-91.356146880999972,38.838454163000051],[-91.347785809999948,38.844648699000061],[-91.339424013999974,38.850843229000077],[-91.331061492999936,38.857037752000053],[-91.322698245999959,38.863232269000036],[-91.314334273999975,38.869426778000047],[-91.305969574999949,38.875621282000054],[-91.297604150999973,38.881815778000032],[-91.289237999999955,38.888010269000063],[-91.280871121999951,38.894204752000064],[-91.272503517999951,38.900399229000072],[-91.264135185999976,38.906593699000041],[-91.255766127999948,38.912788163000073],[-91.247396341999945,38.918982620000065],[-91.239025827999967,38.925177071000064],[-91.230654585999957,38.93137151500008],[-91.222282615999973,38.937565952000057],[-91.213909917999956,38.94376038300004],[-91.205536490999975,38.94995480700004],[-91.197162334999973,38.956149225000047],[-91.18878744999995,38.962343636000071],[-91.180411835999962,38.968538040000055],[-91.172035491999964,38.974732438000046],[-91.163658418999944,38.980926829000055],[-91.15528061599997,38.987121214000069],[-91.14690208199994,38.993315592000044],[-91.138522817999956,38.999509963000037],[-91.130142823999961,39.005704328000036],[-91.121762097999977,39.011898686000052],[-91.113380641999981,39.018093038000075],[-91.10499845399994,39.024287383000058],[-91.096615534999955,39.030481722000047],[-91.088231883999981,39.036676054000054],[-91.079847500999961,39.042870379000078],[-91.071462385999951,39.049064697000063],[-91.063076537999962,39.055259010000043],[-91.054689957999983,39.061453315000051],[-91.046302644999969,39.067647614000066],[-91.037914597999986,39.073841906000041],[-91.029525818999957,39.08003619200008],[-91.02113630599996,39.086230471000079],[-91.012746058999937,39.092424743000038],[-91.004355077999946,39.09861900900006],[-90.995963361999941,39.104813269000033],[-90.987570912999956,39.111007521000033],[-90.979177727999968,39.11720176700004],[-90.970783808999954,39.123396007000053],[-90.962389154999983,39.129590240000027],[-90.95399376499995,39.135784466000075],[-90.94559763999996,39.141978686000073],[-90.937200777999976,39.148172899000031],[-90.928803180999978,39.154367105000063],[-90.920404847999976,39.160561305000044],[-90.91200577699999,39.166755498000043],[-90.90360597099999,39.172949685000049],[-90.895205426999951,39.179143865000071],[-90.886804145999974,39.185338039000044],[-90.878402127999948,39.191532206000034],[-90.869999371999938,39.19772636600004],[-90.861595877999946,39.203920519000064],[-90.853191645999971,39.210114666000038],[-90.844786675999956,39.216308807000075],[-90.836380966999968,39.222502941000073],[-90.827974518999952,39.228697068000031],[-90.819567332999952,39.234891189000052],[-90.811159406999991,39.241085303000034],[-90.802750741999944,39.247279410000033],[-90.794341336999935,39.253473511000038],[-90.785931191999964,39.259667605000061],[-90.777520306999975,39.265861693000033],[-90.769108681999967,39.27205577400008],[-90.760696315999951,39.27824984800003],[-90.752283208999984,39.284443916000043],[-90.743869360999952,39.290637977000074],[-90.735454771999969,39.296832031000065],[-90.727039440999988,39.303026079000063],[-90.718623368999943,39.309220121000067],[-90.710206553999967,39.315414155000042],[-90.701788997999984,39.32160818400007],[-90.693370698999956,39.327802205000069],[-90.684951656999942,39.333996220000074],[-90.676531871999941,39.34019022800004],[-90.668111344999943,39.346384230000069],[-90.659690073999968,39.352578225000059],[-90.65126805899996,39.358772213000066],[-90.642845300999966,39.364966195000079],[-90.634421797999948,39.371160171000042],[-90.625997551999944,39.377354139000033],[-90.617572559999985,39.383548101000031],[-90.609146823999936,39.389742057000035],[-90.600720343999967,39.395936005000067],[-90.592293117999986,39.402129947000049],[-90.583865145999937,39.408323883000037],[-90.575436428999978,39.414517812000042],[-90.567006965999951,39.420711734000065],[-90.558576756999969,39.426905650000037],[-90.550145801999975,39.433099559000027],[-90.541714099999979,39.43929346200008],[-90.533281650999982,39.445487357000047],[-90.524848454999983,39.451681247000067],[-90.516414511999983,39.457875129000058],[-90.507979820999935,39.464069005000056],[-90.499544382999943,39.47026287500006],[-90.49110819699996,39.476456737000035],[-90.482671262999986,39.482650594000063],[-90.474233579999975,39.488844443000062],[-90.465795147999984,39.495038286000067],[-90.457355967999945,39.501232122000033],[-90.448916038999982,39.507425952000062],[-90.440475359999937,39.513619775000052],[-90.432033931999968,39.519813592000048],[-90.423591753999972,39.526007401000072],[-90.41514882599995,39.532201205000035],[-90.406705146999968,39.538395001000026],[-90.39826071799996,39.544588791000081],[-90.389815538999983,39.550782575000028],[-90.381369607999943,39.55697635100006],[-90.372922925999944,39.563170121000041],[-90.364475492999986,39.56936388500003],[-90.356027308999955,39.575557642000035],[-90.347578371999987,39.581751392000058],[-90.339128682999956,39.58794513600003],[-90.330678241999976,39.594138873000077],[-90.322227047999945,39.600332603000027],[-90.313775101999965,39.60652632700004],[-90.305322401999945,39.612720044000071],[-90.296868948999986,39.618913755000051],[-90.288414742999976,39.625107458000059],[-90.279959782999981,39.631301156000063],[-90.271504068999946,39.637494846000038],[-90.263047599999936,39.643688530000077],[-90.254590377999989,39.649882208000065],[-90.246132399999965,39.65607587900007],[-90.237673667999957,39.662269543000036],[-90.229214180999975,39.668463200000076],[-90.220753937999973,39.674656851000066],[-90.212292938999951,39.680850495000072],[-90.203831184999956,39.687044133000029],[-90.195368674999941,39.69323776400006],[-90.186905407999973,39.69943138900004],[-90.178441384999985,39.705625006000048],[-90.169976604999988,39.711818618000052],[-90.161511067999982,39.718012222000027],[-90.153044773999966,39.724205820000066],[-90.144577721999951,39.730399411000064],[-90.136109912999984,39.73659299600007],[-90.127641345999962,39.742786574000036],[-90.119172019999951,39.748980145000075],[-90.110701935999941,39.755173710000065],[-90.102231092999943,39.761367268000072],[-90.093759491999947,39.767560820000028],[-90.085287130999973,39.773754364000069],[-90.076814011999943,39.77994790300005],[-90.068340131999946,39.786141434000058],[-90.059865492999961,39.792334959000073],[-90.051390092999952,39.798528478000037],[-90.042913933999955,39.804721989000029],[-90.034437012999945,39.810915494000028],[-90.025959331999957,39.817108993000033],[-90.017480889999945,39.823302485000056],[-90.009001686999966,39.829495970000039],[-90.000521722999963,39.835689448000039],[-89.992040995999957,39.841882920000046],[-89.983559507999985,39.848076386000059],[-89.975077256999953,39.854269844000044],[-89.966594243999964,39.860463296000034],[-89.958110468999962,39.866656742000032],[-89.949625929999968,39.872850181000047],[-89.94114062899996,39.879043613000078],[-89.932654563999961,39.885237038000071],[-89.924167735999958,39.89143045700007],[-89.915680142999975,39.897623869000029],[-89.907191786999988,39.903817275000051],[-89.898702665999963,39.910010674000034],[-89.890212780999946,39.916204066000034],[-89.881722130999947,39.922397452000041],[-89.873230715999966,39.928590831000065],[-89.864738535999948,39.934784203000049],[-89.856245589999958,39.94097756900004],[-89.847751878999986,39.947170928000048],[-89.839257400999941,39.953364281000063],[-89.83076215799997,39.959557627000038],[-89.822266147999983,39.96575096600003],[-89.813769370999978,39.971944299000029],[-89.805271826999956,39.978137624000055],[-89.796773516999963,39.984330944000078],[-89.788274437999974,39.990524256000072],[-89.779774592999956,39.996717563000061],[-89.771273978999943,40.002910862000078],[-89.76277259799997,40.009104155000045],[-89.754270446999953,40.01529744100003],[-89.745767528999977,40.021490720000031],[-89.737263841999948,40.027683993000039],[-89.728759384999989,40.033877259000064],[-89.720254158999978,40.040070519000039],[-89.711748163999971,40.046263772000032],[-89.703241398999978,40.052457018000041],[-89.694733863999943,40.058650258000057],[-89.686225558999979,40.064843491000033],[-89.677716482999983,40.071036717000027],[-89.669206636999945,40.077229937000027],[-89.660696019999989,40.083423150000044],[-89.652184630999955,40.089616357000068],[-89.643672470999945,40.095809556000063],[-89.635159538999972,40.102002749000064],[-89.626645835999966,40.108195936000072],[-89.61813135999995,40.114389116000041],[-89.609616111999969,40.120582289000026],[-89.601100090999978,40.126775456000075],[-89.592583297999965,40.132968616000028],[-89.584065730999953,40.139161769000054],[-89.575547390999986,40.145354916000031],[-89.567028277999952,40.151548056000024],[-89.558508389999986,40.157741189000035],[-89.549987728999952,40.163934316000052],[-89.541466292999985,40.17012743600003],[-89.532944082999961,40.176320549000025],[-89.524421097999948,40.182513656000026],[-89.515897336999956,40.188706756000045],[-89.507372801999963,40.19489985000007],[-89.498847490999935,40.201092936000066],[-89.490321404999975,40.207286017000058],[-89.481794541999989,40.213479090000078],[-89.473266902999967,40.219672157000048],[-89.464738487999966,40.225865217000035],[-89.45620929599994,40.232058271000028],[-89.447679326999946,40.238251318000039],[-89.439148580999984,40.244444358000067],[-89.430617056999949,40.250637392000044],[-89.422084755999947,40.256830419000039],[-89.413551676999987,40.263023439000051],[-89.405017819999955,40.26921645300007],[-89.396483183999976,40.275409460000049],[-89.387947769999982,40.281602461000034],[-89.379411575999939,40.287795454000047],[-89.370874603999937,40.293988442000057],[-89.362336851999942,40.300181422000037],[-89.353798320999942,40.306374396000081],[-89.34525900999995,40.312567363000028],[-89.336718918999964,40.318760324000039],[-89.328178046999938,40.324953277000077],[-89.319636394999975,40.331146225000055],[-89.311093961999973,40.33733916500006],[-89.302550748999977,40.343532099000072],[-89.294006752999962,40.349725026000044],[-89.285461976999954,40.35591794700008],[-89.276916417999985,40.362110861000076],[-89.268370076999986,40.368303768000033],[-89.259822954999947,40.374496669000052],[-89.251275048999958,40.380689563000033],[-89.242726360999939,40.38688245000003],[-89.234176889999958,40.393075331000034],[-89.225626635999959,40.399268205000055],[-89.217075597999951,40.405461073000026],[-89.208523776999982,40.411653933000025],[-89.199971170999959,40.41784678700003],[-89.191417781999974,40.424039635000042],[-89.182863606999945,40.430232476000072],[-89.174308648999954,40.436425310000061],[-89.165752904999977,40.442618137000068],[-89.157196375999945,40.448810958000024],[-89.148639061999972,40.455003772000055],[-89.140080961999956,40.461196580000035],[-89.131522075999953,40.467389381000032],[-89.122962403999963,40.473582175000047],[-89.11440194499994,40.479774962000079],[-89.105840699999987,40.48596774300006],[-89.097278667999944,40.492160517000059],[-89.088715848999982,40.498353285000064],[-89.08015224199994,40.50454604600003],[-89.071587847999979,40.51073880000007],[-89.063022665999938,40.516931548000059],[-89.054456695999988,40.523124289000066],[-89.04588993699997,40.529317023000033],[-89.037322389999986,40.535509751000063],[-89.02875405399999,40.541702472000054],[-89.020184928999981,40.547895186000062],[-89.011615014999961,40.554087894000077],[-89.00304431099994,40.560280594000062],[-88.994472816999973,40.566473289000044],[-88.985900532999949,40.572665976000053],[-88.97732745899998,40.578858657000069],[-88.968753593999963,40.585051332000035],[-88.960178938999945,40.591244000000074],[-88.951603491999947,40.597436661000074],[-88.943027253999958,40.603629315000035],[-88.934450224999978,40.609821963000059],[-88.925872403999961,40.616014604000043],[-88.917293790999963,40.622207238000044],[-88.908714384999939,40.628399866000052],[-88.900134186999935,40.634592487000077],[-88.891553195999961,40.640785101000063],[-88.882971411999961,40.646977709000055],[-88.874388834999991,40.653170310000064],[-88.865805463999948,40.659362904000034],[-88.857221299999935,40.665555492000067],[-88.848636341999963,40.67174807300006],[-88.840050588999986,40.67794064800006],[-88.831464041999936,40.684133215000031],[-88.822876699999938,40.690325777000055],[-88.814288562999991,40.69651833100005],[-88.805699630999982,40.702710879000051],[-88.797109902999978,40.70890342000007],[-88.788519379999968,40.715095954000049],[-88.779928059999975,40.721288482000034],[-88.771335943999986,40.727481003000037],[-88.762743031999946,40.733673518000046],[-88.754149323999968,40.739866025000026],[-88.74555481799996,40.746058527000059],[-88.736959514999967,40.752251021000063],[-88.728363413999944,40.758443509000074],[-88.719766515999936,40.764635990000045],[-88.711168819999955,40.770828464000033],[-88.702570324999954,40.777020932000028],[-88.693971031999979,40.78321339300004],[-88.685370940999974,40.789405848000058],[-88.676770049999959,40.795598295000048],[-88.668168360999971,40.801790737000033],[-88.659565870999984,40.807983171000046],[-88.650962581999977,40.814175599000066],[-88.642358492999961,40.820368020000046],[-88.633753603999935,40.826560434000044],[-88.625147914999957,40.832752842000048],[-88.61654142499998,40.838945243000069],[-88.607934132999958,40.84513763800004],[-88.599326040999983,40.851330025000038],[-88.590717146999964,40.857522407000033],[-88.582107450999956,40.863714781000056],[-88.57349695399995,40.869907149000028],[-88.564885653999966,40.876099510000074],[-88.556273551999936,40.882291864000081],[-88.547660646999987,40.888484212000037],[-88.539046938999945,40.894676553000068],[-88.530432427999983,40.900868887000058],[-88.521817113999987,40.907061215000056],[-88.513200995999966,40.91325353600007],[-88.504584073999979,40.919445851000035],[-88.495966346999978,40.925638158000027],[-88.487347816999943,40.931830459000025],[-88.478728480999962,40.938022754000031],[-88.470108340999957,40.944215042000053],[-88.461487394999949,40.950407323000036],[-88.452865643999985,40.956599597000036],[-88.444243086999961,40.962791865000042],[-88.435619723999935,40.968984126000066],[-88.426995555999952,40.97517638000005],[-88.418370579999987,40.981368628000041],[-88.409744797999963,40.987560869000049],[-88.401118208999947,40.993753103000074],[-88.392490812999938,40.999945331000049],[-88.383862608999948,41.006137552000041],[-88.375233597999966,41.01232976600005],[-88.366603777999956,41.018521974000066],[-88.357973149999964,41.024714175000042],[-88.349341713999991,41.030906369000036],[-88.340709469999979,41.037098556000046],[-88.33207641599995,41.043290737000063],[-88.32344255299995,41.04948291200003],[-88.314807879999989,41.055675079000025],[-88.306172397999944,41.061867240000026],[-88.297536105999939,41.068059394000045],[-88.288899002999983,41.07425154200007],[-88.280261089999954,41.080443683000055],[-88.271622366999964,41.086635817000058],[-88.262982831999977,41.092827944000078],[-88.254342485999985,41.099020065000047],[-88.245701328999985,41.10521218000008],[-88.237059359999989,41.111404287000028],[-88.228416577999951,41.117596388000038],[-88.219772984999963,41.123788482000066],[-88.21112857899999,41.129980569000054],[-88.202483359999974,41.136172650000049],[-88.193837328999962,41.142364724000061],[-88.185190483999975,41.148556792000079],[-88.176542824999956,41.154748852000068],[-88.167894352999951,41.160940907000054],[-88.159245066999972,41.167132954000067],[-88.150594965999971,41.17332499500003],[-88.141944050999939,41.179517029000067],[-88.133292320999942,41.185709056000064],[-88.124639775999981,41.191901077000068],[-88.115986415999942,41.198093091000032],[-88.107332239999948,41.204285098000071],[-88.098677247999944,41.210477099000059],[-88.090021439999987,41.216669093000064],[-88.081364815999962,41.22286108000003],[-88.072707375999983,41.229053060000069],[-88.064049117999957,41.235245034000059],[-88.055390043999978,41.241437002000055],[-88.046730151999952,41.247628962000078],[-88.038069441999937,41.253820916000052],[-88.029407914999979,41.260012863000043],[-88.020745568999985,41.26620480400004],[-88.01208240599999,41.272396738000054],[-88.003418422999971,41.278588665000029],[-87.994753621999962,41.284780585000078],[-87.986088000999985,41.290972499000077],[-87.977421561999961,41.297164406000036],[-87.968754301999979,41.303356306000069],[-87.960086222999962,41.309548200000052],[-87.951417322999987,41.315740087000052],[-87.942747603999976,41.321931968000058],[-87.934077062999961,41.328123841000036],[-87.925405700999988,41.334315708000076],[-87.91673351899999,41.340507569000067],[-87.908060514999988,41.346699422000029],[-87.899386688999982,41.352891269000054],[-87.890712040999972,41.359083109000039],[-87.882036570999958,41.365274943000031],[-87.87336027899994,41.37146677000004],[-87.864683163999985,41.377658590000067],[-87.856005225999979,41.383850404000043],[-87.847326463999991,41.390042210000047],[-87.838646879999942,41.396234011000047],[-87.829966470999977,41.402425804000075],[-87.821285238999963,41.408617591000052],[-87.812603181999975,41.414809371000047],[-87.803920299999959,41.421001144000059],[-87.795236593999959,41.427192911000077],[-87.786552062999988,41.433384671000056],[-87.777866706999987,41.439576424000052],[-87.769180524999967,41.445768171000054],[-87.760493516999986,41.451959911000074],[-87.751805682999986,41.458151644000054],[-87.743117022999968,41.464343371000041],[-87.734427535999941,41.470535091000045],[-87.725737222999953,41.476726804000066],[-87.717046081999968,41.482918511000037],[-87.708354113999974,41.489110210000035],[-87.699661317999983,41.49530190400003],[-87.690967694999983,41.501493590000052],[-87.682273242999941,41.507685270000025],[-87.673577962999957,41.513876943000071],[-87.664881853999987,41.520068609000077],[-87.656184916999962,41.526260269000034],[-87.647487149999961,41.532451922000064],[-87.638788553999973,41.538643568000055],[-87.630089127999952,41.544835208000052],[-87.621388871999955,41.551026841000066],[-87.612687785999981,41.557218467000041],[-87.603985868999985,41.563410087000079],[-87.595283121999955,41.569601700000078],[-87.58657954399996,41.575793306000037],[-87.577875133999953,41.581984906000059],[-87.56916989299998,41.588176498000053],[-87.560463820999985,41.594368084000052],[-87.551756915999988,41.600559664000059],[-87.543049178999979,41.606751237000026],[-87.534340608999969,41.612942803000067],[-87.525631206999947,41.619134362000068],[-87.51692097099999,41.625325915000076],[-87.508209901999976,41.631517461000044],[-87.49949799999996,41.637709000000029]]},"properties":{"OID":19,"Product_Type_i":"Raw","From_ID":"Processor4","From_Node":"Monett Poultry Processor","From_City_Area":"Monett","From_State":"MO","From_Latitude":36.917831999999997,"From_Longitude":-93.914219000000003,"Product_Type_j":" Raw","To_ID":"Warehouse3","To_Node":"Chicago Metro Cold Warehouse","To_City_Area":"Hammond (Chicago Metro)","To_State":"IN","To_Latitude":41.637709000000001,"To_Longitude":-87.499498000000003,"Quantity":4000,"ORIG_FID":19,"Shape_Length":7.9643863428027615}},{"type":"Feature","id":20,"geometry":{"type":"LineString","coordinates":[[-89.272330999999951,40.704708000000039],[-89.283091245999969,40.700978286000066],[-89.293850890999977,40.697248569000067],[-89.304609936999952,40.693518850000032],[-89.315368381999974,40.689789129000076],[-89.326126227999964,40.686059405000037],[-89.33688347399999,40.682329678000031],[-89.347640119999937,40.678599950000034],[-89.358396166999967,40.67487021900007],[-89.369151613999975,40.67114048500008],[-89.379906462999941,40.667410749000055],[-89.390660711999942,40.663681011000051],[-89.401414361999969,40.659951270000079],[-89.412167412999963,40.656221527000071],[-89.422919864999983,40.652491781000037],[-89.43367171899996,40.648762033000025],[-89.444422973999963,40.645032282000045],[-89.45517362999999,40.641302529000029],[-89.465923688999965,40.637572774000034],[-89.476673148999964,40.633843016000071],[-89.487422009999989,40.630113256000072],[-89.498170273999961,40.626383494000038],[-89.508917939999947,40.622653729000035],[-89.519665007999947,40.618923961000064],[-89.530411477999962,40.615194192000047],[-89.541157350999981,40.611464419000072],[-89.551902626999947,40.60773464500005],[-89.562647303999938,40.604004868000061],[-89.573391384999979,40.600275088000046],[-89.584134868999968,40.596545306000053],[-89.59487775499997,40.59281552200008],[-89.605620044999966,40.589085735000026],[-89.616361737999966,40.58535594600005],[-89.62710283399997,40.581626154000048],[-89.637843333999967,40.577896360000068],[-89.648583236999968,40.574166564000052],[-89.659322542999973,40.570436765000068],[-89.670061253999961,40.566706964000048],[-89.680799367999953,40.562977160000059],[-89.691536886999984,40.559247354000036],[-89.702273808999962,40.555517546000033],[-89.71301013599998,40.551787735000062],[-89.723745866999991,40.548057922000055],[-89.734481001999939,40.54432810600008],[-89.745215541999983,40.540598288000069],[-89.755949486999953,40.536868467000033],[-89.766682835999973,40.533138644000076],[-89.777415590999965,40.529408819000025],[-89.788147749999951,40.525678991000063],[-89.798879313999976,40.521949161000066],[-89.809610283999973,40.518219328000043],[-89.820340658999953,40.514489493000042],[-89.831070438999973,40.510759656000062],[-89.841799624999965,40.507029816000056],[-89.852528215999939,40.503299974000072],[-89.863256212999943,40.499570129000062],[-89.873983616999965,40.495840282000074],[-89.88471042599997,40.492110432000061],[-89.895436640999947,40.488380580000069],[-89.906162261999953,40.484650726000041],[-89.916887289999977,40.480920869000045],[-89.927611723999973,40.47719101000007],[-89.938335564999988,40.473461148000069],[-89.949058811999976,40.469731284000034],[-89.959781465999981,40.466001418000076],[-89.970503526999948,40.462271549000036],[-89.981224994999991,40.458541678000074],[-89.991945869999938,40.45481180400003],[-90.00266615299995,40.451081928000065],[-90.013385841999991,40.447352050000063],[-90.024104938999983,40.443622169000037],[-90.034823443999983,40.439892285000042],[-90.045541355999944,40.436162400000057],[-90.05625867599997,40.432432512000048],[-90.066975403999948,40.42870262100007],[-90.077691539999989,40.424972728000057],[-90.088407083999982,40.421242833000065],[-90.099122035999983,40.417512935000047],[-90.109836395999935,40.413783034000062],[-90.120550164999941,40.41005313200003],[-90.131263342999944,40.40632322700003],[-90.141975928999955,40.402593319000061],[-90.152687922999974,40.398863409000057],[-90.163399326999979,40.395133497000074],[-90.174110139999982,40.391403582000066],[-90.184820360999936,40.387673665000079],[-90.19552999199999,40.383943746000057],[-90.206239031999985,40.380213824000066],[-90.216947481999966,40.37648389900005],[-90.227655340999945,40.372753973000044],[-90.238362609999967,40.369024043000024],[-90.249069288999976,40.365294112000072],[-90.259775376999983,40.361564178000037],[-90.270480874999976,40.357834241000035],[-90.281185783999945,40.354104303000042],[-90.291890102999957,40.350374361000036],[-90.302593831999957,40.346644418000039],[-90.313296970999943,40.342914472000075],[-90.323999520999962,40.339184523000029],[-90.334701480999968,40.33545457200006],[-90.345402852999939,40.331724619000056],[-90.356103634999954,40.327994663000027],[-90.366803827999945,40.324264705000076],[-90.377503431999969,40.320534744000042],[-90.388202446999969,40.31680478100003],[-90.398900873999935,40.313074816000039],[-90.40959871199999,40.30934484800008],[-90.420295960999965,40.305614878000029],[-90.430992621999962,40.301884905000065],[-90.441688694999982,40.298154930000067],[-90.452384179999967,40.294424953000032],[-90.463079076999975,40.290694973000029],[-90.473773384999959,40.286964991000048],[-90.484467105999954,40.283235006000041],[-90.495160238999972,40.279505019000055],[-90.505852784999945,40.275775029000044],[-90.51654474299994,40.272045037000055],[-90.527236113999948,40.26831504300003],[-90.537926896999977,40.264585046000036],[-90.548617092999962,40.260855047000064],[-90.559306701999958,40.257125046000056],[-90.569995724999956,40.253395042000079],[-90.580684159999976,40.249665035000078],[-90.591372007999951,40.245935026000041],[-90.602059269999984,40.242205015000025],[-90.612745945999961,40.23847500200003],[-90.623432034999951,40.234744986000067],[-90.634117537999941,40.231014967000078],[-90.644802453999944,40.227284946000054],[-90.655486784999937,40.223554923000052],[-90.666170528999942,40.21982489700008],[-90.676853687999937,40.216094869000074],[-90.687536260999991,40.212364839000031],[-90.698218247999989,40.208634806000077],[-90.708899649999978,40.204904770000041],[-90.719580465999968,40.201174733000073],[-90.730260696999949,40.197444693000079],[-90.740940342999977,40.193714650000061],[-90.751619403999939,40.189984605000063],[-90.762297879999949,40.18625455800003],[-90.77297576999996,40.182524508000029],[-90.78365307699994,40.178794456000048],[-90.794329797999978,40.175064401000043],[-90.80500593499994,40.171334344000059],[-90.815681486999949,40.167604285000039],[-90.826356454999939,40.16387422300005],[-90.837030838999965,40.160144158000037],[-90.847704638999971,40.156414092000034],[-90.858377854999958,40.152684023000063],[-90.869050486999981,40.148953951000067],[-90.879722534999985,40.145223877000035],[-90.890393998999969,40.141493801000024],[-90.901064879999979,40.137763722000045],[-90.911735177999958,40.13403364100003],[-90.922404891999975,40.130303558000037],[-90.933074022999961,40.126573472000075],[-90.943742569999984,40.122843383000031],[-90.954410534999965,40.119113293000055],[-90.965077916999974,40.115383199000064],[-90.975744715999951,40.111653104000027],[-90.986410931999956,40.107923006000078],[-90.997076564999986,40.104192905000048],[-91.007741616999965,40.100462803000028],[-91.018406084999981,40.09673269700005],[-91.029069971999945,40.093002590000026],[-91.039733275999936,40.089272480000034],[-91.050395998999988,40.085542367000073],[-91.061058138999954,40.081812252000077],[-91.071719697999981,40.078082135000045],[-91.082380674999968,40.074352015000045],[-91.09304106999997,40.070621893000066],[-91.103700883999977,40.066891769000051],[-91.114360115999943,40.063161642000068],[-91.125018766999972,40.05943151200006],[-91.135676836999949,40.055701381000063],[-91.146334325999987,40.05197124700004],[-91.156991232999985,40.048241110000049],[-91.167647559999978,40.044510971000079],[-91.178303306999965,40.040780830000074],[-91.188958471999968,40.037050686000043],[-91.199613056999965,40.033320540000034],[-91.210267061999957,40.029590391000056],[-91.220920485999955,40.025860240000043],[-91.231573330999936,40.02213008700005],[-91.242225594999979,40.018399931000033],[-91.252877278999961,40.014669773000037],[-91.263528382999937,40.010939612000072],[-91.274178906999964,40.007209449000072],[-91.284828851999976,40.003479284000036],[-91.295478216999982,39.999749116000032],[-91.306127002999972,39.99601894500006],[-91.316775209999946,39.992288773000041],[-91.327422836999972,39.988558598000054],[-91.338069884999982,39.984828420000042],[-91.348716353999976,39.981098240000051],[-91.359362243999954,39.977368058000025],[-91.370007554999972,39.97363787300003],[-91.380652287999965,39.969907686000056],[-91.391296441999941,39.966177497000047],[-91.401940017999948,39.962447305000069],[-91.412583014999939,39.958717110000066],[-91.42322543399996,39.954986914000074],[-91.433867274999955,39.951256714000067],[-91.44450853799998,39.947526513000071],[-91.455149221999989,39.943796309000049],[-91.46578932999995,39.94006610200006],[-91.476428858999952,39.936335894000081],[-91.487067809999985,39.93260568200003],[-91.49770618499997,39.928875469000047],[-91.508343980999939,39.925145253000039],[-91.518981200999974,39.921415034000063],[-91.529617842999983,39.91768481400004],[-91.540253907999954,39.91395459000006],[-91.550889396999935,39.910224365000033],[-91.561524307999946,39.906494137000038],[-91.572158642999966,39.902763906000075],[-91.582792400999949,39.899033673000076],[-91.593425581999952,39.895303438000042],[-91.604058186999964,39.891573200000039],[-91.614690215999985,39.887842960000057],[-91.625321668999959,39.88411271800004],[-91.635952544999952,39.880382473000054],[-91.646582844999955,39.876652226000033],[-91.657212569999956,39.872921976000043],[-91.667841718999966,39.869191724000075],[-91.678470291999986,39.865461469000024],[-91.689098288999958,39.861731212000052],[-91.699725710999985,39.858000953000044],[-91.710352557999954,39.854270691000067],[-91.720978828999989,39.850540427000055],[-91.731604524999966,39.846810161000064],[-91.742229645999942,39.843079892000048],[-91.752854192999962,39.839349620000064],[-91.763478163999991,39.835619346000044],[-91.774101560999952,39.831889070000045],[-91.784724382999968,39.828158792000067],[-91.795346630999973,39.824428511000065],[-91.805968303999975,39.820698227000037],[-91.816589402999966,39.816967942000076],[-91.827209927999945,39.813237653000044],[-91.83782987799998,39.80950736300008],[-91.848449254999991,39.805777070000033],[-91.859068057999991,39.802046774000075],[-91.869686286999979,39.798316476000025],[-91.880303941999955,39.794586176000053],[-91.890921023999965,39.790855874000044],[-91.901537532999953,39.787125569000068],[-91.912153467999985,39.783395261000067],[-91.922768829999939,39.779664951000029],[-91.933383618999983,39.77593463900007],[-91.943997834999948,39.772204324000029],[-91.954611477999947,39.768474007000066],[-91.965224547999981,39.764743688000067],[-91.975837044999992,39.761013366000043],[-91.986448969999969,39.75728304200004],[-91.997060321999982,39.753552715000069],[-92.007671101999961,39.749822386000062],[-92.018281309999963,39.74609205400003],[-92.02889094599999,39.742361720000076],[-92.039500008999937,39.73863138400003],[-92.050108500999954,39.734901045000072],[-92.060716420999938,39.731170704000078],[-92.071323768999946,39.727440361000049],[-92.081930544999977,39.723710015000051],[-92.092536749999965,39.719979667000075],[-92.103142383999966,39.716249316000074],[-92.113747445999991,39.712518963000036],[-92.124351936999972,39.708788607000031],[-92.134955856999966,39.705058249000047],[-92.145559205999973,39.701327889000027],[-92.156161983999937,39.697597526000038],[-92.16676419099997,39.693867161000071],[-92.177365827999949,39.690136793000079],[-92.187966893999942,39.68640642400004],[-92.198567389999937,39.682676051000044],[-92.209167314999945,39.678945676000069],[-92.219766669999956,39.675215299000058],[-92.230365454999969,39.671484920000069],[-92.240963669999985,39.667754538000054],[-92.251561314999947,39.664024153000071],[-92.262158389999968,39.660293766000052],[-92.272754895999981,39.656563377000055],[-92.28335083199994,39.652832986000078],[-92.293946197999958,39.649102592000077],[-92.304540994999968,39.64537219500005],[-92.31513522299997,39.641641797000034],[-92.325728880999975,39.63791139500006],[-92.336321969999972,39.63418099200004],[-92.34691449099995,39.630450586000052],[-92.357506442999977,39.626720177000038],[-92.36809782499995,39.622989767000035],[-92.37868863999995,39.619259353000075],[-92.389278884999953,39.615528938000068],[-92.399868561999938,39.611798520000036],[-92.410457670999961,39.608068099000036],[-92.421046211999965,39.604337676000057],[-92.431634183999961,39.600607251000042],[-92.442221588999985,39.596876824000049],[-92.45280842599999,39.59314639400003],[-92.463394693999987,39.589415961000043],[-92.473980394999955,39.585685526000077],[-92.484565528999951,39.581955089000076],[-92.495150094999985,39.578224649000049],[-92.50573409399999,39.574494207000043],[-92.516317524999977,39.570763763000059],[-92.526900388999991,39.56703331600005],[-92.537482685999976,39.563302867000061],[-92.548064415999988,39.559572415000048],[-92.558645579999961,39.555841961000056],[-92.569226175999972,39.552111505000028],[-92.579806205999944,39.548381046000031],[-92.590385669999989,39.544650585000056],[-92.600964565999959,39.540920121000056],[-92.611542896999936,39.537189655000077],[-92.62212066099994,39.533459186000073],[-92.632697859999951,39.529728716000079],[-92.643274491999989,39.525998242000071],[-92.653850557999988,39.522267767000073],[-92.664426058999936,39.518537289000051],[-92.675000993999959,39.51480680800006],[-92.685575362999941,39.511076325000033],[-92.696149166999987,39.507345840000028],[-92.706722404999937,39.503615352000054],[-92.71729507799995,39.499884862000044],[-92.727867185999969,39.496154370000056],[-92.738438728999938,39.492423875000043],[-92.749009706999971,39.48869337800005],[-92.759580119999953,39.484962878000033],[-92.770149967999942,39.481232376000037],[-92.780719251999983,39.477501871000072],[-92.791287970999974,39.473771364000072],[-92.801856125999961,39.470040855000036],[-92.812423715999955,39.466310344000078],[-92.822990741999945,39.462579829000049],[-92.833557203999987,39.45884931300003],[-92.844123101999969,39.455118794000043],[-92.854688435999947,39.451388273000077],[-92.865253206999967,39.44765774900003],[-92.875817412999936,39.44392722300006],[-92.886381055999948,39.440196695000054],[-92.896944135999945,39.43646616400008],[-92.907506651999938,39.432735631000071],[-92.918068604999974,39.429005095000036],[-92.928629993999948,39.42527455700008],[-92.939190820999954,39.421544016000041],[-92.949751083999956,39.417813473000081],[-92.96031078499999,39.414082928000028],[-92.970869922999952,39.410352380000063],[-92.981428497999957,39.406621830000063],[-92.991986510999936,39.402891278000027],[-93.002543960999958,39.39916072300008],[-93.013100848999954,39.39543016600004],[-93.023657174999983,39.391699606000032],[-93.034212938999985,39.387969044000045],[-93.044768139999974,39.384238480000079],[-93.055322779999983,39.380507913000031],[-93.065876857999967,39.376777344000061],[-93.076430373999983,39.373046772000066],[-93.086983327999974,39.369316198000035],[-93.097535720999986,39.365585621000037],[-93.108087552999962,39.361855043000048],[-93.118638822999969,39.358124461000045],[-93.129189531999941,39.354393878000053],[-93.139739679999991,39.350663292000036],[-93.150289266999948,39.34693270300005],[-93.160838292999983,39.343202112000029],[-93.171386758999972,39.339471519000028],[-93.181934662999936,39.33574092300006],[-93.192482006999967,39.332010325000056],[-93.203028790999952,39.328279725000073],[-93.213575013999957,39.324549122000064],[-93.224120676999974,39.320818517000077],[-93.234665779999943,39.317087909000065],[-93.245210322999981,39.313357299000074],[-93.255754305999972,39.309626687000048],[-93.266297728999973,39.305896072000053],[-93.276840591999985,39.302165455000079],[-93.28738289599994,39.29843483500008],[-93.297924639999962,39.294704213000045],[-93.308465824999985,39.290973589000032],[-93.319006449999961,39.28724296200005],[-93.329546515999937,39.283512333000033],[-93.340086022999969,39.279781701000047],[-93.350624970999945,39.276051067000026],[-93.361163359999978,39.272320431000026],[-93.371701190999943,39.268589792000057],[-93.382238461999975,39.264859151000053],[-93.39277517499994,39.26112850700008],[-93.403311329999951,39.257397861000072],[-93.413846925999962,39.253667213000028],[-93.424381963999963,39.249936562000073],[-93.434916443999953,39.246205909000025],[-93.445450364999942,39.242475253000066],[-93.455983728999968,39.238744595000071],[-93.466516534999982,39.23501393500004],[-93.477048782999987,39.231283272000042],[-93.48758047299998,39.227552607000064],[-93.498111605999952,39.223821939000061],[-93.508642180999971,39.220091269000079],[-93.519172198999968,39.216360597000062],[-93.529701659999944,39.212629922000076],[-93.540230563999955,39.208899245000055],[-93.550758909999956,39.205168566000054],[-93.561286699999982,39.201437884000029],[-93.571813932999987,39.197707199000035],[-93.582340608999971,39.193976513000052],[-93.59286672799999,39.190245823000055],[-93.603392290999977,39.186515132000068],[-93.61391729799999,39.182784438000056],[-93.624441747999981,39.179053742000065],[-93.634965641999941,39.175323043000049],[-93.645488979999982,39.171592342000054],[-93.656011760999945,39.167861638000034],[-93.66653398699998,39.164130933000024],[-93.677055656999983,39.160400224000057],[-93.687576771999943,39.156669514000043],[-93.698097330999985,39.152938801000062],[-93.708617333999939,39.149208085000055],[-93.719136781999964,39.145477367000069],[-93.729655674999947,39.141746647000048],[-93.740174011999954,39.138015924000058],[-93.750691793999977,39.134285199000033],[-93.761209021999946,39.130554472000028],[-93.77172569399994,39.126823742000056],[-93.782241811999938,39.123093010000048],[-93.792757374999951,39.119362275000071],[-93.803272383999968,39.115631538000059],[-93.813786837999942,39.111900799000068],[-93.824300737999977,39.108170057000052],[-93.834814082999969,39.104439313000057],[-93.845326873999966,39.100708566000037],[-93.855839111999956,39.096977817000038],[-93.86635079499996,39.09324706600006],[-93.876861923999968,39.089516312000057],[-93.887372499999969,39.085785556000076],[-93.897882521999975,39.082054797000069],[-93.908391990999974,39.078324036000026],[-93.918900905999976,39.074593273000062],[-93.929409267999972,39.070862507000072],[-93.939917075999972,39.067131739000047],[-93.950424330999965,39.063400968000053],[-93.960931033999941,39.059670195000081],[-93.971437182999978,39.055939420000072],[-93.98194277999994,39.052208642000039],[-93.992447823999953,39.048477862000027],[-94.002952314999959,39.044747080000036],[-94.013456253999948,39.041016295000077],[-94.023959639999987,39.037285508000025],[-94.034462473999952,39.033554718000062],[-94.044964755999956,39.029823926000063],[-94.055466485999943,39.026093131000039],[-94.06596766399997,39.022362334000036],[-94.07646828999998,39.018631535000054],[-94.086968363999972,39.014900734000037],[-94.097467885999947,39.011169930000051],[-94.107966856999951,39.00743912300004],[-94.118465275999938,39.00370831400005],[-94.128963143999954,38.999977503000025],[-94.139460460999942,38.996246689000031],[-94.14995722599997,38.992515873000059],[-94.160453440999959,38.988785055000051],[-94.170949103999988,38.985054234000074],[-94.181444216999978,38.981323411000062],[-94.191938777999951,38.977592585000025],[-94.202432788999943,38.973861758000055],[-94.212926249999953,38.970130927000071],[-94.223419159999992,38.966400094000051],[-94.233911519999936,38.962669259000052],[-94.244403328999965,38.958938422000074],[-94.254894587999956,38.955207582000071],[-94.265385297999956,38.951476740000032],[-94.275875456999984,38.947745895000025],[-94.286365065999973,38.94401504800004],[-94.296854125999971,38.940284198000029],[-94.307342635999987,38.936553346000039],[-94.317830595999965,38.932822492000071],[-94.32831800699995,38.929091635000077],[-94.338804868999944,38.925360776000048],[-94.349291180999955,38.92162991500004],[-94.359776944999965,38.917899051000063],[-94.370262158999935,38.914168185000051],[-94.380746823999971,38.91043731600007],[-94.391230940999947,38.906706445000054],[-94.401714507999941,38.902975572000059],[-94.412197526999989,38.899244696000039],[-94.422679997999978,38.89551381800004],[-94.433161919999975,38.891782937000073],[-94.443643293999969,38.88805205400007],[-94.454124118999971,38.884321169000032],[-94.46460439699996,38.880590281000025],[-94.475084125999956,38.876859391000039],[-94.485563307999939,38.873128498000028],[-94.496041940999987,38.869397604000028],[-94.506520026999965,38.86566670600007],[-94.516997565999986,38.861935807000066],[-94.527474556999948,38.858204904000047],[-94.537950999999964,38.854474000000039]]},"properties":{"OID":20,"Product_Type_i":"Raw","From_ID":"Processor5","From_Node":"Arthur Poultry Processing","From_City_Area":"Peoria","From_State":"IL","From_Latitude":40.704707999999997,"From_Longitude":-89.272330999999994,"Product_Type_j":" Raw","To_ID":"Warehouse2","To_Node":"Kansas City Cold Storage Hub","To_City_Area":"Kansas City","To_State":"MO","To_Latitude":38.854474000000003,"To_Longitude":-94.537951000000007,"Quantity":4000,"ORIG_FID":20,"Shape_Length":5.5812459507072161}},{"type":"Feature","id":21,"geometry":{"type":"LineString","coordinates":[[-89.272330999999951,40.704708000000039],[-89.262658348999935,40.709834793000027],[-89.252984955999978,40.714961582000058],[-89.243310819999977,40.720088366000027],[-89.233635942999967,40.72521514500005],[-89.223960322999972,40.730341920000058],[-89.214283960999978,40.735468690000062],[-89.204606854999952,40.740595456000051],[-89.194929006999985,40.745722217000036],[-89.185250415999974,40.750848974000064],[-89.175571080999987,40.755975726000031],[-89.165891001999967,40.761102473000051],[-89.15621017999996,40.766229216000056],[-89.146528613999976,40.771355954000057],[-89.13684630299997,40.776482688000044],[-89.127163248999977,40.781609417000027],[-89.117479448999973,40.786736142000052],[-89.107794904999935,40.791862862000073],[-89.098109615999988,40.796989577000033],[-89.088423581999962,40.802116288000036],[-89.07873680299997,40.807242994000035],[-89.069049277999966,40.812369696000076],[-89.05936100699995,40.817496393000056],[-89.049671990999968,40.822623086000078],[-89.039982227999985,40.82774977400004],[-89.03029171999998,40.832876457000054],[-89.020600463999983,40.838003136000054],[-89.010908461999975,40.84312981100004],[-89.001215713999954,40.848256480000032],[-88.991522217999943,40.853383146000056],[-88.981827974999987,40.858509806000029],[-88.972132983999984,40.863636462000045],[-88.962437245999979,40.868763114000046],[-88.952740759999983,40.873889761000044],[-88.94304352599994,40.879016403000037],[-88.933345543999963,40.884143041000073],[-88.923646813999937,40.889269674000047],[-88.913947334999989,40.894396302000075],[-88.904247106999946,40.899522926000031],[-88.894546129999981,40.90464954600003],[-88.884844403999978,40.909776161000025],[-88.875141928999938,40.914902771000072],[-88.865438703999985,40.920029377000048],[-88.855734728999948,40.925155978000078],[-88.846030004999989,40.930282575000035],[-88.836324529999956,40.935409167000046],[-88.826618304999954,40.940535754000052],[-88.816911329999982,40.945662337000044],[-88.807203602999948,40.950788915000032],[-88.797495125999944,40.955915489000063],[-88.787785897999981,40.961042058000032],[-88.778075918999946,40.966168623000044],[-88.768365187999962,40.971295183000052],[-88.758653704999972,40.976421738000056],[-88.748941470999966,40.981548289000045],[-88.739228483999966,40.986674835000031],[-88.72951474499996,40.991801377000058],[-88.719800253999949,40.996927914000025],[-88.710085009999943,41.002054447000035],[-88.700369012999943,41.00718097500004],[-88.690652262999947,41.012307498000041],[-88.680934759999957,41.017434017000028],[-88.671216503999972,41.022560531000067],[-88.661497493999946,41.027687041000036],[-88.651777729999935,41.032813546000057],[-88.642057211999941,41.037940047000063],[-88.632335939999962,41.043066543000066],[-88.622613912999952,41.048193034000064],[-88.612891131999959,41.053319521000049],[-88.603167596999981,41.058446003000029],[-88.593443305999983,41.063572481000051],[-88.583718259999955,41.06869895400007],[-88.573992457999964,41.073825422000027],[-88.564265900999942,41.078951886000027],[-88.554538588999947,41.084078346000069],[-88.544810519999942,41.089204800000061],[-88.535081694999974,41.094331251000028],[-88.525352113999986,41.099457696000059],[-88.515621776999978,41.104584137000074],[-88.505890681999972,41.109710574000076],[-88.496158830999946,41.114837006000073],[-88.486426221999977,41.119963433000066],[-88.476692856999989,41.125089856000045],[-88.466958732999956,41.130216274000077],[-88.45722385199997,41.135342688000037],[-88.447488212999986,41.14046909700005],[-88.437751815999945,41.145595501000059],[-88.428014660999963,41.150721901000054],[-88.418276746999936,41.155848296000045],[-88.408538074999967,41.160974687000078],[-88.398798642999964,41.16610107300005],[-88.389058452999961,41.171227455000064],[-88.379317502999982,41.176353832000075],[-88.369575793999957,41.181480204000025],[-88.359833324999954,41.186606572000073],[-88.350090095999974,41.191732935000061],[-88.340346107999949,41.196859294000035],[-88.330601357999967,41.201985648000061],[-88.32085584899994,41.207111997000027],[-88.311109578999947,41.212238342000035],[-88.301362547999986,41.217364683000028],[-88.291614755999944,41.222491018000028],[-88.281866201999946,41.22761735000006],[-88.272116887999971,41.232743676000041],[-88.262366810999936,41.237869998000065],[-88.25261597299999,41.242996316000074],[-88.242864372999975,41.248122629000079],[-88.233112009999957,41.25324893700008],[-88.223358885999971,41.258375241000067],[-88.213604997999937,41.26350154000005],[-88.203850347999946,41.268627834000029],[-88.194094933999963,41.27375412400005],[-88.184338757999967,41.278880410000056],[-88.174581817999979,41.284006690000069],[-88.164824113999941,41.289132967000057],[-88.155065646999958,41.294259238000052],[-88.145306415999983,41.299385505000032],[-88.135546419999969,41.304511768000054],[-88.125785659999963,41.309638026000073],[-88.116024135999965,41.31476427900003],[-88.106261845999938,41.31989052800003],[-88.096498791999977,41.325016772000026],[-88.086734972999977,41.330143012000065],[-88.07697038799995,41.335269247000042],[-88.067205036999951,41.340395477000072],[-88.057438920999971,41.345521703000031],[-88.047672038999963,41.350647924000043],[-88.037904389999937,41.35577414100004],[-88.028135975999987,41.360900353000034],[-88.018366793999974,41.36602656000008],[-88.008596845999989,41.371152763000055],[-87.998826130999987,41.376278962000072],[-87.989054648999968,41.381405156000028],[-87.979282398999942,41.386531345000037],[-87.969509381999956,41.391657529000042],[-87.959735596999963,41.396783709000033],[-87.949961043999963,41.401909885000066],[-87.940185722999956,41.407036056000038],[-87.930409633999943,41.412162222000063],[-87.920632775999991,41.417288384000074],[-87.910855148999985,41.42241454100008],[-87.901076753999973,41.427540693000026],[-87.891297588999976,41.432666841000071],[-87.881517654999982,41.437792985000044],[-87.871736950999946,41.442919123000024],[-87.86195547799997,41.448045258000036],[-87.852173233999963,41.453171387000054],[-87.84239022099996,41.458297512000058],[-87.832606436999981,41.463423633000048],[-87.822821881999971,41.468549749000033],[-87.813036556999975,41.473675860000071],[-87.803250460999948,41.478801967000038],[-87.793463593999945,41.483928069000058],[-87.783675954999978,41.489054166000074],[-87.77388754499998,41.494180259000075],[-87.76409836299996,41.499306347000072],[-87.754308408999975,41.504432431000055],[-87.74451768299997,41.509558510000033],[-87.734726184999943,41.514684585000055],[-87.724933913999962,41.519810655000072],[-87.715140869999971,41.524936721000074],[-87.705347052999969,41.530062781000026],[-87.695552463999945,41.535188838000067],[-87.685757100999979,41.540314889000058],[-87.675960963999955,41.545440936000034],[-87.666164053999978,41.550566979000052],[-87.656366368999954,41.555693017000067],[-87.646567910999977,41.560819050000077],[-87.636768677999953,41.565945079000073],[-87.626968670999986,41.571071103000065],[-87.617167888999973,41.576197123000043],[-87.60736633199997,41.581323138000073],[-87.597563998999988,41.586449148000042],[-87.587760891999949,41.591575154000054],[-87.577957008999988,41.596701155000062],[-87.568152349999934,41.601827152000055],[-87.558346914999959,41.606953144000045],[-87.548540703999947,41.61207913100003],[-87.538733716999957,41.617205114000058],[-87.528925952999941,41.622331093000071],[-87.519117411999957,41.627457066000034],[-87.509308094999938,41.632583035000039],[-87.49949799999996,41.637709000000029]]},"properties":{"OID":21,"Product_Type_i":"Raw","From_ID":"Processor5","From_Node":"Arthur Poultry Processing","From_City_Area":"Peoria","From_State":"IL","From_Latitude":40.704707999999997,"From_Longitude":-89.272330999999994,"Product_Type_j":" Raw","To_ID":"Warehouse3","To_Node":"Chicago Metro Cold Warehouse","To_City_Area":"Hammond (Chicago Metro)","To_State":"IN","To_Latitude":41.637709000000001,"To_Longitude":-87.499498000000003,"Quantity":38687.429100000001,"ORIG_FID":21,"Shape_Length":2.0033570349073071}},{"type":"Feature","id":22,"geometry":{"type":"LineString","coordinates":[[-94.299085999999988,35.496491000000049],[-94.299710955999956,35.505472093000037],[-94.300335981999979,35.51445317200006],[-94.300961077999943,35.52343423800005],[-94.301586242999974,35.532415290000074],[-94.302211477999947,35.541396329000065],[-94.302836782999975,35.55037735500008],[-94.303462156999956,35.559358367000073],[-94.304087600999935,35.568339366000032],[-94.30471311499997,35.577320352000072],[-94.305338698999947,35.586301324000033],[-94.305964352999979,35.595282283000074],[-94.306590075999964,35.604263228000036],[-94.307215869999936,35.613244160000079],[-94.307841732999975,35.622225078000042],[-94.308467665999956,35.631205983000029],[-94.309093669999982,35.64018687500004],[-94.30971974299996,35.649167753000029],[-94.310345886999983,35.658148618000041],[-94.310972099999958,35.667129469000031],[-94.311598383999979,35.676110307000044],[-94.312224737999941,35.685091131000036],[-94.312851161999959,35.694071942000051],[-94.313477656999964,35.703052740000032],[-94.31410422099998,35.712033524000049],[-94.314730855999983,35.721014295000032],[-94.315357560999985,35.729995052000049],[-94.315984336999975,35.738975796000034],[-94.316611182999964,35.747956527000042],[-94.317238098999951,35.756937244000028],[-94.317865085999983,35.765917947000048],[-94.318492142999958,35.774898637000035],[-94.319119270999977,35.783879314000046],[-94.319746469999984,35.792859977000035],[-94.32037373899999,35.801840627000047],[-94.321001077999938,35.810821264000026],[-94.321628487999988,35.81980188700004],[-94.322255968999968,35.828782496000031],[-94.322883520999937,35.837763092000046],[-94.323511142999962,35.846743675000027],[-94.324138835999975,35.855724244000044],[-94.324766599999975,35.864704800000027],[-94.325394434999964,35.873685342000044],[-94.326022339999952,35.882665871000029],[-94.326650316999974,35.891646386000048],[-94.327278363999937,35.900626888000033],[-94.327906482999936,35.909607376000054],[-94.328534671999989,35.918587851000041],[-94.329162931999974,35.927568313000052],[-94.329791262999947,35.93654876100004],[-94.330419665999955,35.945529195000063],[-94.331048138999961,35.954509617000042],[-94.331676683999945,35.963490024000066],[-94.332305299999973,35.972470418000057],[-94.33293398699999,35.981450799000072],[-94.333562744999938,35.990431166000064],[-94.334191574999977,35.999411520000024],[-94.334820475999948,36.008391860000074],[-94.335449447999963,36.017372187000035],[-94.336078490999967,36.026352501000076],[-94.336707605999948,36.035332800000049],[-94.337336791999974,36.044313087000035],[-94.337966049999977,36.053293360000055],[-94.338595379999958,36.062273619000052],[-94.339224779999938,36.071253865000074],[-94.339854252999942,36.080234098000062],[-94.34048379699999,36.089214317000028],[-94.34111341199997,36.098194522000028],[-94.341743098999984,36.107174714000053],[-94.342372857999976,36.116154893000044],[-94.343002688999945,36.125135058000069],[-94.34363259099996,36.134115209000072],[-94.344262564999951,36.143095347000042],[-94.344892610999977,36.152075472000035],[-94.345522728999981,36.161055583000064],[-94.346152917999973,36.170035680000069],[-94.346783179999989,36.179015764000042],[-94.347413512999935,36.187995835000038],[-94.348043918999963,36.196975892000069],[-94.348674395999979,36.205955936000066],[-94.349304944999972,36.214935966000041],[-94.349935566999989,36.223915982000051],[-94.350566259999937,36.232895985000027],[-94.351197025999966,36.241875975000028],[-94.351827863999972,36.250855951000062],[-94.352458773999956,36.259835913000074],[-94.353089755999974,36.268815862000054],[-94.35372080999997,36.277795798000056],[-94.35435193699999,36.286775720000037],[-94.354983135999987,36.295755628000052],[-94.355614407999951,36.304735523000033],[-94.35624575099996,36.31371540400005],[-94.356877167999983,36.322695272000033],[-94.357508655999936,36.33167512700004],[-94.358140216999971,36.340654967000035],[-94.358771850999972,36.349634795000043],[-94.359403556999951,36.358614609000028],[-94.360035335999953,36.367594409000048],[-94.36066718699999,36.376574196000035],[-94.361299110999937,36.385553969000057],[-94.361931107999965,36.394533729000045],[-94.36256317699997,36.403513475000068],[-94.363195318999942,36.412493207000068],[-94.363827533999938,36.421472926000035],[-94.364459821999958,36.430452632000026],[-94.365092181999955,36.439432324000052],[-94.365724614999976,36.448412003000044],[-94.366357120999965,36.457391667000024],[-94.366989700999966,36.466371319000075],[-94.367622352999945,36.475350957000046],[-94.368255077999947,36.484330581000052],[-94.368887875999974,36.493310192000024],[-94.369520746999967,36.502289789000031],[-94.370153690999985,36.511269373000061],[-94.370786707999969,36.52024894300007],[-94.371419798999966,36.529228499000055],[-94.372052962999987,36.538208042000065],[-94.372686198999986,36.547187572000041],[-94.373319509999988,36.556167088000052],[-94.373952892999966,36.56514659000004],[-94.374586349999959,36.574126079000052],[-94.375219879999975,36.583105554000042],[-94.375853482999958,36.592085016000055],[-94.376487159999954,36.601064464000046],[-94.377120909999974,36.610043899000061],[-94.37775473399995,36.619023320000053],[-94.37838863099995,36.62800272700008],[-94.379022601999964,36.636982121000074],[-94.37965664699999,36.645961502000034],[-94.380290764999984,36.65494086800004],[-94.380924955999944,36.663920222000058],[-94.381559221999964,36.672899561000065],[-94.382193560999951,36.681878887000039],[-94.382827972999962,36.690858200000037],[-94.383462459999976,36.699837499000068],[-94.384097019999956,36.708816784000078],[-94.38473165399995,36.717796056000054],[-94.385366361999957,36.726775314000065],[-94.386001143999977,36.735754559000043],[-94.386635999999953,36.744733790000055],[-94.387270929999943,36.753713007000044],[-94.387905933999946,36.762692211000058],[-94.388541011999962,36.771671401000049],[-94.389176163999991,36.780650578000063],[-94.389811389999977,36.789629741000056],[-94.390446689999976,36.798608891000072],[-94.391082063999988,36.807588026000076],[-94.391717511999957,36.816567149000036],[-94.392353034999985,36.825546258000031],[-94.39298863199997,36.83452535300006],[-94.393624302999967,36.843504434000067],[-94.394260048999968,36.852483502000041],[-94.394895868999981,36.861462557000038],[-94.395531762999951,36.87044159800007],[-94.396167731999981,36.87942062500008],[-94.396803774999967,36.888399638000067],[-94.397439892999955,36.897378638000077],[-94.398076084999957,36.906357625000055],[-94.398712351999961,36.915336598000067],[-94.399348692999979,36.924315557000057],[-94.399985108999942,36.933294502000024],[-94.400621599999965,36.942273434000072],[-94.401258164999945,36.951252353000029],[-94.401894804999984,36.960231257000032],[-94.402531519999968,36.969210149000048],[-94.403168309999955,36.978189026000052],[-94.403805173999956,36.98716789000008],[-94.404442113999949,36.996146740000029],[-94.405079127999954,37.005125577000058],[-94.405716216999963,37.014104400000065],[-94.406353380999974,37.023083210000038],[-94.406990619999988,37.032062005000057],[-94.407627933999947,37.041040788000032],[-94.408265322999966,37.050019556000052],[-94.408902786999988,37.058998311000039],[-94.409540326999945,37.06797705300005],[-94.410177940999972,37.076955780000048],[-94.410815630999991,37.08593449500006],[-94.411453395999956,37.094913195000061],[-94.412091235999981,37.103891882000028],[-94.412729150999951,37.112870555000029],[-94.41336714199997,37.121849215000054],[-94.414005207999992,37.130827861000057],[-94.414643349999949,37.139806493000037],[-94.415281566999965,37.148785112000041],[-94.415919858999985,37.15776371700008],[-94.416558226999939,37.166742308000039],[-94.417196669999953,37.175720886000079],[-94.417835188999959,37.184699450000039],[-94.418473783999957,37.19367800100008],[-94.419112453999958,37.202656538000042],[-94.419751199999951,37.211635061000038],[-94.420390020999946,37.220613571000058],[-94.42102891799999,37.229592067000056],[-94.42166789099997,37.23857054900003],[-94.422306939999942,37.247549018000029],[-94.422946064999962,37.256527473000062],[-94.423585264999986,37.265505914000073],[-94.424224540999944,37.274484342000051],[-94.424863893999941,37.283462756000063],[-94.42550332199994,37.292441156000052],[-94.426142825999989,37.301419543000065],[-94.426782405999973,37.310397916000056],[-94.427422062999938,37.319376275000025],[-94.428061794999962,37.328354621000074],[-94.428701603999968,37.337332953000043],[-94.429341487999977,37.346311272000037],[-94.429981448999968,37.355289577000065],[-94.43062148599995,37.36426786800007],[-94.431261598999981,37.373246145000053],[-94.431901788999937,37.382224409000059],[-94.432542054999942,37.391202659000044],[-94.433182396999939,37.400180896000052],[-94.433822815999974,37.409159119000037],[-94.434463310999945,37.418137328000057],[-94.435103882999954,37.427115523000055],[-94.435744530999955,37.436093705000076],[-94.436385255999937,37.445071873000074],[-94.437026056999969,37.45405002800004],[-94.437666934999982,37.46302816900004],[-94.438307888999987,37.472006296000075],[-94.438948919999973,37.48098440900003],[-94.439590027999941,37.489962509000065],[-94.440231212999947,37.498940595000079],[-94.440872473999946,37.507918668000059],[-94.441513811999982,37.516896726000027],[-94.442155226999944,37.525874771000076],[-94.442796718999944,37.534852803000035],[-94.443438287999982,37.543830821000029],[-94.444079933999944,37.552808825000056],[-94.444721655999956,37.561786815000062],[-94.445363455999939,37.570764792000034],[-94.44600533299996,37.579742754000051],[-94.446647285999973,37.588720704000025],[-94.447289316999957,37.597698639000043],[-94.447931424999979,37.606676561000029],[-94.448573610999972,37.615654469000049],[-94.449215872999957,37.624632364000036],[-94.44985821299997,37.633610245000057],[-94.450500629999965,37.642588112000055],[-94.451143123999941,37.651565965000032],[-94.451785695999945,37.660543805000032],[-94.452428344999987,37.669521631000066],[-94.453071070999954,37.678499443000078],[-94.453713874999949,37.687477242000057],[-94.454356756999971,37.69645502700007],[-94.454999715999975,37.705432798000061],[-94.45564275199996,37.714410555000029],[-94.456285865999973,37.723388299000078],[-94.456929057999957,37.732366029000048],[-94.45757232699998,37.741343746000041],[-94.458215673999973,37.750321448000079],[-94.458859098999937,37.759299137000028],[-94.459502601999986,37.768276813000057],[-94.46014618199996,37.777254474000074],[-94.460789839999961,37.786232122000058],[-94.46143357599999,37.795209756000077],[-94.46207738999999,37.804187376000073],[-94.462721281999961,37.813164983000036],[-94.46336525199996,37.822142576000033],[-94.464009299999987,37.831120155000065],[-94.464653425999984,37.840097721000063],[-94.465297629999952,37.849075273000039],[-94.465941911999948,37.85805281100005],[-94.466586272999962,37.867030335000038],[-94.467230710999957,37.87600784600005],[-94.467875227999969,37.884985343000039],[-94.468519822999951,37.893962826000063],[-94.469164495999962,37.902940295000064],[-94.469809246999944,37.911917751000033],[-94.470454076999943,37.920895193000035],[-94.471098984999969,37.929872621000072],[-94.471743971999956,37.938850036000076],[-94.472389036999971,37.947827437000058],[-94.473034180999946,37.956804824000073],[-94.473679402999949,37.965782197000067],[-94.474324703999969,37.974759557000027],[-94.47497008299996,37.983736902000032],[-94.475615540999968,37.992714235000051],[-94.476261077999936,38.001691553000057],[-94.476906692999989,38.010668858000031],[-94.477552386999946,38.019646148000049],[-94.478198159999977,38.028623426000024],[-94.478844011999968,38.037600689000044],[-94.479489941999987,38.046577939000031],[-94.480135951999955,38.055555175000052],[-94.480782039999951,38.06453239700005],[-94.481428206999965,38.073509605000027],[-94.482074452999939,38.082486800000027],[-94.482720778999976,38.091463981000061],[-94.483367182999984,38.100441148000073],[-94.484013665999953,38.109418301000062],[-94.484660228999985,38.118395441000075],[-94.485306869999988,38.127372567000066],[-94.485953590999941,38.136349679000034],[-94.486600390999968,38.145326778000026],[-94.487247270999944,38.154303862000063],[-94.487894228999949,38.163280933000067],[-94.48854126699996,38.172257990000048],[-94.489188384999977,38.181235034000053],[-94.489835581999955,38.190212063000047],[-94.49048285799995,38.199189079000064],[-94.491130213999952,38.208166081000059],[-94.491777648999971,38.217143070000077],[-94.49242516399994,38.226120044000027],[-94.493072757999983,38.235097005000057],[-94.493720431999975,38.244073952000065],[-94.494368184999985,38.25305088500005],[-94.495016018999991,38.262027805000059],[-94.495663931999957,38.271004711000046],[-94.496311924999986,38.279981603000067],[-94.496959996999976,38.288958481000066],[-94.497608149999962,38.297935345000042],[-94.498256381999965,38.306912196000042],[-94.498904693999975,38.315889033000076],[-94.499553085999992,38.324865856000031],[-94.500201557999958,38.333842665000077],[-94.500850109999988,38.342819461000033],[-94.501498741999967,38.351796242000034],[-94.502147454999943,38.360773010000059],[-94.502796246999935,38.369749765000051],[-94.503445119999981,38.378726505000031],[-94.504094071999987,38.387703232000035],[-94.504743104999989,38.396679944000027],[-94.50539221799994,38.405656643000043],[-94.506041411999945,38.414633329000026],[-94.506690684999967,38.423610000000053],[-94.507340039999974,38.432586658000048],[-94.507989473999942,38.441563302000077],[-94.508638988999962,38.450539932000027],[-94.509288584999979,38.459516548000067],[-94.509938260999945,38.468493151000075],[-94.510588016999975,38.47746974000006],[-94.511237853999944,38.48644631500008],[-94.511887771999966,38.495422876000077],[-94.512537769999938,38.504399423000052],[-94.513187848999962,38.513375957000051],[-94.513838008999983,38.522352476000037],[-94.514488249999943,38.531328982000048],[-94.515138570999966,38.540305475000025],[-94.515788972999985,38.549281953000047],[-94.516439455999944,38.558258418000037],[-94.517090019999955,38.567234868000071],[-94.517740664999963,38.576211305000072],[-94.518391390999966,38.58518772900004],[-94.519042197999966,38.594164138000053],[-94.519693085999961,38.603140533000044],[-94.520344054999953,38.612116915000058],[-94.52099510499994,38.62109328300005],[-94.521646235999981,38.630069637000076],[-94.52229744899995,38.63904597800007],[-94.522948741999983,38.648022304000051],[-94.523600116999944,38.656998617000056],[-94.524251572999958,38.665974916000039],[-94.524903110999958,38.674951201000056],[-94.525554729999953,38.68392747200005],[-94.526206429999945,38.692903729000079],[-94.526858211999979,38.701879973000075],[-94.527510075999942,38.710856203000048],[-94.528162019999968,38.719832419000056],[-94.528814046999969,38.728808621000042],[-94.529466154999966,38.737784809000061],[-94.530118343999959,38.746760984000048],[-94.530770615999984,38.755737145000069],[-94.531422968999948,38.764713292000067],[-94.532075402999965,38.773689425000043],[-94.532727919999957,38.782665544000054],[-94.533380517999944,38.791641649000042],[-94.534033197999975,38.800617741000053],[-94.53468595999999,38.809593819000042],[-94.535338803999991,38.818569883000066],[-94.535991729999978,38.827545933000067],[-94.53664473799995,38.836521969000046],[-94.537297827999964,38.845497991000059],[-94.537950999999964,38.854474000000039]]},"properties":{"OID":22,"Product_Type_i":"Raw","From_ID":"Processor6","From_Node":"Fort Smith Regional Processor","From_City_Area":"Fort Smith","From_State":"AR","From_Latitude":35.496490999999999,"From_Longitude":-94.299086000000003,"Product_Type_j":" Raw","To_ID":"Warehouse2","To_Node":"Kansas City Cold Storage Hub","To_City_Area":"Kansas City","To_State":"MO","To_Latitude":38.854474000000003,"To_Longitude":-94.537951000000007,"Quantity":4000,"ORIG_FID":22,"Shape_Length":3.3664693425105461}},{"type":"Feature","id":23,"geometry":{"type":"LineString","coordinates":[[-90.528040999999973,38.781930000000045],[-90.539480678999951,38.782715070000052],[-90.55092048299997,38.783500140000058],[-90.562360411999975,38.784285210000064],[-90.573800466999955,38.78507028000007],[-90.585240647999967,38.78585534900003],[-90.596680953999964,38.786640419000037],[-90.608121384999947,38.787425488000054],[-90.619561941999962,38.78821055800006],[-90.631002623999962,38.788995627000077],[-90.642443431999936,38.789780696000037],[-90.653884364999954,38.790565765000053],[-90.665325423999946,38.79135083400007],[-90.67676660799998,38.79213590300003],[-90.688207917999989,38.792920972000047],[-90.699649352999984,38.793706040000075],[-90.711090913999954,38.794491109000035],[-90.722532599999965,38.795276177000062],[-90.733974411999952,38.796061245000033],[-90.745416349999971,38.796846314000049],[-90.756858411999985,38.797631382000077],[-90.768300600999964,38.798416450000047],[-90.779742914999986,38.799201517000029],[-90.791185353999936,38.799986585000056],[-90.802627918999974,38.800771653000027],[-90.814070609999987,38.801556720000065],[-90.825513425999986,38.802341788000035],[-90.836956366999971,38.803126855000073],[-90.848399434999976,38.803911922000054],[-90.859842626999978,38.804696990000025],[-90.871285945999944,38.805482057000063],[-90.882729389999952,38.806267123000055],[-90.894172958999945,38.807052190000036],[-90.905616653999971,38.807837257000074],[-90.917060474999971,38.808622324000055],[-90.928504420999957,38.809407390000047],[-90.939948492999974,38.810192456000038],[-90.951392690999967,38.810977523000076],[-90.962837013999945,38.811762589000068],[-90.974281461999965,38.81254765500006],[-90.985726036999949,38.813332721000052],[-90.997170736999976,38.814117787000043],[-91.008615561999989,38.814902853000035],[-91.020060513999965,38.815687918000037],[-91.031505590999984,38.816472984000029],[-91.042950792999989,38.817258049000031],[-91.054396120999968,38.818043114000034],[-91.065841574999979,38.818828180000025],[-91.077287154999965,38.819613245000028],[-91.088732859999936,38.82039831000003],[-91.10017869099994,38.821183375000032],[-91.111624646999985,38.821968440000035],[-91.123070728999949,38.822753504000048],[-91.134516936999944,38.82353856900005],[-91.145963270999971,38.824323633000063],[-91.157409729999983,38.825108698000065],[-91.168856314999971,38.825893762000078],[-91.18030302599999,38.826678826000034],[-91.191749861999938,38.827463890000047],[-91.203196824999964,38.82824895400006],[-91.214643911999985,38.829034018000073],[-91.226091125999972,38.829819082000029],[-91.237538464999943,38.830604145000052],[-91.248985929999947,38.831389209000065],[-91.260433520999982,38.832174272000032],[-91.271881237999935,38.832959336000044],[-91.283329079999987,38.833744399000068],[-91.294777047999958,38.834529462000035],[-91.30622514199996,38.835314525000058],[-91.317673360999947,38.836099588000025],[-91.329121706999956,38.836884651000048],[-91.34057017799995,38.837669713000025],[-91.352018774999976,38.838454776000049],[-91.363467496999988,38.839239838000026],[-91.374916345999964,38.840024901000049],[-91.386365319999982,38.840809963000027],[-91.397814419999975,38.841595025000061],[-91.409263645999943,38.842380087000038],[-91.420712997999942,38.843165149000072],[-91.432162474999984,38.843950211000049],[-91.443612077999944,38.844735273000026],[-91.455061806999936,38.845520334000071],[-91.466511661999959,38.846305396000048],[-91.477961642999958,38.847090457000036],[-91.489411749999988,38.84787551800008],[-91.500861981999947,38.848660580000058],[-91.512312340999983,38.849445641000045],[-91.523762824999949,38.850230702000033],[-91.535213434999946,38.851015763000078],[-91.546664170999975,38.851800823000076],[-91.558115031999989,38.852585884000064],[-91.569566019999968,38.853370945000052],[-91.581017133999978,38.85415600500005],[-91.592468372999974,38.854941065000048],[-91.603919737999945,38.855726126000036],[-91.615371228999948,38.856511186000034],[-91.626822846999971,38.857296246000033],[-91.638274588999991,38.858081306000031],[-91.649726457999975,38.858866366000029],[-91.661178452999991,38.859651425000038],[-91.672630573999982,38.860436485000037],[-91.684082820999947,38.861221544000045],[-91.695535192999955,38.862006604000044],[-91.706987691999984,38.862791663000053],[-91.718440315999942,38.863576722000062],[-91.729893065999988,38.864361781000071],[-91.741345942999942,38.865146840000079],[-91.752798944999938,38.865931899000032],[-91.764252072999966,38.86671695800004],[-91.775705326999969,38.867502017000049],[-91.787158707999936,38.868287075000069],[-91.798612213999945,38.869072134000078],[-91.810065845999986,38.86985719200004],[-91.821519603999946,38.87064225000006],[-91.832973487999936,38.871427308000079],[-91.844427497999959,38.872212366000042],[-91.855881633999957,38.872997424000062],[-91.867335895999986,38.873782482000024],[-91.87879028399999,38.874567540000044],[-91.890244797999969,38.875352598000063],[-91.90169943799998,38.876137655000036],[-91.913154203999966,38.876922712000066],[-91.924609096999973,38.877707770000029],[-91.936064114999965,38.878492827000059],[-91.947519258999989,38.879277884000032],[-91.958974528999988,38.880062941000062],[-91.970429924999962,38.880847998000036],[-91.981885447999957,38.881633055000066],[-91.993341095999938,38.88241811100005],[-92.00479687099994,38.88320316800008],[-92.016252770999984,38.883988224000063],[-92.027708797999935,38.884773280000047],[-92.039164949999986,38.885558337000077],[-92.050621228999944,38.886343393000061],[-92.062077633999991,38.887128449000045],[-92.073534164999955,38.887913505000029],[-92.084990821999952,38.888698561000069],[-92.09644760499998,38.889483616000064],[-92.107904513999983,38.890268672000047],[-92.119361549999951,38.891053727000042],[-92.130818710999961,38.891838783000026],[-92.142275998999935,38.892623838000077],[-92.153733411999951,38.893408893000071],[-92.165190951999989,38.894193948000066],[-92.176648617999945,38.89497900300006],[-92.188106409999989,38.895764058000054],[-92.199564327999951,38.896549113000049],[-92.211022372999992,38.897334167000054],[-92.222480542999961,38.898119222000048],[-92.233938839999951,38.898904276000053],[-92.245397262999973,38.899689331000047],[-92.256855811999969,38.900474385000052],[-92.268314486999941,38.901259439000057],[-92.279773287999944,38.902044493000062],[-92.291232215999969,38.902829547000067],[-92.302691268999979,38.903614601000072],[-92.314150448999953,38.904399654000031],[-92.325609754999959,38.905184708000036],[-92.337069187999987,38.905969761000051],[-92.348528745999943,38.906754815000056],[-92.359988430999977,38.907539868000072],[-92.371448241999985,38.90832492100003],[-92.382908178999969,38.909109974000046],[-92.394368242999974,38.909895027000061],[-92.405828431999964,38.910680080000077],[-92.417288747999976,38.911465133000036],[-92.428749189999962,38.912250185000062],[-92.44020975899997,38.913035238000077],[-92.451670452999963,38.913820290000046],[-92.463131273999977,38.914605343000062],[-92.474592220999966,38.915390395000031],[-92.486053294999977,38.916175447000057],[-92.497514493999972,38.916960499000027],[-92.508975819999989,38.917745551000053],[-92.52043727299997,38.918530603000079],[-92.531898850999937,38.919315654000059],[-92.543360555999982,38.920100706000028],[-92.554822386999945,38.920885757000065],[-92.566284343999939,38.921670809000034],[-92.577746427999955,38.922455860000071],[-92.589208637999945,38.92324091100005],[-92.600670973999968,38.92402596200003],[-92.612133436999954,38.924811013000067],[-92.623596025999973,38.925596064000047],[-92.635058740999966,38.926381115000027],[-92.646521582999981,38.927166165000074],[-92.65798455099997,38.927951216000054],[-92.669447644999991,38.928736266000044],[-92.680910865999977,38.929521316000034],[-92.692374212999937,38.930306367000071],[-92.703837685999986,38.931091417000061],[-92.715301285999942,38.931876467000052],[-92.726765011999987,38.932661517000042],[-92.73822886499994,38.933446566000043],[-92.749692843999981,38.934231616000034],[-92.76115694899994,38.935016666000024],[-92.772621180999977,38.935801715000025],[-92.784085538999989,38.936586764000026],[-92.795550022999976,38.937371814000073],[-92.807014633999984,38.938156863000074],[-92.818479370999967,38.938941912000075],[-92.829944234999971,38.939726961000076],[-92.84140922499995,38.940512009000031],[-92.85287434199995,38.941297058000032],[-92.864339584999982,38.942082107000033],[-92.875804953999989,38.942867155000044],[-92.88727044999996,38.943652204000045],[-92.898736071999963,38.944437252000057],[-92.910201820999987,38.945222300000069],[-92.921667695999986,38.94600734800008],[-92.933133697999949,38.946792396000035],[-92.944599825999944,38.947577444000046],[-92.956066079999971,38.948362492000058],[-92.967532460999962,38.94914753900008],[-92.978998968999974,38.949932587000035],[-92.990465602999961,38.950717634000057],[-93.00193236299998,38.951502682000068],[-93.013399249999964,38.952287729000034],[-93.024866263999968,38.953072776000056],[-93.036333403999947,38.953857823000078],[-93.047800669999958,38.954642870000043],[-93.05926806299999,38.955427917000065],[-93.070735582999987,38.956212964000031],[-93.082203228999958,38.956998010000063],[-93.093671001999951,38.957783057000029],[-93.105138900999975,38.958568103000061],[-93.116606925999974,38.959353149000037],[-93.128075077999938,38.96013819500007],[-93.13954335699998,38.960923242000035],[-93.151011762999985,38.961708287000079],[-93.162480293999977,38.962493333000054],[-93.173948952999979,38.96327837900003],[-93.185417737999956,38.964063425000063],[-93.196886648999964,38.964848470000049],[-93.208355686999937,38.965633516000025],[-93.219824851999988,38.966418561000069],[-93.231294142999957,38.967203606000055],[-93.242763560999947,38.967988651000042],[-93.254233105999958,38.968773696000028],[-93.265702776999944,38.969558741000071],[-93.277172574999952,38.970343786000058],[-93.288642498999991,38.971128831000044],[-93.300112549999938,38.971913875000041],[-93.311582726999973,38.972698920000028],[-93.323053031999962,38.973483964000025],[-93.334523461999936,38.974269008000078],[-93.345994019999978,38.975054053000065],[-93.357464703999938,38.975839097000062],[-93.368935514999976,38.976624141000059],[-93.380406451999988,38.977409184000066],[-93.391877515999965,38.978194228000064],[-93.403348706999964,38.978979272000061],[-93.414820023999937,38.979764315000068],[-93.426291467999988,38.980549359000065],[-93.437763038999947,38.981334402000073],[-93.449234735999937,38.98211944500008],[-93.460706559999949,38.982904488000031],[-93.472178510999981,38.983689531000039],[-93.483650587999989,38.984474574000046],[-93.49512279299995,38.985259617000054],[-93.506595122999954,38.986044660000061],[-93.518067580999968,38.98682970200008],[-93.529540164999958,38.98761474500003],[-93.541012875999968,38.988399787000048],[-93.552485713999943,38.989184829000067],[-93.563958678999938,38.989969871000028],[-93.575431769999966,38.990754913000046],[-93.586904987999958,38.991539955000064],[-93.598378331999982,38.992324997000026],[-93.609851803999959,38.993110039000044],[-93.621325401999968,38.993895081000062],[-93.632799126999942,38.994680122000034],[-93.644272978999936,38.995465163000063],[-93.655746956999963,38.996250205000024],[-93.667221061999953,38.997035246000053],[-93.678695293999965,38.997820287000025],[-93.690169652999941,38.998605328000053],[-93.701644138999939,38.999390369000025],[-93.713118750999968,39.000175410000054],[-93.724593490999951,39.000960450000036],[-93.736068356999965,39.001745491000065],[-93.747543348999955,39.002530531000048],[-93.759018468999955,39.003315572000076],[-93.770493714999986,39.004100612000059],[-93.781969088999972,39.004885652000041],[-93.793444588999989,39.005670692000081],[-93.804920215999971,39.006455732000063],[-93.816395969999974,39.007240772000046],[-93.827871849999951,39.008025811000039],[-93.83934785799994,39.008810851000078],[-93.85082399199996,39.00959589100006],[-93.862300252999944,39.010380930000053],[-93.873776640999949,39.011165969000047],[-93.885253155999976,39.01195100800004],[-93.896729797999967,39.012736047000033],[-93.908206566999979,39.013521086000026],[-93.919683461999966,39.014306125000076],[-93.931160484999964,39.015091164000069],[-93.942637633999936,39.015876203000062],[-93.954114909999987,39.016661241000065],[-93.965592312999945,39.017446280000058],[-93.977069842999981,39.018231318000062],[-93.988547499999981,39.019016356000066],[-94.000025283999946,39.019801394000069],[-94.011503194999989,39.020586432000073],[-94.022981232999939,39.021371470000076],[-94.034459397999967,39.02215650800008],[-94.04593768899997,39.022941546000027],[-94.057416107999984,39.023726583000041],[-94.068894652999973,39.024511621000045],[-94.080373325999972,39.025296658000059],[-94.091852124999946,39.026081695000073],[-94.103331050999941,39.026866733000077],[-94.114810104999947,39.027651770000034],[-94.126289284999984,39.028436807000048],[-94.137768591999986,39.029221843000073],[-94.149248026999942,39.03000688000003],[-94.160727587999986,39.030791917000045],[-94.172207275999938,39.031576953000069],[-94.183687090999967,39.032361990000027],[-94.195167033999951,39.033147026000051],[-94.206647102999966,39.033932062000076],[-94.218127298999946,39.034717098000044],[-94.229607621999946,39.035502134000069],[-94.241088072999958,39.036287170000037],[-94.252568649999944,39.037072206000062],[-94.264049354999941,39.03785724200003],[-94.275530185999969,39.038642277000065],[-94.287011143999962,39.039427313000033],[-94.298492229999965,39.040212348000068],[-94.309973441999944,39.040997383000047],[-94.321454781999989,39.041782419000072],[-94.332936248999943,39.04256745400005],[-94.344417841999984,39.043352489000029],[-94.35589956299998,39.044137523000074],[-94.36738141099994,39.044922558000053],[-94.378863385999978,39.045707593000031],[-94.39034548799998,39.046492627000077],[-94.401827716999946,39.047277662000056],[-94.41331007399998,39.048062696000045],[-94.424792556999989,39.048847730000034],[-94.436275166999962,39.04963276400008],[-94.447757904999946,39.050417798000069],[-94.459240769999951,39.051202832000058],[-94.470723760999988,39.051987866000047],[-94.482206879999978,39.052772900000036],[-94.49369012599999,39.053557933000036],[-94.505173499999955,39.054342967000025],[-94.516656999999952,39.055128000000025]]},"properties":{"OID":23,"Product_Type_i":"Raw","From_ID":"Warehouse1","From_Node":"St. Louis Regional Cold DC","From_City_Area":"O'Fallon","From_State":"MO","From_Latitude":38.781930000000003,"From_Longitude":-90.528041000000002,"Product_Type_j":" Raw","To_ID":"Retailer1","To_Node":"Harvesters Community Food Network","To_City_Area":"Kansas City","To_State":"MO","To_Latitude":39.055128000000003,"To_Longitude":-94.516656999999995,"Quantity":3712.3955000000001,"ORIG_FID":23,"Shape_Length":3.9979613349704946}},{"type":"Feature","id":24,"geometry":{"type":"LineString","coordinates":[[-94.537950999999964,38.854474000000039],[-94.53702642099995,38.863198231000069],[-94.536101727999949,38.871922448000078],[-94.535176922999938,38.880646653000042],[-94.534252003999939,38.88937084500003],[-94.533326972999987,38.898095023000053],[-94.53240182799999,38.906819189000032],[-94.531476569999938,38.915543341000046],[-94.530551197999955,38.924267480000026],[-94.529625713999962,38.93299160600003],[-94.528700115999982,38.941715720000047],[-94.527774403999956,38.950439820000042],[-94.526848578999989,38.959163907000061],[-94.525922640999966,38.967887981000047],[-94.524996587999965,38.976612041000067],[-94.524070422999955,38.985336089000043],[-94.523144142999968,38.994060124000043],[-94.522217749999982,39.002784145000078],[-94.521291242999951,39.011508154000069],[-94.520364621999988,39.020232149000037],[-94.51943788799997,39.028956132000076],[-94.518511038999975,39.037680101000035],[-94.517584076999981,39.046404057000075],[-94.516656999999952,39.055128000000025]]},"properties":{"OID":24,"Product_Type_i":"Raw","From_ID":"Warehouse2","From_Node":"Kansas City Cold Storage Hub","From_City_Area":"Kansas City","From_State":"MO","From_Latitude":38.854474000000003,"From_Longitude":-94.537951000000007,"Product_Type_j":" Raw","To_ID":"Retailer1","To_Node":"Harvesters Community Food Network","To_City_Area":"Kansas City","To_State":"MO","To_Latitude":39.055128000000003,"To_Longitude":-94.516656999999995,"Quantity":4000,"ORIG_FID":24,"Shape_Length":0.20178072865328836}},{"type":"Feature","id":25,"geometry":{"type":"LineString","coordinates":[[-87.49949799999996,41.637709000000029],[-87.50636485199999,41.630333531000076],[-87.513230921999991,41.622958052000058],[-87.520096208999973,41.615582564000078],[-87.526960713999983,41.60820706700008],[-87.533824437999954,41.600831560000074],[-87.540687379999952,41.59345604300006],[-87.547549540999967,41.586080517000028],[-87.554410920999942,41.578704982000033],[-87.561271519999991,41.571329437000031],[-87.56813133899999,41.563953882000078],[-87.574990377999939,41.556578318000049],[-87.58184863699995,41.549202745000059],[-87.588706116999958,41.541827162000061],[-87.595562816999973,41.534451570000044],[-87.602418738999972,41.527075968000077],[-87.609273881999968,41.519700356000044],[-87.616128246999949,41.51232473500005],[-87.622981833999972,41.504949105000037],[-87.629834642999981,41.497573465000073],[-87.636686674999964,41.490197816000034],[-87.64353792899999,41.482822157000044],[-87.65038840699998,41.475446488000046],[-87.657238108999991,41.468070810000029],[-87.664087032999987,41.46069512300005],[-87.670935181999937,41.453319426000064],[-87.677782555999954,41.445943720000059],[-87.684629153999936,41.438568004000047],[-87.691474976999984,41.431192279000072],[-87.698320024999987,41.423816544000033],[-87.705164297999943,41.416440800000032],[-87.712007796999956,41.40906504600008],[-87.718850522999958,41.401689282000063],[-87.72569247399997,41.394313510000075],[-87.732533651999972,41.386937727000031],[-87.739374057999953,41.379561936000073],[-87.74621368999999,41.372186135000049],[-87.75305254999995,41.364810324000075],[-87.759890636999955,41.357434504000025],[-87.766727952999986,41.350058674000024],[-87.773564496999938,41.342682835000062],[-87.780400269999973,41.335306986000035],[-87.787235270999986,41.327931128000046],[-87.794069501999957,41.320555260000049],[-87.800902962999942,41.313179383000033],[-87.807735652999952,41.305803497000056],[-87.814567572999977,41.298427601000071],[-87.821398722999959,41.291051695000078],[-87.828229103999945,41.283675780000067],[-87.835058716999981,41.276299856000037],[-87.841887559999975,41.268923922000056],[-87.848715634999962,41.261547978000067],[-87.855542940999953,41.254172025000059],[-87.862369479999984,41.246796063000033],[-87.869195250999951,41.239420091000056],[-87.876020253999968,41.232044109000071],[-87.882844490999958,41.224668119000057],[-87.889667960999986,41.217292118000046],[-87.896490663999941,41.209916108000073],[-87.903312600999982,41.202540089000024],[-87.910133771999938,41.195164060000025],[-87.916954177999969,41.187788022000063],[-87.923773817999972,41.180411974000037],[-87.930592692999937,41.17303591700005],[-87.937410802999977,41.165659850000054],[-87.944228148999969,41.15828377400004],[-87.951044729999978,41.150907688000075],[-87.957860547999985,41.143531593000034],[-87.964675601999943,41.136155489000032],[-87.971489891999965,41.128779375000079],[-87.978303419999975,41.121403251000061],[-87.985116183999935,41.114027118000081],[-87.991928185999939,41.106650975000036],[-87.998739425999986,41.09927482300003],[-88.005549903999963,41.091898662000062],[-88.012359619999984,41.08452249100003],[-88.019168574999981,41.077146311000035],[-88.025976768999953,41.069770121000033],[-88.032784201999959,41.06239392100008],[-88.039590873999941,41.055017713000041],[-88.046396785999946,41.047641494000061],[-88.053201937999972,41.040265266000063],[-88.060006329999965,41.032889029000046],[-88.066809962999969,41.025512782000078],[-88.073612836999985,41.018136526000035],[-88.080414951999956,41.01076026100003],[-88.087216307999938,41.003383985000028],[-88.094016905999979,40.996007701000053],[-88.100816745999964,40.988631407000071],[-88.10761582899994,40.98125510300008],[-88.114414153999974,40.973878790000072],[-88.121211720999952,40.966502468000044],[-88.128008531999967,40.959126136000066],[-88.134804585999973,40.951749794000079],[-88.141599883999959,40.944373443000075],[-88.148394425999982,40.936997083000051],[-88.155188211999985,40.929620713000077],[-88.161981242999957,40.922244334000027],[-88.168773517999966,40.914867945000026],[-88.175565038999935,40.907491547000063],[-88.18235580399994,40.900115139000036],[-88.18914581599995,40.892738722000047],[-88.195935072999987,40.885362296000039],[-88.202723576999972,40.877985859000034],[-88.209511326999973,40.870609414000057],[-88.216298323999979,40.863232959000072],[-88.223084566999944,40.855856494000079],[-88.22987005899995,40.848480020000068],[-88.236654796999971,40.841103537000038],[-88.243438783999977,40.833727044000057],[-88.250222018999978,40.826350542000057],[-88.257004501999972,40.818974030000049],[-88.263786233999951,40.81159750900008],[-88.270567214999971,40.804220978000046],[-88.277347444999975,40.796844438000051],[-88.284126923999963,40.789467888000047],[-88.290905653999971,40.782091329000025],[-88.297683632999963,40.774714761000041],[-88.304460862999974,40.767338183000049],[-88.311237343999949,40.75996159500005],[-88.318013074999953,40.752584998000032],[-88.324788057999967,40.745208392000052],[-88.331562291999944,40.737831776000064],[-88.338335777999987,40.730455151000058],[-88.345108515999982,40.723078516000044],[-88.351880506999976,40.715701872000068],[-88.358651748999989,40.708325218000027],[-88.365422244999991,40.700948555000025],[-88.372191993999991,40.693571882000072],[-88.378960995999989,40.686195200000043],[-88.385729251999976,40.678818508000063],[-88.392496761999951,40.671441808000054],[-88.39926352699996,40.664065097000048],[-88.406029544999967,40.65668837700008],[-88.412794818999942,40.649311648000037],[-88.41955934799995,40.641934909000042],[-88.426323131999936,40.634558161000029],[-88.433086170999957,40.627181403000066],[-88.43984846699999,40.619804636000026],[-88.446610018999991,40.612427859000036],[-88.453370826999958,40.605051073000027],[-88.460130891999938,40.597674278000056],[-88.466890213999989,40.590297473000078],[-88.473648792999938,40.582920658000035],[-88.480406629999948,40.575543835000076],[-88.48716372399997,40.568167001000063],[-88.493920076999984,40.560790159000078],[-88.500675687999944,40.553413306000039],[-88.507430557999953,40.546036445000027],[-88.514184685999965,40.538659574000064],[-88.520938073999957,40.531282693000037],[-88.527690720999942,40.523905803000048],[-88.534442628999955,40.51652890400004],[-88.541193795999959,40.509151995000025],[-88.547944222999945,40.501775076000058],[-88.554693910999958,40.494398148000073],[-88.561442859999943,40.487021211000069],[-88.568191069999955,40.479644265000047],[-88.574938540999938,40.472267308000028],[-88.581685273999938,40.464890343000036],[-88.588431268999955,40.457513368000036],[-88.595176525999989,40.450136383000029],[-88.601921045999973,40.442759389000059],[-88.608664827999974,40.435382386000072],[-88.615407872999981,40.428005373000076],[-88.622150181999984,40.420628351000062],[-88.628891753999937,40.41325131900004],[-88.635632589999943,40.405874278000056],[-88.642372689999945,40.398497228000053],[-88.649112054999989,40.391120168000043],[-88.655850683999972,40.383743098000025],[-88.662588578999987,40.376366019000045],[-88.669325737999941,40.368988931000047],[-88.676062162999983,40.36161183300004],[-88.682797852999954,40.354234726000072],[-88.689532809999946,40.34685760900004],[-88.69626703299997,40.339480483000045],[-88.703000521999968,40.332103348000032],[-88.709733278999977,40.324726203000068],[-88.716465301999961,40.31734904800004],[-88.723196592999955,40.309971885000039],[-88.72992715099997,40.30259471100004],[-88.736656976999939,40.29521752900007],[-88.743386071999964,40.287840336000045],[-88.750114434999944,40.280463135000048],[-88.75684206699998,40.273085924000043],[-88.763568966999969,40.26570870300003],[-88.770295136999948,40.258331473000055],[-88.777020576999973,40.250954234000062],[-88.783745285999942,40.243576985000061],[-88.790469264999956,40.236199727000042],[-88.797192514999949,40.228822459000071],[-88.803915034999989,40.221445182000025],[-88.81063682599995,40.214067896000074],[-88.817357888999936,40.206690600000059],[-88.824078221999969,40.199313295000024],[-88.830797827999959,40.191935980000039],[-88.837516704999985,40.184558656000036],[-88.844234854999968,40.177181322000081],[-88.850952276999976,40.169803979000051],[-88.857668971999942,40.16242662600007],[-88.864384939999979,40.155049265000059],[-88.871100180999974,40.147671893000052],[-88.877814694999984,40.140294512000025],[-88.884528483999986,40.132917122000038],[-88.891241546999936,40.125539722000042],[-88.897953883999946,40.118162313000028],[-88.904665494999961,40.110784895000052],[-88.911376381999958,40.103407467000068],[-88.918086543999948,40.096030030000065],[-88.924795980999988,40.088652583000055],[-88.931504693999955,40.081275127000026],[-88.938212682999961,40.073897661000046],[-88.944919947999949,40.066520186000048],[-88.951626489999967,40.059142701000042],[-88.958332307999967,40.051765208000063],[-88.96503740299994,40.04438770400003],[-88.971741775999988,40.037010192000025],[-88.978445425999951,40.02963266900008],[-88.985148354999978,40.022255138000048],[-88.991850560999978,40.014877597000066],[-88.998552045999986,40.007500046000075],[-89.005252808999956,40.000122486000066],[-89.01195285099999,39.992744917000039],[-89.018652171999975,39.98536733800006],[-89.025350772999957,39.977989750000063],[-89.032048653999937,39.970612153000047],[-89.038745813999981,39.963234546000081],[-89.045442254999955,39.955856930000039],[-89.052137975999983,39.948479304000045],[-89.058832977999941,39.941101669000034],[-89.065527260999943,39.933724024000071],[-89.072220824999988,39.926346370000033],[-89.078913670999953,39.918968706000044],[-89.08560579899995,39.911591034000026],[-89.09229720899998,39.904213351000067],[-89.098987900999987,39.896835660000079],[-89.105677874999969,39.889457958000037],[-89.112367132999964,39.882080248000079],[-89.119055673999981,39.874702528000057],[-89.125743497999963,39.867324799000073],[-89.132430605999957,39.859947060000025],[-89.139116996999974,39.852569312000071],[-89.145802672999935,39.845191554000053],[-89.152487633999954,39.837813787000073],[-89.159171878999985,39.830436011000074],[-89.16585540899996,39.823058225000068],[-89.172538224999983,39.815680430000043],[-89.17922032499996,39.808302625000067],[-89.185901711999975,39.800924811000073],[-89.19258238499998,39.79354698700007],[-89.199262343999976,39.786169155000039],[-89.205941589999952,39.778791312000067],[-89.212620121999976,39.771413461000066],[-89.219297941999969,39.764035600000057],[-89.225975047999952,39.75665772900004],[-89.232651442999952,39.749279849000061],[-89.239327124999988,39.741901960000064],[-89.246002095999984,39.734524061000059],[-89.252676354999949,39.727146153000035],[-89.25934990199994,39.71976823500006],[-89.266022738999936,39.712390309000057],[-89.272694864999949,39.705012372000056],[-89.279366279999977,39.697634426000036],[-89.286036984999953,39.690256471000055],[-89.292706979999991,39.682878507000055],[-89.299376264999978,39.675500533000047],[-89.30604483999997,39.668122550000078],[-89.312712706999946,39.660744557000044],[-89.319379863999984,39.653366555000048],[-89.326046312999949,39.645988543000044],[-89.332712052999966,39.638610522000079],[-89.339377084999967,39.631232492000038],[-89.346041408999952,39.623854452000046],[-89.352705025999967,39.616476403000036],[-89.359367934999966,39.609098344000074],[-89.366030135999949,39.601720276000037],[-89.372691630999952,39.594342199000039],[-89.379352419999975,39.586964112000032],[-89.386012501999971,39.579586016000064],[-89.392671876999941,39.572207911000078],[-89.399330546999977,39.564829796000026],[-89.405988511999965,39.557451671000081],[-89.412645770999973,39.550073538000049],[-89.41930232499999,39.542695395000067],[-89.425958173999959,39.535317242000076],[-89.432613317999937,39.527939080000067],[-89.439267758999961,39.520560909000039],[-89.445921494999936,39.513182728000061],[-89.452574526999967,39.505804538000064],[-89.459226855999987,39.498426339000048],[-89.465878481999937,39.491048130000024],[-89.472529403999943,39.483669912000039],[-89.479179623999983,39.476291684000046],[-89.485829141999943,39.468913447000034],[-89.492477956999949,39.461535201000061],[-89.499126069999988,39.454156945000079],[-89.505773480999949,39.446778680000079],[-89.51242019099999,39.439400405000072],[-89.519066199999941,39.432022121000045],[-89.525711507999972,39.424643828000058],[-89.53235611499997,39.417265525000062],[-89.539000021999982,39.409887213000047],[-89.54564322899995,39.402508891000025],[-89.552285734999941,39.39513056100003],[-89.558927541999935,39.387752220000039],[-89.565568649999989,39.380373871000074],[-89.572209057999942,39.372995512000045],[-89.578848767999943,39.365617143000065],[-89.585487778999948,39.358238765000067],[-89.592126090999955,39.35086037800005],[-89.598763705999943,39.343481982000071],[-89.60540062299998,39.336103576000028],[-89.612036841999952,39.328725160000033],[-89.618672362999973,39.321346736000066],[-89.625307187999965,39.313968302000035],[-89.631941314999949,39.306589858000052],[-89.63857474699995,39.299211405000051],[-89.645207480999943,39.291832943000031],[-89.651839519999953,39.28445447100006],[-89.658470862999991,39.277075990000071],[-89.665101510999989,39.269697500000063],[-89.671731462999958,39.262319000000048],[-89.678360719999944,39.25494049100007],[-89.684989281999947,39.247561973000074],[-89.691617149999956,39.240183445000071],[-89.698244322999983,39.232804908000048],[-89.704870802999949,39.225426361000075],[-89.711496587999989,39.218047805000026],[-89.718121679999967,39.210669240000072],[-89.724746078999942,39.203290665000054],[-89.73136978499997,39.195912081000074],[-89.737992797999937,39.188533487000029],[-89.744615118999945,39.181154885000069],[-89.75123674699995,39.173776272000055],[-89.757857683999987,39.166397651000068],[-89.764477927999963,39.159019020000073],[-89.77109748099997,39.15164038000006],[-89.777716342999952,39.144261730000039],[-89.784334513999966,39.136883071000057],[-89.790951993999954,39.129504402000066],[-89.797568783999964,39.122125725000046],[-89.804184883999937,39.114747037000029],[-89.810800292999943,39.10736834100004],[-89.817415012999959,39.099989635000043],[-89.824029043999985,39.092610920000027],[-89.830642384999976,39.08523219500006],[-89.837255036999977,39.077853461000075],[-89.843867000999978,39.070474718000071],[-89.85047827599999,39.063095965000059],[-89.857088862999944,39.055717203000029],[-89.863698761999956,39.048338432000037],[-89.870307972999967,39.040959651000037],[-89.876916496999968,39.033580861000075],[-89.883524333999958,39.026202061000049],[-89.890131483999937,39.018823252000061],[-89.896737946999963,39.011444434000055],[-89.903343722999978,39.00406560600004],[-89.909948813999961,38.996686769000064],[-89.91655321799999,38.989307923000069],[-89.923156936999987,38.981929067000067],[-89.929759970999953,38.974550202000046],[-89.936362318999954,38.967171328000063],[-89.94296398299997,38.959792444000072],[-89.949564960999965,38.952413551000063],[-89.956165255999963,38.945034649000036],[-89.962764865999986,38.937655737000057],[-89.969363791999967,38.93027681600006],[-89.975962034999952,38.922897885000054],[-89.982559593999952,38.915518945000031],[-89.989156469999955,38.908139996000045],[-89.995752662999962,38.900761038000041],[-90.002348172999973,38.89338207000003],[-90.008943000999977,38.886003092000067],[-90.015537146999975,38.878624106000075],[-90.022130610999966,38.871245110000075],[-90.02872339299995,38.863866104000067],[-90.035315493999974,38.85648709000003],[-90.041906913999981,38.849108066000042],[-90.04849765299997,38.841729032000046],[-90.055087710999942,38.834349990000078],[-90.061677088999943,38.826970937000056],[-90.068265785999984,38.819591876000061],[-90.074853803999986,38.812212805000058],[-90.08144114199996,38.804833725000037],[-90.088027799999963,38.797454636000055],[-90.094613779999975,38.790075537000064],[-90.101199079999958,38.782696429000055],[-90.107783701999949,38.775317311000038],[-90.114367645999948,38.767938184000059],[-90.120950910999966,38.760559048000061],[-90.127533497999991,38.753179903000046],[-90.134115407999957,38.745800748000079],[-90.140696639999987,38.738421584000037],[-90.147277194999958,38.731042410000043],[-90.153857072999983,38.723663227000031],[-90.160436273999949,38.716284035000058],[-90.167014798999958,38.708904833000076],[-90.173592647999953,38.701525623000066],[-90.180169820999936,38.694146402000058],[-90.186746317999962,38.686767173000078],[-90.193322139999964,38.679387934000033],[-90.199897285999953,38.672008686000027],[-90.206471757999964,38.664629428000069],[-90.213045554999951,38.657250161000036],[-90.219618676999971,38.649870885000041],[-90.226191124999957,38.642491599000039],[-90.232762898999965,38.635112304000074],[-90.239333999999985,38.627733000000035]]},"properties":{"OID":25,"Product_Type_i":"Raw","From_ID":"Warehouse3","From_Node":"Chicago Metro Cold Warehouse","From_City_Area":"Hammond (Chicago Metro)","From_State":"IN","From_Latitude":41.637709000000001,"From_Longitude":-87.499498000000003,"Product_Type_j":" Raw","To_ID":"Retailer3","To_Node":"St. Louis Metro Market","To_City_Area":"St. Louis Metro","To_State":"MO–IL","To_Latitude":38.627732999999999,"To_Longitude":-90.239333999999999,"Quantity":9071.7690000000002,"ORIG_FID":25,"Shape_Length":4.0702996222214756}},{"type":"Feature","id":26,"geometry":{"type":"LineString","coordinates":[[-94.516656999999952,39.055128000000025],[-94.505216659999974,39.053988322000066],[-94.493776503999982,39.052848643000061],[-94.482336531999977,39.051708964000056],[-94.470896743999958,39.050569286000041],[-94.459457139999984,39.049429606000047],[-94.448017718999949,39.048289927000042],[-94.436578482999948,39.047150247000047],[-94.425139429999945,39.046010568000042],[-94.413700560999985,39.044870887000059],[-94.402261875999955,39.043731207000064],[-94.390823373999979,39.04259152700007],[-94.379385056999979,39.041451846000029],[-94.367946922999977,39.040312165000046],[-94.356508972999961,39.039172484000062],[-94.345071205999943,39.038032802000032],[-94.333633623999958,39.036893121000048],[-94.322196224999971,39.035753439000075],[-94.31075900999997,39.034613757000045],[-94.299321977999966,39.033474075000072],[-94.287885130999939,39.032334392000053],[-94.276448465999977,39.031194709000033],[-94.26501198599999,39.03005502600007],[-94.253575688999945,39.028915343000051],[-94.242139575999943,39.027775660000032],[-94.230703646999984,39.02663597600008],[-94.219267900999967,39.025496292000071],[-94.207832338999935,39.024356608000062],[-94.196396959999959,39.023216924000053],[-94.184961764999969,39.022077239000055],[-94.173526753999965,39.020937555000046],[-94.16209192599996,39.019797870000048],[-94.150657281999941,39.01865818400006],[-94.139222820999976,39.017518499000062],[-94.127788543999941,39.016378813000074],[-94.11635444999996,39.015239127000029],[-94.104920539999966,39.014099441000042],[-94.09348681299997,39.012959755000054],[-94.08205326999996,39.011820068000077],[-94.070619910999937,39.010680382000032],[-94.059186734999969,39.009540695000055],[-94.047753741999941,39.008401008000078],[-94.036320932999956,39.007261320000055],[-94.024888306999969,39.006121632000031],[-94.013455864999969,39.004981945000054],[-94.002023605999966,39.003842256000041],[-93.99059153099995,39.002702568000075],[-93.979159638999988,39.001562880000051],[-93.967727929999967,39.000423191000039],[-93.956296404999989,38.999283502000026],[-93.944865062999952,38.99814381300007],[-93.933433904999958,38.997004123000067],[-93.922002929999962,38.995864433000065],[-93.910572137999964,38.994724744000052],[-93.899141529999952,38.993585053000061],[-93.887711104999937,38.992445363000058],[-93.876280862999977,38.991305673000056],[-93.864850804999946,38.990165982000065],[-93.85342092999997,38.989026291000073],[-93.841991237999991,38.987886600000024],[-93.830561728999953,38.986746908000043],[-93.819132403999959,38.985607216000062],[-93.807703261999961,38.984467525000071],[-93.796274302999961,38.983327832000043],[-93.784845527999948,38.982188140000062],[-93.77341693599999,38.981048447000035],[-93.761988526999971,38.979908755000054],[-93.75056030099995,38.978769062000026],[-93.739132257999984,38.977629368000066],[-93.727704398999947,38.976489675000039],[-93.716276721999975,38.975349981000079],[-93.70484922899999,38.974210287000062],[-93.693421918999945,38.973070593000045],[-93.681994791999955,38.971930899000029],[-93.670567848999951,38.970791204000079],[-93.659141087999956,38.969651510000062],[-93.647714509999957,38.968511815000056],[-93.636288115999946,38.967372119000061],[-93.624861904999989,38.966232424000054],[-93.613435876999972,38.965092728000059],[-93.602010031999953,38.963953032000063],[-93.590584368999941,38.962813336000067],[-93.579158889999974,38.961673640000072],[-93.567733593999947,38.96053394300003],[-93.556308481999963,38.959394246000045],[-93.544883551999988,38.95825454900006],[-93.533458804999952,38.957114852000075],[-93.522034240999972,38.955975155000033],[-93.510609859999988,38.954835457000058],[-93.499185661999945,38.953695759000027],[-93.487761646999957,38.952556061000053],[-93.476337814999965,38.951416362000032],[-93.464914165999971,38.950276664000057],[-93.453490699999975,38.949136965000037],[-93.442067415999986,38.947997266000073],[-93.430644315999984,38.946857567000052],[-93.41922139899998,38.945717867000042],[-93.407798663999984,38.944578167000031],[-93.396376112999974,38.943438468000068],[-93.384953743999972,38.942298767000068],[-93.373531557999968,38.941159067000058],[-93.362109554999961,38.940019366000058],[-93.350687734999951,38.938879666000048],[-93.33926609699995,38.937739965000048],[-93.327844642999992,38.936600263000059],[-93.316423370999985,38.93546056200006],[-93.305002281999975,38.934320860000071],[-93.293581375999963,38.933181158000025],[-93.282160652999949,38.932041456000036],[-93.270740111999942,38.930901754000047],[-93.259319754999979,38.929762051000068],[-93.247899578999977,38.928622348000033],[-93.236479586999963,38.927482645000055],[-93.225059777999945,38.926342942000076],[-93.213640150999936,38.925203238000051],[-93.202220706999981,38.924063535000073],[-93.190801444999977,38.922923831000048],[-93.17938236599997,38.921784126000034],[-93.167963469999961,38.920644422000066],[-93.156544756999949,38.919504717000052],[-93.145126225999945,38.918365013000027],[-93.133707877999939,38.917225307000081],[-93.12228971199994,38.916085602000067],[-93.110871729999985,38.914945897000052],[-93.099453928999935,38.913806191000049],[-93.088036311999986,38.912666485000045],[-93.076618876999987,38.911526779000042],[-93.06520162399994,38.910387072000049],[-93.053784553999947,38.909247366000045],[-93.042367666999951,38.908107659000052],[-93.030950961999963,38.906967952000059],[-93.019534439999973,38.905828245000066],[-93.00811809999999,38.904688537000027],[-92.996701942999948,38.903548829000044],[-92.98528596899996,38.902409121000062],[-92.973870175999991,38.90126941300008],[-92.962454566999952,38.90012970500004],[-92.951039139999978,38.898989996000068],[-92.939623894999954,38.89785028700004],[-92.928208832999985,38.896710578000068],[-92.916793952999967,38.895570869000039],[-92.905379254999957,38.894431159000078],[-92.893964739999944,38.893291450000049],[-92.882550407999986,38.892151740000031],[-92.871136257999979,38.89101202900008],[-92.859722289999979,38.889872319000062],[-92.848308504999977,38.888732608000055],[-92.836894901999983,38.887592897000047],[-92.82548148099994,38.88645318600004],[-92.814068242999952,38.885313475000032],[-92.802655186999971,38.884173764000025],[-92.791242313999987,38.883034052000028],[-92.779829622999955,38.881894340000031],[-92.768417113999988,38.880754628000034],[-92.757004786999971,38.879614915000047],[-92.745592642999952,38.878475202000061],[-92.734180680999941,38.877335490000064],[-92.722768900999938,38.876195777000078],[-92.711357303999989,38.875056063000045],[-92.699945887999945,38.873916350000059],[-92.688534655999945,38.872776636000026],[-92.677123604999963,38.87163692200005],[-92.665712735999989,38.870497208000074],[-92.654302049999956,38.869357493000052],[-92.642891545999987,38.868217779000076],[-92.63148122399997,38.867078064000054],[-92.62007108399996,38.865938349000032],[-92.608661126999948,38.864798633000078],[-92.597251350999954,38.863658918000056],[-92.585841757999958,38.862519202000044],[-92.57443234699997,38.861379486000033],[-92.56302311799999,38.860239770000078],[-92.55161407099996,38.859100053000077],[-92.540205206999985,38.857960337000065],[-92.528796523999972,38.856820620000065],[-92.517388022999967,38.855680903000064],[-92.505979704999959,38.854541185000073],[-92.494571568999959,38.853401468000072],[-92.483163613999977,38.852261750000025],[-92.471755841999936,38.851122032000035],[-92.46034825199996,38.849982314000044],[-92.448940842999946,38.848842595000065],[-92.437533616999985,38.847702877000074],[-92.426126572999976,38.846563158000038],[-92.414719710999975,38.845423439000058],[-92.403313030999982,38.844283719000032],[-92.39190653199995,38.843144000000052],[-92.380500215999973,38.842004280000026],[-92.369094081999947,38.840864560000057],[-92.357688128999939,38.839724840000031],[-92.346282358999986,38.838585119000072],[-92.334876769999937,38.837445399000046],[-92.323471363999943,38.836305678000031],[-92.312066138999967,38.835165956000026],[-92.300661095999942,38.834026235000067],[-92.289256234999982,38.832886514000052],[-92.277851555999973,38.831746792000047],[-92.266447058999972,38.830607070000042],[-92.255042743999979,38.829467348000037],[-92.243638609999948,38.828327625000043],[-92.232234658999971,38.827187902000048],[-92.220830888999956,38.826048179000054],[-92.209427300999948,38.82490845600006],[-92.198023894999949,38.823768733000065],[-92.186620669999968,38.822629009000025],[-92.175217627999984,38.82148928600003],[-92.163814766999963,38.820349562000047],[-92.152412087999949,38.819209837000074],[-92.141009589999953,38.818070113000033],[-92.129607274999955,38.81693038800006],[-92.118205140999976,38.81579066300003],[-92.106803188999947,38.814650938000057],[-92.095401417999938,38.813511213000027],[-92.083999828999936,38.812371487000064],[-92.072598421999942,38.811231761000045],[-92.061197196999956,38.810092035000025],[-92.049796152999988,38.808952309000063],[-92.038395290999972,38.807812583000043],[-92.026994609999974,38.806672856000034],[-92.015594111999974,38.805533129000025],[-92.004193793999946,38.804393402000073],[-91.992793658999972,38.803253674000075],[-91.981393704999959,38.802113947000066],[-91.969993932999955,38.800974219000068],[-91.958594341999969,38.79983449100007],[-91.947194932999992,38.798694763000071],[-91.935795704999975,38.797555034000027],[-91.924396658999967,38.796415306000029],[-91.912997793999978,38.795275577000041],[-91.901599110999939,38.794135847000064],[-91.890200609999965,38.792996118000076],[-91.878802289999953,38.791856388000042],[-91.86740415099996,38.790716659000054],[-91.856006193999974,38.789576929000077],[-91.84460841899994,38.788437198000054],[-91.833210824999981,38.787297468000077],[-91.821813411999983,38.786157737000053],[-91.810416180999937,38.78501800600003],[-91.799019130999966,38.783878275000063],[-91.787622262999946,38.78273854400004],[-91.776225575999945,38.781598812000027],[-91.764829070999951,38.780459080000071],[-91.753432746999977,38.779319348000058],[-91.742036603999964,38.778179616000045],[-91.730640642999958,38.777039883000043],[-91.719244862999972,38.77590015100003],[-91.707849264999936,38.774760418000028],[-91.696453847999976,38.773620685000026],[-91.685058611999978,38.772480951000034],[-91.673663556999941,38.771341218000032],[-91.662268683999969,38.77020148400004],[-91.650873991999958,38.769061750000049],[-91.639479481999956,38.767922015000067],[-91.628085151999983,38.766782281000076],[-91.616691003999961,38.765642546000038],[-91.605297037999946,38.764502811000057],[-91.593903251999961,38.763363076000076],[-91.582509647999984,38.762223341000038],[-91.571116224999969,38.761083605000067],[-91.559722982999972,38.75994386900004],[-91.548329921999937,38.758804133000069],[-91.536937042999966,38.757664397000042],[-91.525544344999958,38.756524660000025],[-91.514151827999967,38.755384924000055],[-91.502759491999939,38.754245187000038],[-91.491367336999986,38.753105450000078],[-91.479975363999984,38.751965712000072],[-91.468583571999943,38.750825974000065],[-91.457191959999989,38.749686237000049],[-91.445800529999985,38.748546499000042],[-91.434409280999944,38.747406760000047],[-91.423018212999978,38.74626702200004],[-91.411627326999962,38.745127283000045],[-91.400236620999976,38.743987544000049],[-91.388846095999952,38.742847805000054],[-91.377455752999936,38.741708065000068],[-91.366065589999948,38.740568326000073],[-91.354675608999969,38.739428586000031],[-91.343285807999962,38.738288846000046],[-91.331896188999963,38.737149106000061],[-91.320506749999936,38.736009365000029],[-91.309117492999974,38.734869624000055],[-91.297728416999973,38.73372988300008],[-91.286339520999945,38.732590142000049],[-91.274950806999982,38.731450401000075],[-91.263562272999991,38.730310659000054],[-91.252173920999951,38.729170917000033],[-91.24078574899994,38.728031175000069],[-91.229397757999948,38.726891433000048],[-91.218009947999974,38.725751690000038],[-91.206622319999951,38.724611948000074],[-91.195234871999958,38.723472205000064],[-91.183847604999983,38.722332462000054],[-91.17246051799998,38.721192718000054],[-91.161073612999985,38.720052974000055],[-91.149686887999962,38.718913231000045],[-91.138300344999948,38.717773487000045],[-91.126913981999962,38.716633742000056],[-91.115527799999938,38.715493998000056],[-91.10414179899999,38.714354253000067],[-91.092755978999946,38.713214508000078],[-91.081370338999989,38.712074763000032],[-91.069984879999936,38.710935017000054],[-91.058599601999958,38.709795272000065],[-91.047214504999943,38.70865552600003],[-91.035829587999956,38.707515780000051],[-91.024444852999977,38.706376033000026],[-91.013060297999971,38.705236287000048],[-91.001675922999937,38.70409654000008],[-90.990291729999967,38.702956793000055],[-90.97890771699997,38.701817046000031],[-90.967523884999991,38.700677299000063],[-90.956140232999985,38.699537551000049],[-90.944756762999987,38.698397803000034],[-90.933373471999971,38.697258055000077],[-90.921990362999964,38.696118307000063],[-90.910607433999985,38.694978558000059],[-90.899224685999968,38.693838809000056],[-90.88784211799998,38.692699060000052],[-90.876459730999954,38.691559311000049],[-90.865077524999947,38.690419562000045],[-90.853695498999969,38.689279812000052],[-90.842313653999952,38.688140062000059],[-90.830931988999964,38.687000312000066],[-90.819550504999938,38.685860562000073],[-90.808169200999941,38.684720811000034],[-90.796788077999963,38.683581060000051],[-90.785407135999947,38.682441309000069],[-90.774026373999959,38.68130155800003],[-90.76264579299999,38.680161807000047],[-90.751265391999937,38.679022055000075],[-90.739885170999969,38.677882303000047],[-90.728505130999963,38.676742551000075],[-90.717125271999976,38.675602799000046],[-90.705745592999961,38.674463046000028],[-90.694366093999975,38.673323293000067],[-90.68298677599995,38.672183540000049],[-90.671607637999955,38.671043787000031],[-90.660228680999978,38.669904034000069],[-90.648849903999974,38.668764280000062],[-90.637471306999942,38.667624526000054],[-90.626092890999985,38.666484772000047],[-90.614714654999943,38.665345018000039],[-90.603336599999977,38.664205263000042],[-90.591958724999984,38.663065509000035],[-90.580581029999962,38.661925754000038],[-90.569203515999959,38.660785998000051],[-90.557826181999985,38.659646243000054],[-90.546449027999984,38.658506487000068],[-90.535072054999944,38.657366731000025],[-90.52369526199999,38.656226975000038],[-90.512318648999951,38.655087219000052],[-90.500942215999942,38.653947462000076],[-90.489565963999951,38.652807706000033],[-90.478189891999989,38.651667949000057],[-90.466813999999943,38.650528191000035],[-90.455438288999972,38.649388434000059],[-90.444062756999983,38.648248676000037],[-90.432687405999957,38.647108918000072],[-90.421312234999959,38.64596916000005],[-90.409937244999981,38.644829402000028],[-90.398562433999984,38.643689643000073],[-90.38718780399995,38.642549884000061],[-90.375813352999955,38.64141012500005],[-90.364439082999979,38.640270366000038],[-90.353064993999965,38.639130607000027],[-90.34169108399999,38.637990847000026],[-90.330317353999988,38.636851087000025],[-90.318943804999947,38.635711327000024],[-90.307570434999946,38.63457156700008],[-90.296197245999963,38.633431806000033],[-90.284824235999963,38.632292045000042],[-90.273451406999982,38.631152284000052],[-90.262078757999973,38.630012523000062],[-90.250706288999936,38.628872762000071],[-90.239333999999985,38.627733000000035]]},"properties":{"OID":26,"Product_Type_i":"Raw","From_ID":"Retailer1","From_Node":"Harvesters Community Food Network","From_City_Area":"Kansas City","From_State":"MO","From_Latitude":39.055128000000003,"From_Longitude":-94.516656999999995,"Product_Type_j":" Raw","To_ID":"Market1","To_Node":"St. Louis Metro Market","To_City_Area":"St. Louis Metro","To_State":"MO–IL","To_Latitude":38.627732999999999,"To_Longitude":-90.239333999999999,"Quantity":4322.4674999999997,"ORIG_FID":27,"Shape_Length":4.2986229289154041}},{"type":"Feature","id":27,"geometry":{"type":"LineString","coordinates":[[-94.516656999999952,39.055128000000025],[-94.507278467999981,39.051207912000052],[-94.497900454999979,39.047287821000054],[-94.488522959999955,39.043367728000078],[-94.479145982999967,39.039447632000076],[-94.469769524999947,39.03552753300005],[-94.460393583999974,39.031607432000044],[-94.451018160999979,39.02768732800007],[-94.441643256999953,39.023767221000071],[-94.432268868999984,39.019847112000036],[-94.422894999999983,39.015927000000033]]},"properties":{"OID":27,"Product_Type_i":"Raw","From_ID":"Retailer1","From_Node":"Harvesters Community Food Network","From_City_Area":"Kansas City","From_State":"MO","From_Latitude":39.055128000000003,"From_Longitude":-94.516656999999995,"Product_Type_j":" Raw","To_ID":"Market2","To_Node":"Kansas City Metro Market","To_City_Area":"Kansas City Metro","To_State":"MO–KS","To_Latitude":39.015926999999998,"To_Longitude":-94.422894999999997,"Quantity":3389.9279999999999,"ORIG_FID":28,"Shape_Length":0.10162692103349488}},{"type":"Feature","id":28,"geometry":{"type":"LineString","coordinates":[[-90.239333999999985,38.627733000000035],[-90.249126155999988,38.623063853000076],[-90.258917676999943,38.618394703000035],[-90.268708563999951,38.613725548000048],[-90.278498814999978,38.609056390000035],[-90.288288432999991,38.604387228000064],[-90.298077415999956,38.599718063000068],[-90.307865764999974,38.595048893000069],[-90.317653478999944,38.590379720000044],[-90.327440559999957,38.585710544000051],[-90.337227006999967,38.581041363000054],[-90.347012820999964,38.576372179000032],[-90.356798000999959,38.571702991000052],[-90.36658254799994,38.567033799000058],[-90.376366460999975,38.562364604000038],[-90.386149741999986,38.557695405000061],[-90.395932389999984,38.553026202000069],[-90.405714404999969,38.548356995000063],[-90.415495786999941,38.543687785000031],[-90.425276537999991,38.539018571000042],[-90.435056654999983,38.534349353000039],[-90.444836140999939,38.529680131000077],[-90.454614994999986,38.525010906000034],[-90.464393216999952,38.520341677000033],[-90.47417080699995,38.515672444000074],[-90.483947764999982,38.511003207000044],[-90.493724092999969,38.506333967000046],[-90.503499788999989,38.501664723000033],[-90.513274853999974,38.496995476000052],[-90.523049287999982,38.492326224000067],[-90.532823090999955,38.487656969000057],[-90.54259626299995,38.482987710000032],[-90.552368804999958,38.478318447000049],[-90.562140716999977,38.473649181000042],[-90.571911997999962,38.468979911000076],[-90.581682648999958,38.46431063700004],[-90.591452670999956,38.459641360000035],[-90.601222061999977,38.454972078000026],[-90.610990823999941,38.450302793000048],[-90.620758956999964,38.445633504000057],[-90.630526459999942,38.44096421200004],[-90.640293332999988,38.436294916000065],[-90.650059577999968,38.431625616000076],[-90.65982519399995,38.426956312000073],[-90.66959018099999,38.422287005000044],[-90.679354539999963,38.417617694000057],[-90.689118269999938,38.412948379000056],[-90.69888137099997,38.408279060000041],[-90.708643844999983,38.403609738000057],[-90.71840568999994,38.398940412000059],[-90.728166907999992,38.394271082000046],[-90.737927497999976,38.389601748000075],[-90.747687459999952,38.384932411000079],[-90.757446794999964,38.380263070000069],[-90.767205501999968,38.375593725000044],[-90.776963581999951,38.370924377000051],[-90.786721034999971,38.366255025000044],[-90.796477861999961,38.361585669000078],[-90.806234060999941,38.356916309000042],[-90.815989633999948,38.352246946000037],[-90.825744580999981,38.347577579000074],[-90.835498900999937,38.34290820800004],[-90.845252594999977,38.338238833000048],[-90.855005662999986,38.333569455000031],[-90.864758105999954,38.328900073000057],[-90.874509921999959,38.324230687000068],[-90.88426111299998,38.319561298000053],[-90.894011678999959,38.314891905000025],[-90.903761618999965,38.310222508000038],[-90.913510933999987,38.305553107000037],[-90.923259623999968,38.300883703000068],[-90.933007688999965,38.296214295000027],[-90.942755129999966,38.291544883000029],[-90.952501945999984,38.286875467000073],[-90.96224813699996,38.282206048000035],[-90.971993704999988,38.277536625000039],[-90.981738647999975,38.272867198000029],[-90.991482966999968,38.26819776800005],[-91.001226661999965,38.263528334000057],[-91.010969733999957,38.258858896000049],[-91.020712181999954,38.254189454000027],[-91.030454006999946,38.249520009000037],[-91.040195207999943,38.244850560000032],[-91.049935785999935,38.240181107000069],[-91.059675741999968,38.235511651000024],[-91.069415073999949,38.230842190000033],[-91.079153783999971,38.226172726000073],[-91.088891870999987,38.221503259000031],[-91.098629335999988,38.216833787000041],[-91.108366178999972,38.212164312000027],[-91.118102398999952,38.207494833000055],[-91.127837997999961,38.202825351000058],[-91.137572973999966,38.198155864000057],[-91.147307328999943,38.193486374000031],[-91.157041062999951,38.188816881000037],[-91.166774174999944,38.184147383000038],[-91.176506665999966,38.179477882000072],[-91.186238534999973,38.174808377000033],[-91.195969783999942,38.170138868000038],[-91.205700411999942,38.165469356000074],[-91.215430418999972,38.160799840000038],[-91.225159805999965,38.156130320000045],[-91.234888571999988,38.151460796000038],[-91.244616718999964,38.146791269000062],[-91.25434424499997,38.142121738000071],[-91.264071150999939,38.137452203000066],[-91.273797436999985,38.132782665000036],[-91.283523102999936,38.128113123000048],[-91.293248149999954,38.123443577000046],[-91.302972577999981,38.118774027000029],[-91.312696385999971,38.114104474000044],[-91.322419575999959,38.109434917000044],[-91.332142145999967,38.10476535600003],[-91.341864097999974,38.100095792000047],[-91.35158543099999,38.095426223000061],[-91.361306144999958,38.090756652000039],[-91.371026240999981,38.086087076000069],[-91.380745718999947,38.081417497000075],[-91.390464577999978,38.076747913000077],[-91.400182819999941,38.072078327000042],[-91.409900443999959,38.067408736000061],[-91.419617449999976,38.062739142000055],[-91.42933383899998,38.058069544000034],[-91.439049609999984,38.053399942000055],[-91.448764763999975,38.048730337000052],[-91.458479300999954,38.044060728000034],[-91.468193220999979,38.039391115000058],[-91.477906523999991,38.034721498000067],[-91.487619210999981,38.030051878000052],[-91.497331280999958,38.025382254000078],[-91.507042733999981,38.020712626000034],[-91.516753571999971,38.016042995000078],[-91.526463792999948,38.01137336000005],[-91.53617339799996,38.006703721000065],[-91.545882387999939,38.002034078000065],[-91.555590761999952,37.99736443200004],[-91.565298519999942,37.992694782000058],[-91.575005662999956,37.988025128000061],[-91.584712190999937,37.983355471000039],[-91.594418102999953,37.978685810000059],[-91.604123400999981,37.974016145000064],[-91.613828083999977,37.969346476000055],[-91.623532151999939,37.964676804000078],[-91.633235604999982,37.960007128000029],[-91.642938443999981,37.95533744800008],[-91.652640668999936,37.950667764000059],[-91.662342279999962,37.94599807700007],[-91.672043276999943,37.941328386000066],[-91.681743659999938,37.936658692000037],[-91.691443428999946,37.931988993000061],[-91.701142584999957,37.92731929100006],[-91.71084112799997,37.922649586000034],[-91.720539056999939,37.917979876000061],[-91.730236372999968,37.913310163000062],[-91.739933075999943,37.908640446000049],[-91.749629165999977,37.903970725000079],[-91.759324643999946,37.899301001000026],[-91.769019508999975,37.894631273000073],[-91.778713760999949,37.889961541000048],[-91.788407400999972,37.885291806000055],[-91.798100429999977,37.880622066000058],[-91.807792845999984,37.875952324000025],[-91.817484649999983,37.871282577000045],[-91.827175842999964,37.86661282700004],[-91.836866423999936,37.861943073000077],[-91.846556393999947,37.857273315000043],[-91.85624575199995,37.852603553000051],[-91.865934498999991,37.847933788000034],[-91.875622635999946,37.84326401900006],[-91.88531016099995,37.83859424700006],[-91.894997075999981,37.833924470000056],[-91.904683379999938,37.829254690000027],[-91.914369073999978,37.824584906000041],[-91.924054156999944,37.819915119000029],[-91.933738629999937,37.81524532800006],[-91.943422492999957,37.810575533000076],[-91.953105746999938,37.805905734000078],[-91.962788389999957,37.801235932000054],[-91.972470424999983,37.796566126000073],[-91.98215184899999,37.791896316000077],[-91.991832664999947,37.787226503000056],[-92.001512870999989,37.782556686000078],[-92.01119246799999,37.777886865000028],[-92.020871455999952,37.773217040000077],[-92.030549835999977,37.768547212000044],[-92.040227606999963,37.763877380000054],[-92.049904768999966,37.759207544000049],[-92.059581322999975,37.754537705000075],[-92.069257268999991,37.749867862000031],[-92.078932606999956,37.745198015000028],[-92.088607336999985,37.740528164000068],[-92.098281458999963,37.735858310000026],[-92.107954973999938,37.731188452000026],[-92.117627880999976,37.726518590000069],[-92.127300180999953,37.721848725000029],[-92.136971873999983,37.717178856000032],[-92.146642958999962,37.712508983000077],[-92.156313437999984,37.707839107000041],[-92.165983309999945,37.703169226000057],[-92.175652574999958,37.698499343000037],[-92.185321233999957,37.693829455000071],[-92.194989285999952,37.689159564000079],[-92.204656731999989,37.684489669000072],[-92.214323571999955,37.679819770000051],[-92.223989806999953,37.675149867000073],[-92.233655434999946,37.670479961000069],[-92.243320457999971,37.665810051000051],[-92.252984874999981,37.661140138000064],[-92.262648686999967,37.656470220000074],[-92.272311892999937,37.651800299000058],[-92.281974494999986,37.647130375000074],[-92.291636490999963,37.64246044600003],[-92.301297882999961,37.637790514000073],[-92.310958669999991,37.633120578000046],[-92.320618852999985,37.62845063900005],[-92.330278430999954,37.62378069600004],[-92.339937404999944,37.619110749000072],[-92.349595773999965,37.614440798000032],[-92.359253539999941,37.609770844000025],[-92.368910701999937,37.605100886000059],[-92.378567259999954,37.600430924000079],[-92.388223214999982,37.595760958000028],[-92.397878565999974,37.591090989000065],[-92.407533313999977,37.586421016000031],[-92.41718745899999,37.581751040000029],[-92.426840999999968,37.577081060000069],[-92.436493938999945,37.572411076000037],[-92.446146275999979,37.567741088000048],[-92.455798008999977,37.563071097000034],[-92.465449139999976,37.558401101000072],[-92.475099668999974,37.553731103000075],[-92.484749595999972,37.549061100000074],[-92.494398919999981,37.544391094000048],[-92.504047642999979,37.539721084000064],[-92.513695763999976,37.535051070000065],[-92.523343283999964,37.530381053000042],[-92.532990200999961,37.525711032000061],[-92.542636517999938,37.521041007000065],[-92.552282232999971,37.516370979000044],[-92.561927347999983,37.511700947000065],[-92.571571860999939,37.507030911000072],[-92.581215773999986,37.502360872000054],[-92.590859085999966,37.497690828000032],[-92.600501796999936,37.493020781000041],[-92.610143907999941,37.488350731000025],[-92.619785418999982,37.483680676000063],[-92.629426329999944,37.479010618000075],[-92.639066640999943,37.474340557000062],[-92.648706351999977,37.469670491000045],[-92.658345462999989,37.46500042200006],[-92.66798397499997,37.46033034900006],[-92.677621886999987,37.455660273000035],[-92.687259199999971,37.450990193000052],[-92.696895913999981,37.446320109000055],[-92.706532028999959,37.441650021000044],[-92.716167544999962,37.436979930000064],[-92.72580246299998,37.432309835000069],[-92.735436781999965,37.42763973600006],[-92.745070501999976,37.422969634000026],[-92.754703624999991,37.418299528000034],[-92.764336148999973,37.413629418000028],[-92.773968074999971,37.408959304000064],[-92.783599402999982,37.404289187000074],[-92.793230132999952,37.399619066000071],[-92.802860265999982,37.394948941000052],[-92.81248980099997,37.390278813000066],[-92.822118738999961,37.385608681000065],[-92.831747079999957,37.380938545000049],[-92.841374823999956,37.376268406000065],[-92.85100197099996,37.371598263000067],[-92.860628520999967,37.366928116000054],[-92.870254473999978,37.362257966000072],[-92.879879830999982,37.35758781100003],[-92.88950459199998,37.352917654000066],[-92.899128755999982,37.348247492000041],[-92.908752323999977,37.343577327000048],[-92.918375296999955,37.33890715800004],[-92.927997672999936,37.334236985000075],[-92.937619453999957,37.329566809000028],[-92.947240638999972,37.324896629000079],[-92.956861228999969,37.32022644500006],[-92.966481223999949,37.315556258000072],[-92.976100622999979,37.31088606600008],[-92.985719427999982,37.306215872000053],[-92.995337636999977,37.301545673000078],[-93.004955251999945,37.296875471000078],[-93.014572272999942,37.292205265000064],[-93.024188697999989,37.287535055000035],[-93.033804529999941,37.282864842000038],[-93.043419767999978,37.278194625000026],[-93.053034410999942,37.273524404000057],[-93.062648460999981,37.268854180000062],[-93.072261915999945,37.264183952000053],[-93.081874777999985,37.259513720000029],[-93.091487046999987,37.254843485000038],[-93.101098721999961,37.250173245000042],[-93.110709804999942,37.245503003000067],[-93.120320293999953,37.240832756000032],[-93.129930189999982,37.236162506000028],[-93.139539492999972,37.231492252000066],[-93.149148203999971,37.226821994000034],[-93.158756321999988,37.222151733000032],[-93.168363847999956,37.217481468000074],[-93.177970780999942,37.212811199000043],[-93.187577121999936,37.208140927000045],[-93.197182871999985,37.203470651000032],[-93.206788028999938,37.198800371000061],[-93.216392594999945,37.194130088000065],[-93.22599656999995,37.189459800000066],[-93.235599951999973,37.18478951000003],[-93.245202743999982,37.180119215000047],[-93.254804943999943,37.17544891700004],[-93.264406553999947,37.170778615000074],[-93.27400757199996,37.166108309000037],[-93.283607999999958,37.161438000000032]]},"properties":{"OID":28,"Product_Type_i":"Raw","From_ID":"Retailer3","From_Node":"St. Louis Metro Market","From_City_Area":"St. Louis Metro","From_State":"MO–IL","From_Latitude":38.627732999999999,"From_Longitude":-90.239333999999999,"Product_Type_j":" Raw","To_ID":"Market3","To_Node":"Springfield Consumer Market","To_City_Area":"Springfield","To_State":"MO","To_Latitude":37.161437999999997,"To_Longitude":-93.283608000000001,"Quantity":320.12549999999999,"ORIG_FID":29,"Shape_Length":3.3790063468263596}},{"type":"Feature","id":29,"geometry":{"type":"LineString","coordinates":[[-90.239333999999985,38.627733000000035],[-90.23373718299996,38.635585481000078],[-90.228139754999972,38.643437951000067],[-90.222541716999956,38.651290410000058],[-90.216943066999988,38.659142859000042],[-90.211343805999945,38.666995298000074],[-90.205743933999941,38.674847726000053],[-90.200143448999938,38.682700143000034],[-90.194542352999974,38.690552550000064],[-90.188940643999956,38.698404946000039],[-90.183338322999987,38.706257331000074],[-90.177735388999963,38.714109706000045],[-90.172131841999942,38.721962071000064],[-90.166527680999991,38.729814425000029],[-90.160922907999975,38.737666768000054],[-90.155317519999983,38.74551910100007],[-90.149711517999947,38.753371423000033],[-90.14410490299997,38.761223734000055],[-90.138497672999961,38.769076035000069],[-90.132889827999975,38.776928326000075],[-90.127281367999956,38.784780605000037],[-90.121672292999961,38.792632875000038],[-90.116062601999943,38.800485133000052],[-90.110452295999949,38.808337381000058],[-90.104841373999989,38.816189619000056],[-90.09922983599995,38.824041846000057],[-90.093617681999945,38.83189406200006],[-90.088004910999985,38.839746268000056],[-90.082391522999956,38.847598463000054],[-90.076777517999972,38.855450647000055],[-90.071162895999976,38.863302821000048],[-90.065547655999978,38.871154985000032],[-90.05993179799998,38.879007138000077],[-90.054315321999979,38.886859280000067],[-90.048698227999978,38.89471141100006],[-90.043080514999986,38.902563532000045],[-90.037462183999935,38.910415643000078],[-90.031843232999961,38.918267743000058],[-90.026223663999986,38.92611983200004],[-90.020603474999973,38.933971911000071],[-90.01498266599998,38.941823979000048],[-90.009361236999951,38.949676036000028],[-90.003739186999951,38.957528083000057],[-89.998116517999961,38.965380119000031],[-89.992493226999954,38.973232145000054],[-89.986869315999968,38.98108416000008],[-89.981244783999955,38.988936165000041],[-89.975619629999983,38.996788159000062],[-89.969993853999938,39.004640142000028],[-89.964367455999991,39.012492115000043],[-89.95874043699996,39.020344077000061],[-89.953112793999935,39.028196028000025],[-89.94748452999994,39.036047969000037],[-89.94185564199995,39.043899899000053],[-89.936226130999955,39.05175181900006],[-89.930595996999955,39.05960372800007],[-89.92496523899996,39.067455627000072],[-89.91933385699997,39.075307515000077],[-89.913701850999985,39.083159392000027],[-89.908069220999948,39.091011259000027],[-89.902435965999985,39.098863115000029],[-89.896802086999969,39.106714960000033],[-89.89116758199998,39.11456679500003],[-89.88553245199995,39.122418620000076],[-89.879896695999946,39.130270433000078],[-89.874260313999969,39.138122236000072],[-89.86862330699995,39.145974029000058],[-89.862985672999969,39.153825811000047],[-89.857347412999957,39.161677582000038],[-89.851708524999935,39.169529342000033],[-89.84606901099994,39.177381093000065],[-89.840428868999936,39.185232832000054],[-89.834788099999969,39.193084561000035],[-89.829146702999935,39.200936279000075],[-89.823504677999949,39.208787986000061],[-89.817862024999954,39.216639683000039],[-89.81221874299996,39.224491370000067],[-89.806574832999956,39.23234304600004],[-89.800930292999965,39.240194711000072],[-89.795285124999964,39.24804636500005],[-89.789639325999985,39.255898009000077],[-89.783992897999951,39.26374964200005],[-89.778345839999986,39.271601265000072],[-89.772698151999975,39.27945287700004],[-89.767049832999987,39.287304478000067],[-89.761400883999954,39.295156069000029],[-89.755751302999954,39.303007649000051],[-89.750101090999976,39.310859219000065],[-89.744450247999964,39.318710778000025],[-89.738798772999985,39.326562326000044],[-89.733146666999971,39.334413864000055],[-89.727493926999955,39.342265391000069],[-89.721840555999961,39.350116908000075],[-89.716186551999954,39.357968413000037],[-89.710531913999944,39.365819909000038],[-89.704876643999967,39.373671393000052],[-89.699220739999987,39.381522867000058],[-89.693564202999937,39.389374331000056],[-89.687907030999952,39.397225783000067],[-89.682249224999964,39.40507722500007],[-89.676590784999973,39.412928657000066],[-89.670931709999991,39.420780078000064],[-89.665272000999948,39.428631488000065],[-89.659611655999981,39.436482887000068],[-89.653950674999976,39.444334276000063],[-89.648289058999978,39.452185655000051],[-89.642626806999942,39.460037022000051],[-89.636963918999982,39.467888379000044],[-89.631300393999936,39.475739726000029],[-89.625636232999966,39.483591062000073],[-89.619971434999968,39.491442387000063],[-89.614305998999953,39.499293701000056],[-89.608639925999967,39.507145005000041],[-89.602973215999953,39.514996298000028],[-89.597305866999989,39.522847581000065],[-89.59163788099994,39.530698853000047],[-89.585969255999942,39.538550114000031],[-89.580299991999937,39.546401365000065],[-89.574630088999982,39.554252605000045],[-89.568959546999963,39.562103835000073],[-89.563288365999938,39.569955053000058],[-89.557616544999973,39.577806262000024],[-89.551944083999956,39.58565745900006],[-89.546270982999943,39.593508646000032],[-89.54059724199999,39.601359822000063],[-89.534922859999938,39.609210988000029],[-89.529247836999957,39.617062143000055],[-89.523572171999945,39.624913287000027],[-89.517895866999936,39.632764421000047],[-89.512218918999963,39.64061554400007],[-89.506541329999948,39.648466656000039],[-89.500863097999968,39.656317758000057],[-89.495184223999956,39.664168849000077],[-89.48950470799997,39.672019930000033],[-89.483824547999973,39.679870999000059],[-89.478143744999954,39.687722058000077],[-89.472462298999972,39.69557310700003],[-89.466780208999978,39.703424145000042],[-89.461097474999974,39.711275172000057],[-89.455414096999959,39.719126189000065],[-89.449730074999991,39.726977195000075],[-89.444045406999976,39.73482819000003],[-89.43836009499995,39.742679175000035],[-89.432674137999982,39.750530148000053],[-89.426987534999967,39.758381112000052],[-89.421300285999962,39.766232064000064],[-89.415612391999957,39.774083007000058],[-89.409923850999974,39.781933938000066],[-89.404234663999944,39.789784859000065],[-89.398544829999935,39.797635769000067],[-89.392854348999947,39.805486668000071],[-89.38716322099998,39.813337557000068],[-89.381471444999988,39.821188435000067],[-89.375779020999971,39.829039302000069],[-89.370085949999975,39.836890159000063],[-89.364392229999964,39.84474100500006],[-89.358697861999985,39.852591841000049],[-89.353002844999935,39.86044266600004],[-89.347307178999984,39.868293480000034],[-89.341610863999961,39.876144283000031],[-89.335913898999991,39.883995076000076],[-89.330216284999949,39.891845858000067],[-89.324518019999971,39.899696630000051],[-89.318819104999989,39.907547391000037],[-89.313119539999946,39.915398141000026],[-89.307419322999976,39.923248880000074],[-89.301718455999946,39.931099609000057],[-89.29601693799998,39.938950328000033],[-89.290314766999984,39.946801035000078],[-89.284611944999938,39.954651732000059],[-89.278908470999966,39.962502418000042],[-89.273204344999954,39.970353094000075],[-89.267499565999969,39.978203759000053],[-89.261794133999956,39.986054413000033],[-89.25608804899997,39.993905056000074],[-89.250381310999956,40.001755689000049],[-89.244673918999979,40.009606312000074],[-89.238965872999984,40.017456923000054],[-89.233257173999959,40.025307524000027],[-89.227547818999938,40.033158114000059],[-89.221837809999954,40.041008694000027],[-89.216127146999952,40.048859263000054],[-89.210415827999952,40.056709821000027],[-89.204703852999955,40.064560368000059],[-89.19899122299995,40.072410905000027],[-89.193277936999948,40.080261432000043],[-89.187563994999948,40.088111947000073],[-89.181849395999961,40.095962452000038],[-89.176134140999977,40.103812946000062],[-89.170418228999949,40.111663430000078],[-89.164701658999945,40.119513902000051],[-89.158984431999954,40.127364365000062],[-89.153266547999976,40.13521481600003],[-89.147548004999976,40.143065257000046],[-89.141828803999942,40.150915687000065],[-89.136108944999989,40.158766107000076],[-89.130388426999957,40.166616515000044],[-89.12466724899997,40.17446691300006],[-89.118945412999949,40.182317301000069],[-89.113222916999973,40.19016767800008],[-89.107499760999985,40.198018044000037],[-89.101775944999986,40.205868399000053],[-89.096051468999974,40.213718744000062],[-89.090326331999961,40.221569078000073],[-89.084600534999936,40.22941940100003],[-89.078874075999977,40.237269714000035],[-89.07314695599996,40.245120016000044],[-89.067419173999951,40.252970307000055],[-89.061690730999942,40.260820588000058],[-89.055961624999952,40.268670858000064],[-89.050231856999972,40.276521117000073],[-89.044501425999954,40.284371366000073],[-89.038770331999956,40.29222160300003],[-89.033038575999967,40.300071831000025],[-89.027306154999962,40.307922047000034],[-89.021573070999978,40.315772253000034],[-89.015839322999966,40.323622448000037],[-89.010104910999985,40.331472633000033],[-89.004369833999988,40.339322806000041],[-88.998634092999964,40.347172969000042],[-88.992897686999981,40.355023122000034],[-88.987160614999937,40.362873264000029],[-88.981422877999989,40.370723395000027],[-88.97568447499998,40.378573515000028],[-88.969945405999965,40.386423625000077],[-88.964205669999956,40.394273723000026],[-88.958465267999941,40.40212381200007],[-88.952724198999988,40.409973889000071],[-88.946982463999973,40.417823956000063],[-88.941240059999984,40.425674012000059],[-88.935496988999944,40.433524058000046],[-88.929753250999966,40.441374093000036],[-88.924008843999957,40.449224117000028],[-88.918263767999974,40.45707413000008],[-88.912518023999951,40.464924133000068],[-88.906771610999954,40.472774125000058],[-88.901024528999983,40.48062410600005],[-88.895276777999982,40.488474077000035],[-88.889528355999971,40.496324037000079],[-88.883779264999987,40.504173986000069],[-88.878029502999937,40.512023925000051],[-88.87227907099998,40.519873852000046],[-88.866527967999957,40.52772377000008],[-88.860776193999982,40.53557367600007],[-88.85502374899994,40.543423572000052],[-88.849270631999957,40.551273457000036],[-88.843516842999975,40.55912333100008],[-88.837762381999937,40.56697319500006],[-88.832007248999957,40.574823048000042],[-88.82625144299999,40.582672890000026],[-88.820494964999966,40.59052272200006],[-88.814737812999965,40.59837254200005],[-88.808979986999987,40.606222352000032],[-88.803221487999963,40.614072152000062],[-88.797462314999962,40.621921941000039],[-88.791702467999983,40.629771719000075],[-88.78594194599998,40.637621486000057],[-88.780180749999943,40.645471243000031],[-88.774418877999949,40.653320989000065],[-88.768656331999978,40.661170724000044],[-88.762893108999947,40.669020448000026],[-88.757129210999949,40.676870162000057],[-88.751364636999938,40.684719865000034],[-88.745599385999981,40.692569558000059],[-88.739833458999954,40.700419239000041],[-88.73406685499998,40.708268910000072],[-88.728299572999958,40.716118570000049],[-88.72253161499998,40.723968220000074],[-88.716762977999963,40.731817859000046],[-88.710993663999943,40.739667487000077],[-88.705223670999942,40.747517104000053],[-88.699452999999949,40.755366711000079],[-88.693681649999974,40.76321630700005],[-88.68790962199995,40.771065892000024],[-88.682136912999965,40.778915467000047],[-88.676363525999989,40.786765031000073],[-88.670589457999938,40.794614584000044],[-88.664814709999973,40.802464126000075],[-88.659039281999981,40.810313658000041],[-88.65326317399996,40.818163179000067],[-88.64748638399999,40.826012689000038],[-88.641708912999945,40.833862189000058],[-88.635930760999941,40.841711678000024],[-88.630151926999986,40.84956115600005],[-88.624372410999968,40.857410623000078],[-88.618592212999943,40.865260080000041],[-88.612811332999968,40.873109526000064],[-88.607029768999951,40.880958961000033],[-88.601247522999984,40.888808386000051],[-88.595464592999974,40.896657800000071],[-88.589680978999979,40.904507203000037],[-88.583896681999988,40.912356595000062],[-88.578111700999955,40.92020597700008],[-88.572326034999946,40.928055348000044],[-88.566539683999963,40.935904708000066],[-88.560752648999937,40.943754058000025],[-88.554964927999947,40.951603397000042],[-88.549176521999982,40.959452725000062],[-88.543387429999939,40.967302042000028],[-88.537597651999988,40.975151349000043],[-88.531807187999959,40.983000645000061],[-88.526016036999977,40.990849930000024],[-88.520224199999973,40.998699204000047],[-88.514431674999969,41.006548468000062],[-88.508638462999954,41.01439772100008],[-88.50284456299994,41.022246963000043],[-88.497049974999982,41.030096195000056],[-88.491254698999967,41.037945416000071],[-88.485458734999952,41.045794626000031],[-88.479662081999948,41.053643825000051],[-88.473864739999954,41.061493014000064],[-88.468066707999981,41.069342192000079],[-88.462267986999962,41.077191359000039],[-88.456468575999963,41.085040516000049],[-88.450668475999976,41.092889662000061],[-88.444867683999973,41.100738797000076],[-88.439066201999935,41.108587921000037],[-88.433264028999986,41.116437034000057],[-88.427461164999954,41.12428613700007],[-88.421657609999954,41.132135229000028],[-88.41585336199995,41.139984311000035],[-88.410048422999978,41.147833381000055],[-88.404242791999991,41.155682441000067],[-88.398436466999954,41.163531491000072],[-88.392629449999959,41.171380529000032],[-88.386821739999959,41.179229557000042],[-88.381013336999956,41.187078574000054],[-88.37520423999996,41.194927580000069],[-88.369394448999969,41.202776576000076],[-88.36358396299994,41.21062556000004],[-88.357772783999962,41.218474534000052],[-88.351960908999956,41.226323498000056],[-88.346148338999967,41.234172450000074],[-88.340335074999984,41.242021392000026],[-88.334521113999983,41.249870323000039],[-88.328706457999942,41.257719244000043],[-88.32289110499994,41.265568153000061],[-88.317075056999954,41.27341705200007],[-88.31125831099996,41.281265941000072],[-88.305440868999938,41.28911481800003],[-88.299622728999964,41.296963685000037],[-88.293803891999971,41.304812541000047],[-88.287984356999971,41.312661386000059],[-88.282164122999973,41.320510220000074],[-88.276343191999956,41.328359044000081],[-88.270521561999942,41.336207857000034],[-88.264699232999988,41.344056660000035],[-88.258876204999979,41.35190545100005],[-88.253052476999983,41.359754232000057],[-88.24722804999999,41.367603002000067],[-88.241402922999953,41.375451761000079],[-88.23557709499994,41.383300510000026],[-88.22975056699994,41.391149248000033],[-88.223923337999963,41.398997975000043],[-88.218095407999954,41.406846691000055],[-88.212266776999968,41.41469539700006],[-88.20643744399996,41.422544092000066],[-88.200607408999986,41.430392776000076],[-88.194776670999943,41.438241449000031],[-88.18894523199998,41.446090112000036],[-88.18311308899996,41.453938764000043],[-88.177280242999984,41.461787405000052],[-88.17144669399994,41.469636035000065],[-88.16561244199994,41.477484655000069],[-88.15977748499995,41.485333264000076],[-88.153941824999947,41.493181862000029],[-88.148105459999954,41.501030449000041],[-88.14226838999997,41.508879026000045],[-88.136430614999938,41.516727592000052],[-88.130592134999972,41.524576147000062],[-88.124752948999969,41.532424691000074],[-88.118913057999976,41.540273225000078],[-88.113072459999955,41.548121748000028],[-88.107231155999955,41.555970260000038],[-88.101389144999985,41.56381876100005],[-88.095546427999977,41.571667252000054],[-88.089703002999954,41.579515732000061],[-88.083858869999972,41.587364201000071],[-88.078014029999963,41.595212660000072],[-88.072168481999938,41.60306110700003],[-88.066322224999965,41.610909544000037],[-88.060475258999986,41.618757970000047],[-88.054627584999935,41.626606386000049],[-88.048779201999935,41.634454791000053],[-88.04293010799995,41.64230318400007],[-88.03708030599995,41.650151568000069],[-88.031229792999966,41.657999940000025],[-88.025378569999987,41.665848302000029],[-88.019526635999966,41.673696653000036],[-88.013673990999962,41.681544993000045],[-88.007820634999973,41.689393322000058],[-88.001966567999943,41.697241641000062],[-87.996111787999951,41.705089949000069],[-87.990256296999974,41.712938246000078],[-87.984400093999966,41.720786532000034],[-87.978543177999939,41.728634808000038],[-87.972685548999948,41.736483072000055],[-87.966827205999948,41.744331327000054],[-87.960968150999975,41.752179570000067],[-87.955108380999945,41.760027802000025],[-87.949247897999953,41.767876024000032],[-87.943386699999962,41.775724235000041],[-87.937524787999962,41.783572436000043],[-87.931662160999963,41.791420625000057],[-87.925798818999965,41.799268804000064],[-87.919934760999979,41.807116972000074],[-87.914069987999937,41.814965129000029],[-87.908204497999975,41.822813276000034],[-87.902338291999968,41.83066141200004],[-87.896471369999972,41.83850953700005],[-87.890603730999942,41.846357651000062],[-87.884735374999991,41.854205754000077],[-87.87886630099996,41.862053847000027],[-87.872996508999961,41.869901929000036],[-87.867125999999985,41.877750000000049]]},"properties":{"OID":29,"Product_Type_i":"Raw","From_ID":"Retailer3","From_Node":"St. Louis Metro Market","From_City_Area":"St. Louis Metro","From_State":"MO–IL","From_Latitude":38.627732999999999,"From_Longitude":-90.239333999999999,"Product_Type_j":" Raw","To_ID":"Market4","To_Node":"Chicago Metro Market","To_City_Area":"Chicago","To_State":"IL","To_Latitude":41.877749999999999,"To_Longitude":-87.867125999999999,"Quantity":7437.1184999999996,"ORIG_FID":30,"Shape_Length":4.0237667358191018}},{"type":"Feature","id":30,"geometry":{"type":"LineString","coordinates":[[-90.239333999999985,38.627733000000035],[-90.233996422999951,38.635682833000033],[-90.22865825699995,38.643632656000079],[-90.223319500999935,38.651582468000072],[-90.217980154999964,38.659532269000067],[-90.21264021799999,38.667482059000065],[-90.207299690999946,38.675431838000065],[-90.201958573999946,38.683381607000058],[-90.196616864999953,38.691331364000064],[-90.191274564999958,38.699281111000062],[-90.18593167399996,38.707230847000062],[-90.18058819099997,38.715180572000065],[-90.175244115999988,38.72313028700006],[-90.169899448999956,38.731079990000069],[-90.16455418999999,38.739029683000069],[-90.159208337999985,38.746979364000026],[-90.153861892999942,38.754929035000032],[-90.148514854999974,38.76287869500004],[-90.143167223999967,38.770828345000041],[-90.137818999999979,38.778777983000055],[-90.132470180999974,38.78672761100006],[-90.127120768999987,38.794677227000079],[-90.121770761999983,38.802626833000033],[-90.116420160999951,38.810576428000047],[-90.111068964999959,38.818526012000063],[-90.105717173999949,38.826475586000072],[-90.100364787999979,38.834425148000037],[-90.095011806999935,38.84237470000005],[-90.089658229999941,38.850324241000067],[-90.08430405699994,38.858273771000029],[-90.078949286999944,38.86622329000005],[-90.073593921999986,38.874172798000075],[-90.068237959999976,38.882122295000045],[-90.06288140099997,38.890071782000064],[-90.057524244999968,38.898021257000039],[-90.052166491999969,38.905970722000063],[-90.046808140999985,38.913920176000033],[-90.041449191999959,38.921869619000063],[-90.036089645999937,38.929819051000038],[-90.030729500999939,38.937768473000062],[-90.025368757999956,38.945717883000043],[-90.020007415999942,38.953667283000073],[-90.014645474999952,38.961616672000048],[-90.009282934999987,38.969566050000026],[-90.003919794999945,38.977515417000063],[-89.998556055999984,38.985464773000047],[-89.993191716999945,38.993414119000079],[-89.987826776999952,39.001363453000067],[-89.982461237999985,39.009312777000048],[-89.97709509699996,39.017262090000031],[-89.971728355999971,39.025211391000028],[-89.966361013999972,39.033160683000062],[-89.960993070999962,39.041109963000054],[-89.955624524999962,39.049059232000047],[-89.950255378999941,39.057008491000033],[-89.944885629999987,39.064957738000032],[-89.939515277999988,39.07290697500008],[-89.934144324999977,39.080856201000074],[-89.928772767999988,39.088805416000071],[-89.923400608999941,39.09675462000007],[-89.918027845999973,39.104703813000071],[-89.912654479999958,39.112652996000065],[-89.907280509999964,39.120602167000072],[-89.901905935999935,39.128551328000071],[-89.896530757999983,39.136500478000073],[-89.891154975999939,39.144449616000031],[-89.885778588999983,39.152398745000028],[-89.880401596999945,39.160347862000037],[-89.87502399899995,39.16829696800005],[-89.869645796999976,39.176246063000065],[-89.864266988999987,39.184195148000072],[-89.858887574999983,39.192144222000024],[-89.853507554999965,39.200093284000047],[-89.848126927999942,39.208042336000062],[-89.842745694999962,39.21599137700008],[-89.837363854999978,39.223940408000033],[-89.83198140799999,39.231889427000056],[-89.826598353999941,39.239838435000024],[-89.821214691999955,39.247787433000042],[-89.815830422999966,39.255736419000073],[-89.810445544999936,39.263685395000039],[-89.80506005999996,39.271634360000064],[-89.799673964999954,39.279583314000035],[-89.794287261999955,39.287532257000066],[-89.788899949999973,39.295481189000043],[-89.783512028999951,39.303430111000068],[-89.778123497999957,39.31137902100005],[-89.77273435799998,39.319327921000024],[-89.767344607999974,39.327276809000068],[-89.761954246999949,39.335225687000047],[-89.756563275999952,39.343174554000029],[-89.751171693999936,39.351123410000071],[-89.745779501999948,39.359072255000058],[-89.740386697999952,39.367021089000048],[-89.734993282999937,39.374969913000029],[-89.729599255999972,39.382918725000025],[-89.724204616999941,39.390867527000069],[-89.718809366999949,39.398816318000058],[-89.713413503999959,39.406765097000061],[-89.708017027999972,39.414713866000056],[-89.702619938999987,39.422662624000054],[-89.697222237999938,39.430611371000055],[-89.691823922999959,39.438560108000047],[-89.686424993999935,39.446508833000053],[-89.681025450999982,39.454457547000061],[-89.675625294999975,39.462406251000061],[-89.670224523999991,39.470354944000064],[-89.664823138999964,39.478303625000081],[-89.65942113899996,39.486252296000032],[-89.654018522999991,39.494200956000043],[-89.648615292999978,39.502149605000056],[-89.643211446999942,39.510098243000073],[-89.637806984999941,39.518046871000024],[-89.632401906999974,39.525995487000046],[-89.626996212999984,39.53394409200007],[-89.621589902999972,39.541892687000029],[-89.616182975999948,39.549841270000059],[-89.610775430999979,39.55778984300008],[-89.605367269999988,39.565738405000047],[-89.599958490999938,39.573686956000074],[-89.594549093999944,39.581635496000047],[-89.589139078999949,39.589584025000079],[-89.583728445999952,39.597532543000057],[-89.578317194999954,39.605481051000027],[-89.572905324999965,39.613429547000067],[-89.567492835999985,39.621378033000042],[-89.562079727999958,39.62932650700003],[-89.55666599999995,39.637274971000068],[-89.551251652999952,39.645223424000051],[-89.545836684999983,39.653171866000037],[-89.540421097999968,39.661120296000036],[-89.535004889999982,39.669068717000073],[-89.52958806099997,39.677017126000067],[-89.524170611999978,39.684965524000063],[-89.518752540999969,39.692913911000062],[-89.513333848999935,39.700862288000053],[-89.507914534999941,39.708810653000057],[-89.502494599999977,39.716759008000054],[-89.497074041999952,39.724707351000063],[-89.491652861999967,39.732655684000065],[-89.486231058999977,39.740604006000069],[-89.480808632999981,39.748552317000076],[-89.47538558399998,39.756500617000029],[-89.469961911999974,39.764448906000041],[-89.464537615999973,39.772397184000056],[-89.459112696999966,39.780345451000073],[-89.453687152999976,39.788293708000026],[-89.44826098499999,39.796241953000049],[-89.442834191999964,39.804190187000074],[-89.437406773999953,39.812138411000035],[-89.431978730999958,39.820086624000055],[-89.426550062999979,39.828034825000032],[-89.42112076899997,39.835983016000057],[-89.415690848999986,39.843931196000028],[-89.410260303999962,39.851879365000059],[-89.404829131999975,39.859827523000035],[-89.399397332999968,39.867775670000071],[-89.39396490699994,39.875723806000053],[-89.38853185399995,39.883671932000027],[-89.38309817399994,39.891620046000071],[-89.377663866999967,39.899568149000061],[-89.372228930999938,39.907516242000042],[-89.366793367999946,39.915464323000037],[-89.361357175999956,39.923412394000025],[-89.355920354999967,39.931360454000071],[-89.350482905999968,39.939308503000063],[-89.345044826999981,39.947256540000069],[-89.339606118999939,39.955204567000067],[-89.334166781999954,39.963152583000067],[-89.328726813999936,39.97110058800007],[-89.323286216999975,39.979048582000075],[-89.31784498899998,39.986996566000073],[-89.31240313099994,39.994944538000027],[-89.306960640999989,40.002892499000041],[-89.301517520999937,40.010840450000046],[-89.296073768999975,40.018788389000065],[-89.290629385999978,40.026736318000076],[-89.285184370999957,40.034684235000043],[-89.279738723999969,40.042632142000059],[-89.274292443999968,40.050580037000032],[-89.268845531999943,40.058527922000053],[-89.263397986999962,40.066475796000077],[-89.257949808999967,40.074423659000047],[-89.25250099699997,40.082371511000076],[-89.247051551999959,40.090319352000051],[-89.241601472999946,40.098267182000029],[-89.236150759999987,40.106215001000066],[-89.230699411999979,40.114162809000049],[-89.225247429999968,40.122110607000025],[-89.219794812999965,40.13005839300007],[-89.214341560999969,40.138006168000061],[-89.208887672999936,40.145953933000044],[-89.203433149999967,40.15390168600004],[-89.197977990999959,40.161849429000029],[-89.19252219599997,40.169797161000076],[-89.187065763999954,40.177744881000081],[-89.181608695999955,40.185692591000077],[-89.176150990999986,40.193640290000076],[-89.170692648999989,40.201587978000077],[-89.165233668999974,40.209535654000035],[-89.159774051999989,40.217483320000042],[-89.154313796999986,40.225430975000052],[-89.148852902999977,40.233378619000064],[-89.14339137099995,40.241326253000068],[-89.137929200999963,40.249273875000029],[-89.13246639099998,40.257221486000049],[-89.127002942999979,40.265169086000071],[-89.121538854999983,40.27311667500004],[-89.11607412699999,40.281064254000057],[-89.110608758999945,40.289011821000031],[-89.10514275099996,40.296959378000054],[-89.099676102999979,40.304906923000033],[-89.094208813999956,40.312854458000061],[-89.088740883999947,40.320801981000045],[-89.083272312999952,40.328749494000078],[-89.077803099999983,40.336696996000057],[-89.072333245999971,40.34464448600005],[-89.066862748999938,40.352591966000034],[-89.061391610999976,40.360539435000078],[-89.055919829999937,40.368486893000068],[-89.050447405999989,40.37643434000006],[-89.044974338999964,40.384381776000055],[-89.039500628999974,40.392329201000052],[-89.034026274999974,40.400276615000053],[-89.028551277999952,40.408224018000055],[-89.023075635999987,40.416171410000061],[-89.017599349999955,40.424118791000069],[-89.012122419999969,40.43206616100008],[-89.006644844999983,40.440013521000026],[-89.001166624999939,40.447960869000042],[-88.995687758999964,40.455908206000061],[-88.990208247999988,40.463855533000071],[-88.984728090999965,40.471802848000038],[-88.979247287999954,40.479750152000065],[-88.973765838999952,40.487697446000027],[-88.968283742999972,40.495644728000059],[-88.962800999999956,40.503592000000026]]},"properties":{"OID":30,"Product_Type_i":"Raw","From_ID":"Retailer3","From_Node":"St. Louis Metro Market","From_City_Area":"St. Louis Metro","From_State":"MO–IL","From_Latitude":38.627732999999999,"From_Longitude":-90.239333999999999,"Product_Type_j":" Raw","To_ID":"Market5","To_Node":"Bloomington Consumer Market","To_City_Area":"Bloomington–Normal","To_State":"IL","To_Latitude":40.503591999999998,"To_Longitude":-88.962800999999999,"Quantity":1314.5250000000001,"ORIG_FID":31,"Shape_Length":2.2690201673316079}},{"type":"Feature","id":31,"geometry":{"type":"LineString","coordinates":[[-87.49949799999996,41.637709000000029],[-87.510147235999966,41.633568923000041],[-87.520795789999966,41.629428844000074],[-87.531443662999948,41.625288761000036],[-87.54209085399998,41.621148676000075],[-87.552737364999984,41.617008587000043],[-87.563383194999972,41.612868496000033],[-87.574028343999942,41.608728401000064],[-87.584672812999941,41.60458830400006],[-87.595316600999979,41.600448203000042],[-87.60595970899999,41.596308100000044],[-87.616602136999973,41.592167993000032],[-87.627243884999984,41.588027884000041],[-87.637884952999968,41.583887771000036],[-87.648525340999981,41.579747656000052],[-87.659165049999956,41.575607537000053],[-87.66980407899996,41.571467416000075],[-87.680442429999971,41.567327291000026],[-87.691080100999955,41.563187164000055],[-87.701717092999957,41.559047034000059],[-87.712353405999977,41.554906900000049],[-87.722989039999959,41.550766764000059],[-87.733623995999949,41.546626624000055],[-87.744258273999947,41.542486482000072],[-87.754891872999963,41.538346337000064],[-87.765524793999987,41.534206188000041],[-87.776157036999962,41.53006603700004],[-87.786788601999945,41.52592588300007],[-87.797419489999982,41.521785725000029],[-87.80804969899998,41.517645565000066],[-87.818679231999965,41.513505402000078],[-87.829308086999959,41.509365235000075],[-87.839936264999949,41.505225066000037],[-87.850563765999937,41.50108489400003],[-87.861190590999968,41.496944718000066],[-87.87181673799995,41.492804540000066],[-87.882442208999976,41.48866435900004],[-87.893067002999942,41.484524175000047],[-87.903691121999941,41.480383987000039],[-87.914314563999937,41.476243797000052],[-87.924937329999977,41.47210360400004],[-87.935559419999947,41.46796340800006],[-87.946180833999961,41.463823209000054],[-87.95680157299995,41.459683006000034],[-87.967421635999983,41.455542801000036],[-87.978041023999936,41.451402593000068],[-87.988659736999978,41.447262382000076],[-87.999277774999939,41.443122168000059],[-88.00989513799999,41.438981951000073],[-88.020511825999961,41.434841730000073],[-88.031127839999954,41.430701507000038],[-88.04174317899998,41.426561281000033],[-88.052357843999971,41.422421052000061],[-88.062971834999985,41.418280820000064],[-88.073585150999975,41.414140585000041],[-88.084197793999977,41.41000034700005],[-88.094809762999944,41.405860106000034],[-88.10542105899998,41.40171986200005],[-88.116031679999935,41.397579615000041],[-88.126641628999948,41.393439365000063],[-88.137250903999984,41.38929911200006],[-88.147859506999964,41.385158856000032],[-88.158467435999967,41.381018597000036],[-88.16907469299997,41.376878335000072],[-88.179681276999986,41.372738070000025],[-88.190287187999957,41.368597802000068],[-88.200892427999975,41.364457531000028],[-88.211496993999958,41.360317257000077],[-88.222100888999989,41.356176980000043],[-88.232704111999965,41.352036700000042],[-88.243306662999942,41.347896417000072],[-88.253908542999966,41.343756131000077],[-88.264509750999935,41.339615842000057],[-88.275110287999951,41.335475550000069],[-88.285710152999968,41.331335256000045],[-88.296309346999976,41.327194958000064],[-88.306907870999964,41.323054657000057],[-88.317505722999954,41.318914353000025],[-88.32810290499998,41.314774046000025],[-88.338699416999987,41.310633736000057],[-88.349295257999984,41.306493424000053],[-88.359890427999972,41.302353108000034],[-88.370484928999986,41.298212789000047],[-88.38107875999998,41.294072467000035],[-88.391671919999965,41.289932143000044],[-88.402264411999965,41.285791815000039],[-88.412856232999957,41.281651484000065],[-88.423447384999974,41.277511150000066],[-88.434037867999962,41.273370814000032],[-88.444627681999975,41.26923047400004],[-88.455216826999958,41.265090131000079],[-88.465805302999968,41.260949786000026],[-88.476393109999947,41.256809437000072],[-88.486980248999942,41.252669085000036],[-88.497566718999963,41.248528731000079],[-88.508152520999943,41.244388373000049],[-88.518737654999939,41.240248013000041],[-88.529322119999961,41.236107649000076],[-88.539905917999988,41.231967283000074],[-88.550489048999964,41.227826913000058],[-88.561071510999966,41.223686540000074],[-88.571653305999973,41.219546165000054],[-88.582234433999986,41.215405786000076],[-88.592814894999947,41.211265405000063],[-88.60339468799998,41.207125020000035],[-88.613973814999952,41.202984633000028],[-88.624552274999985,41.198844242000064],[-88.635130067999967,41.194703849000064],[-88.645707194999943,41.190563453000038],[-88.656283654999982,41.186423053000055],[-88.666859449999947,41.182282651000037],[-88.677434577999975,41.17814224500006],[-88.68800903999994,41.174001837000048],[-88.698582836999947,41.169861426000068],[-88.709155966999958,41.165721011000073],[-88.719728432999943,41.161580594000043],[-88.73030023299998,41.157440174000044],[-88.740871366999954,41.153299750000031],[-88.751441836999959,41.149159324000038],[-88.762011641999948,41.145018895000078],[-88.772580781999977,41.140878462000046],[-88.783149256999991,41.136738027000035],[-88.793717066999989,41.132597589000056],[-88.804284213999949,41.128457148000052],[-88.814850695999951,41.124316703000034],[-88.825416513999983,41.120176256000036],[-88.835981666999942,41.11603580600007],[-88.846546156999977,41.111895353000079],[-88.857109983999976,41.107754897000063],[-88.867673145999959,41.103614438000079],[-88.878235645999951,41.09947397500008],[-88.888797481999973,41.095333510000046],[-88.899358654999958,41.091193042000043],[-88.909919164999963,41.087052571000072],[-88.920479010999941,41.082912097000076],[-88.931038195999975,41.078771620000055],[-88.941596716999982,41.074631140000065],[-88.952154575999941,41.07049065700005],[-88.962711772999967,41.066350171000067],[-88.973268307999945,41.062209682000059],[-88.983824180999989,41.058069190000026],[-88.994379390999939,41.053928695000025],[-89.004933939999944,41.049788197000055],[-89.015487826999959,41.04564769600006],[-89.026041052999972,41.04150719200004],[-89.036593617999984,41.037366685000052],[-89.047145520999948,41.033226175000038],[-89.057696762999967,41.029085663000046],[-89.068247343999985,41.024945147000039],[-89.078797263999945,41.020804628000064],[-89.08934652399995,41.016664106000064],[-89.099895122999953,41.012523581000039],[-89.110443061999945,41.008383053000045],[-89.120990339999935,41.004242523000073],[-89.131536958999959,41.000101989000029],[-89.142082916999982,40.995961452000074],[-89.152628214999936,40.991820912000037],[-89.163172853999981,40.987680370000078],[-89.173716832999958,40.983539824000047],[-89.184260152999968,40.979399275000048],[-89.194802813999956,40.975258724000071],[-89.205344814999989,40.971118169000079],[-89.215886156999943,40.966977611000061],[-89.226426840999977,40.962837051000065],[-89.236966865999989,40.958696487000054],[-89.247506231999978,40.954555921000065],[-89.258044938999944,40.950415351000061],[-89.268582987999935,40.946274779000078],[-89.279120378999949,40.94213420300008],[-89.289657111999986,40.937993624000057],[-89.300193186999991,40.933853043000056],[-89.310728604999952,40.92971245800004],[-89.321263363999947,40.925571871000045],[-89.331797465999955,40.921431281000025],[-89.342330910999976,40.917290687000047],[-89.352863698999954,40.913150091000034],[-89.363395828999955,40.909009491000063],[-89.37392730199997,40.904868889000056],[-89.384458118999987,40.900728284000024],[-89.394988278999961,40.896587675000035],[-89.405517781999947,40.892447064000066],[-89.416046628999936,40.888306450000073],[-89.426574819999985,40.884165832000065],[-89.43710235399999,40.880025212000078],[-89.447629232999986,40.875884589000066],[-89.45815545499994,40.871743963000029],[-89.468681021999942,40.867603333000034],[-89.479205932999946,40.86346270100006],[-89.489730188999943,40.859322066000061],[-89.500253788999942,40.855181428000037],[-89.510776734999979,40.851040787000045],[-89.521299024999962,40.846900143000028],[-89.531820659999937,40.842759495000053],[-89.54234164099995,40.838618845000042],[-89.552861965999966,40.834478192000063],[-89.563381637999953,40.830337536000059],[-89.573900654999989,40.826196877000029],[-89.584419016999959,40.822056215000032],[-89.594936725999958,40.817915550000066],[-89.605453780999937,40.813774882000075],[-89.615970180999966,40.809634211000059],[-89.626485928999955,40.805493537000075],[-89.637001021999936,40.801352860000065],[-89.647515461999944,40.797212180000031],[-89.658029248999981,40.793071498000074],[-89.668542382999988,40.788930812000046],[-89.679054862999976,40.78479012300005],[-89.689566690999982,40.780649431000029],[-89.700077865999958,40.776508736000039],[-89.710588388999952,40.772368038000025],[-89.721098258999973,40.768227338000031],[-89.731607475999965,40.76408663400008],[-89.742116041999964,40.759945927000047],[-89.75262395499999,40.755805217000045],[-89.763131215999977,40.751664505000065],[-89.77363782599997,40.74752378900007],[-89.78414378399998,40.74338307000005],[-89.79464908999995,40.739242349000051],[-89.805153744999984,40.735101624000038],[-89.815657748999968,40.730960896000056],[-89.826161101999958,40.726820166000039],[-89.836663803999954,40.722679432000064],[-89.847165853999968,40.718538696000053],[-89.857667254999967,40.714397956000028],[-89.868168003999983,40.71025721400008],[-89.878668102999939,40.706116468000062],[-89.889167551999947,40.701975720000064],[-89.899666350999951,40.697834968000052],[-89.910164498999961,40.693694214000061],[-89.920661997999957,40.689553457000045],[-89.931158846999949,40.685412696000071],[-89.941655045999937,40.681271933000062],[-89.952150595999967,40.677131167000027],[-89.962645496999983,40.672990397000035],[-89.973139747999937,40.668849625000064],[-89.983633349999991,40.664708850000068],[-89.994126302999973,40.660568071000057],[-90.004618606999941,40.656427290000067],[-90.01511026299994,40.652286506000053],[-90.025601269999981,40.64814571900007],[-90.036091628999941,40.644004929000062],[-90.046581338999943,40.639864135000039],[-90.057070401999965,40.635723339000037],[-90.067558815999973,40.631582540000068],[-90.078046581999956,40.627441738000073],[-90.08853370099996,40.623300933000053],[-90.099020171999939,40.619160125000064],[-90.10950599499995,40.615019314000051],[-90.11999117199997,40.610878500000069],[-90.130475700999966,40.606737683000063],[-90.140959582999983,40.602596863000031],[-90.151442817999964,40.59845604000003],[-90.161925405999966,40.594315214000062],[-90.172407346999989,40.590174385000068],[-90.182888641999966,40.586033554000039],[-90.193369290999954,40.581892719000052],[-90.203849292999962,40.57775188100004],[-90.214328648999981,40.57361104000006],[-90.224807359999943,40.569470196000054],[-90.235285423999983,40.56532935000007],[-90.245762842999966,40.561188500000071],[-90.256239615999959,40.557047647000047],[-90.266715742999963,40.552906791000055],[-90.277191224999967,40.548765933000027],[-90.287666061999971,40.544625071000041],[-90.298140253999975,40.540484207000077],[-90.308613800999979,40.536343339000041],[-90.319086703999972,40.532202468000037],[-90.329558960999975,40.528061595000054],[-90.340030573999968,40.523920718000056],[-90.35050154299995,40.51977983900008],[-90.360971866999989,40.515638956000032],[-90.37144154799995,40.511498071000062],[-90.381910583999968,40.507357182000078],[-90.392378976999964,40.503216291000058],[-90.402846724999961,40.49907539700007],[-90.413313830999982,40.494934499000067],[-90.423780291999947,40.490793599000028],[-90.434246110999936,40.486652696000078],[-90.444711285999972,40.482511789000057],[-90.455175817999987,40.478370880000057],[-90.46563970699998,40.474229968000031],[-90.476102953999941,40.470089053000038],[-90.486565556999949,40.46594813400003],[-90.497027518999971,40.461807213000043],[-90.507488837999972,40.457666289000031],[-90.517949513999952,40.45352536200005],[-90.528409548999946,40.449384432000045],[-90.538868940999976,40.445243499000071],[-90.549327691999963,40.441102563000072],[-90.559785800999975,40.436961624000048],[-90.570243267999956,40.432820682000056],[-90.580700093999951,40.428679737000039],[-90.591156278999961,40.424538789000053],[-90.601611821999938,40.420397838000042],[-90.612066724999977,40.416256884000063],[-90.622520985999984,40.412115927000059],[-90.632974606999937,40.40797496700003],[-90.643427586999962,40.403834004000032],[-90.653879925999945,40.399693038000066],[-90.664331624999988,40.395552070000065],[-90.674782683999979,40.391411098000049],[-90.685233102999973,40.387270123000064],[-90.695682881999971,40.383129146000044],[-90.706132019999984,40.378988165000067],[-90.71658051999998,40.374847181000064],[-90.727028378999989,40.370706195000025],[-90.737475598999936,40.366565205000029],[-90.747922179999989,40.362424212000064],[-90.75836812099999,40.358283217000064],[-90.768813423999973,40.35414221800005],[-90.779258087999949,40.350001217000056],[-90.789702111999986,40.345860212000048],[-90.800145497999949,40.341719205000061],[-90.810588245999952,40.337578194000059],[-90.821030354999948,40.333437181000079],[-90.831471825999984,40.329296165000073],[-90.841912658999945,40.325155145000053],[-90.852352853999946,40.321014123000054],[-90.86279240999994,40.31687309800003],[-90.873231329999953,40.312732069000049],[-90.883669610999959,40.308591038000031],[-90.894107254999938,40.304450004000046],[-90.904544261999945,40.300308967000035],[-90.914980631999981,40.296167927000056],[-90.925416363999943,40.292026884000052],[-90.935851458999991,40.287885837000033],[-90.946285917999944,40.283744788000035],[-90.956719739999983,40.27960373600007],[-90.967152925999983,40.275462681000079],[-90.977585474999955,40.271321623000063],[-90.988017386999957,40.267180562000078],[-90.998448663999966,40.263039498000069],[-91.008879304999937,40.258898431000034],[-91.019309308999937,40.254757362000078],[-91.029738677999944,40.25061628900005],[-91.04016741099997,40.246475213000053],[-91.050595508999947,40.242334134000032],[-91.061022971999989,40.238193052000042],[-91.071449798999936,40.234051967000028],[-91.081875990999947,40.229910880000034],[-91.092301547999966,40.225769789000026],[-91.102726470999983,40.221628695000049],[-91.113150757999961,40.217487599000037],[-91.123574410999936,40.213346499000068],[-91.133997429999965,40.209205397000062],[-91.144419813999946,40.205064291000042],[-91.15484156399998,40.200923182000054],[-91.165262679999955,40.19678207100003],[-91.175683161999984,40.192640957000037],[-91.186103010999943,40.188499839000031],[-91.196522224999967,40.184358719000045],[-91.206940805999977,40.180217595000045],[-91.217358753999974,40.176076469000066],[-91.227776068999958,40.171935340000061],[-91.238192749999939,40.167794207000043],[-91.248608798999953,40.163653072000045],[-91.259024213999965,40.159511934000079],[-91.269438996999952,40.155370793000031],[-91.279853146999983,40.151229648000026],[-91.29026666499999,40.147088501000042],[-91.300679549999984,40.142947351000032],[-91.311091802999954,40.138806198000054],[-91.321503423999957,40.134665042000051],[-91.331914413999982,40.13052388300008],[-91.342324770999937,40.126382721000027],[-91.352734495999982,40.122241556000063],[-91.363143590999982,40.118100388000073],[-91.373552052999969,40.113959217000058],[-91.383959883999978,40.109818043000075],[-91.394367084999942,40.105676866000067],[-91.404773653999939,40.101535686000034],[-91.415179591999959,40.097394504000079],[-91.42558489999999,40.093253318000052],[-91.43598957599994,40.089112129000057],[-91.446393622999949,40.084970937000037],[-91.45679703899998,40.080829743000038],[-91.467199823999977,40.076688545000025],[-91.477601979999974,40.072547345000032],[-91.488003504999938,40.068406141000025],[-91.498404400999959,40.06426493400005],[-91.508804666999936,40.060123725000039],[-91.519204302999981,40.055982512000071],[-91.52960330999997,40.051841297000067],[-91.540001687999961,40.047700078000048],[-91.550399435999964,40.04355885700005],[-91.560796555999957,40.039417633000028],[-91.571193045999962,40.035276405000047],[-91.581588907999958,40.031135175000031],[-91.591984139999965,40.026993942000047],[-91.602378744999953,40.022852706000037],[-91.612772719999953,40.01871146600007],[-91.623166067999989,40.014570224000067],[-91.63355878699997,40.010428979000039],[-91.643950878999988,40.006287731000043],[-91.65434234199995,40.002146480000079],[-91.664733177999949,39.998005226000032],[-91.675123385999939,39.993863969000074],[-91.685512965999976,39.989722709000034],[-91.695901919999983,39.985581446000026],[-91.706290244999991,39.98144018000005],[-91.716677943999969,39.977298911000048],[-91.727065015999983,39.973157639000078],[-91.737451460999978,39.969016364000026],[-91.747837278999953,39.964875086000063],[-91.758222469999964,39.960733806000064],[-91.768607035999935,39.956592522000051],[-91.778990973999953,39.952451235000069],[-91.789374286999987,39.948309945000062],[-91.799756972999944,39.944168653000077],[-91.810139033999974,39.940027357000076],[-91.820520467999984,39.93588605900004],[-91.830901276999953,39.931744757000047],[-91.841281459999948,39.927603453000074],[-91.851661017999959,39.92346214500003],[-91.862039950999986,39.919320835000065],[-91.872418257999982,39.915179521000027],[-91.882795940999983,39.911038205000068],[-91.893172997999955,39.906896886000027],[-91.903549430999988,39.902755563000028],[-91.91392523799999,39.89861423800005],[-91.924300421999988,39.894472910000047],[-91.934674980999944,39.890331579000076],[-91.945048915999962,39.886190244000034],[-91.955422225999939,39.882048907000069],[-91.965794912999968,39.877907567000079],[-91.976166974999956,39.873766224000065],[-91.986538413999938,39.869624878000025],[-91.996909228999982,39.865483529000073],[-92.007279420999964,39.86134217700004],[-92.017648989999941,39.857200822000038],[-92.02801793499998,39.853059464000069],[-92.038386256999956,39.848918103000074],[-92.048753955999985,39.844776740000043],[-92.05912103199995,39.840635373000055],[-92.069487484999968,39.836494003000041],[-92.079853315999969,39.832352630000059],[-92.090218523999965,39.828211255000042],[-92.100583109999945,39.824069876000067],[-92.110947073999967,39.819928494000067],[-92.121310415999972,39.815787110000031],[-92.131673135999961,39.811645722000037],[-92.142035233999991,39.807504332000065],[-92.152396709999948,39.803362938000078],[-92.162757563999946,39.799221542000055],[-92.173117797999964,39.795080142000074],[-92.183477408999977,39.790938740000058],[-92.193836399999952,39.786797335000074],[-92.204194769999958,39.782655926000075],[-92.214552517999948,39.77851451500004],[-92.224909645999958,39.774373101000037],[-92.235266152999941,39.770231684000066],[-92.245622039999944,39.766090263000081],[-92.255977305999977,39.761948840000059],[-92.266331951999973,39.757807414000069],[-92.276685977999989,39.753665985000055],[-92.287039383999968,39.749524553000072],[-92.297392169999966,39.745383118000063],[-92.307744335999985,39.74124168000003],[-92.318095881999966,39.737100239000029],[-92.328446808999956,39.732958795000059],[-92.338797115999967,39.728817349000053],[-92.349146804999975,39.724675899000033],[-92.359495873999947,39.720534446000045],[-92.369844323999985,39.716392990000031],[-92.380192154999975,39.712251532000039],[-92.390539366999974,39.708110070000032],[-92.400885960999972,39.703968605000057],[-92.411231935999979,39.699827138000046],[-92.421577292999984,39.695685667000078],[-92.431922031999989,39.691544194000073],[-92.442266152999991,39.687402717000055],[-92.452609654999947,39.683261238000057],[-92.462952539999947,39.679119755000045],[-92.473294806999945,39.674978270000054],[-92.483636455999942,39.670836782000038],[-92.493977487999985,39.666695290000064],[-92.504317902999958,39.662553796000054],[-92.514657699999987,39.658412299000076],[-92.524996879999946,39.654270799000074],[-92.535335443999941,39.650129296000046],[-92.54567338999999,39.645987790000049],[-92.556010719999961,39.641846281000028],[-92.566347432999976,39.637704769000038],[-92.576683529999968,39.63356325400008],[-92.587019009999949,39.62942173600004],[-92.597353873999964,39.625280215000032],[-92.607688121999956,39.621138691000056],[-92.618021753999983,39.616997164000054],[-92.628354769999987,39.612855634000027],[-92.638687170999958,39.608714102000079],[-92.649018955999964,39.604572566000058],[-92.659350125999936,39.60043102700007],[-92.669680679999942,39.596289486000046],[-92.680010618999972,39.592147941000064],[-92.690339942999969,39.588006393000057],[-92.70066865199999,39.583864843000072],[-92.710996745999978,39.579723290000061],[-92.721324225999979,39.575581733000035],[-92.731651090999947,39.571440174000031],[-92.741977341999984,39.567298611000069],[-92.752302977999989,39.563157046000072],[-92.76262799999995,39.559015478000049],[-92.772952407999981,39.554873907000058],[-92.783276202999957,39.550732332000052],[-92.793599382999957,39.546590755000068],[-92.80392194999996,39.542449175000058],[-92.814243902999976,39.538307592000081],[-92.824565242999938,39.534166006000078],[-92.83488596899997,39.53002441700005],[-92.845206082999937,39.525882825000053],[-92.855525582999974,39.521741230000032],[-92.865844469999956,39.517599632000042],[-92.876162744999988,39.513458031000027],[-92.886480406999965,39.509316428000034],[-92.896797455999945,39.505174821000026],[-92.907113893999963,39.501033211000049],[-92.917429717999937,39.496891599000037],[-92.92774493099995,39.492749983000067],[-92.938059531999954,39.488608364000072],[-92.948373519999961,39.484466743000041],[-92.95868689699995,39.480325118000053],[-92.968999662999977,39.476183491000029],[-92.979311815999949,39.472041860000047],[-92.98962335899995,39.46790022700003],[-92.999934289999942,39.463758591000044],[-93.010244609999972,39.459616951000044],[-93.020554318999984,39.455475309000064],[-93.030863416999978,39.45133366400006],[-93.041171904999942,39.447192016000031],[-93.051479780999955,39.443050365000033],[-93.061787047999985,39.438908711000067],[-93.07209370299995,39.434767054000076],[-93.08239974899999,39.43062539400006],[-93.092705183999954,39.426483731000076],[-93.103010009999991,39.422342065000066],[-93.113314224999954,39.418200396000032],[-93.12361783099999,39.414058724000029],[-93.133920827999987,39.409917049000057],[-93.144223213999965,39.405775372000051],[-93.154524991999949,39.401633691000029],[-93.164826159999961,39.397492007000039],[-93.175126718999991,39.393350321000071],[-93.18542666899998,39.389208631000031],[-93.195726009999987,39.385066939000069],[-93.206024741999954,39.380925243000036],[-93.216322865999985,39.37678354500008],[-93.226620380999975,39.372641843000054],[-93.236917287999972,39.368500139000048],[-93.247213586999976,39.364358432000074],[-93.25750927699994,39.360216721000029],[-93.267804359999957,39.356075008000062],[-93.278098833999991,39.351933292000069],[-93.288392700999964,39.347791573000052],[-93.298685959999943,39.343649851000066],[-93.308978611999976,39.339508126000055],[-93.319270656999947,39.335366398000076],[-93.329562093999982,39.331224667000072],[-93.339852923999956,39.327082933000042],[-93.350143146999983,39.322941196000045],[-93.360432762999949,39.318799456000079],[-93.370721772999957,39.314657713000031],[-93.381010175999961,39.310515968000061],[-93.391297971999961,39.306374219000077],[-93.401585161999947,39.302232467000067],[-93.411871745999974,39.298090713000079],[-93.422157722999941,39.293948955000076],[-93.43244309499994,39.289807195000037],[-93.44272786099998,39.285665431000041],[-93.45301202099995,39.281523665000066],[-93.463295574999961,39.277381895000076],[-93.473578523999947,39.273240123000051],[-93.483860867999965,39.269098348000057],[-93.494142605999969,39.264956569000049],[-93.504423738999947,39.260814788000062],[-93.514704267999946,39.256673004000049],[-93.524984190999987,39.252531217000069],[-93.535263509999936,39.248389427000063],[-93.545542223999973,39.244247634000033],[-93.555820332999986,39.240105838000034],[-93.566097837999962,39.235964039000066],[-93.576374738999959,39.231822237000074],[-93.586651035999978,39.227680432000056],[-93.596926728999961,39.22353862500006],[-93.607201817999965,39.219396814000049],[-93.617476302999989,39.21525500000007],[-93.627750183999979,39.211113184000055],[-93.638023462999968,39.206971364000026],[-93.648296136999988,39.202829541000028],[-93.658568208999952,39.198687716000052],[-93.668839676999937,39.19454588800005],[-93.679110541999989,39.190404056000034],[-93.689380804999985,39.186262222000039],[-93.699650463999944,39.182120384000029],[-93.709919520999961,39.177978544000041],[-93.720187975999977,39.173836701000027],[-93.730455827999947,39.169694855000046],[-93.740723077999974,39.165553006000039],[-93.750989725999943,39.161411154000064],[-93.76125577199997,39.157269299000063],[-93.77152121599994,39.153127441000038],[-93.781786057999966,39.148985580000044],[-93.792050297999936,39.144843716000025],[-93.802313936999951,39.140701849000038],[-93.812576974999956,39.136559979000026],[-93.822839410999961,39.132418107000035],[-93.833101245999956,39.128276231000029],[-93.843362480999986,39.124134352000056],[-93.853623113999959,39.119992471000046],[-93.863883145999978,39.115850586000079],[-93.874142577999976,39.111708699000076],[-93.884401409999953,39.107566808000058],[-93.894659640999976,39.103424915000062],[-93.904917270999988,39.099283018000051],[-93.915174301999969,39.095141119000061],[-93.925430731999938,39.090999217000046],[-93.93568656299999,39.086857312000063],[-93.945941793999964,39.082715404000055],[-93.956196424999973,39.078573492000032],[-93.966450456999951,39.074431578000031],[-93.976703888999964,39.070289661000061],[-93.986956721999945,39.066147741000066],[-93.997208955999952,39.062005819000035],[-94.007460590999983,39.057863893000047],[-94.017711625999937,39.053721964000033],[-94.027962063999951,39.049580032000051],[-94.038211901999944,39.045438097000044],[-94.048461141999951,39.041296160000059],[-94.058709782999983,39.037154219000058],[-94.068957825999973,39.033012276000079],[-94.079205270999978,39.028870329000029],[-94.08945211799994,39.024728380000056],[-94.099698366999974,39.020586427000069],[-94.109944017999965,39.016444472000046],[-94.12018907199996,39.012302514000055],[-94.130433527999969,39.008160552000049],[-94.140677385999936,39.004018588000065],[-94.150920646999964,38.999876621000055],[-94.161163310999939,38.995734651000078],[-94.171405377999974,38.991592678000075],[-94.181646847999957,38.987450702000046],[-94.191887720999944,38.98330872300005],[-94.20212799799998,38.979166741000029],[-94.212367677999964,38.975024756000039],[-94.222606760999952,38.97088276900007],[-94.23284524799999,38.96674077800003],[-94.243083138999964,38.962598784000079],[-94.253320433999988,38.958456788000035],[-94.263557132999949,38.954314788000033],[-94.27379323599996,38.950172785000063],[-94.284028742999965,38.946030780000058],[-94.294263654999952,38.941888772000027],[-94.304497970999989,38.937746760000039],[-94.314731691999953,38.933604746000071],[-94.324964816999966,38.929462729000079],[-94.335197347999951,38.925320708000072],[-94.345429283999977,38.921178685000029],[-94.355660623999938,38.917036659000075],[-94.365891369999986,38.912894630000039],[-94.376121521999949,38.908752598000035],[-94.386351077999961,38.904610563000062],[-94.396580040999936,38.900468525000065],[-94.40680840899995,38.896326484000042],[-94.417036182999936,38.89218444100004],[-94.427263362999952,38.888042394000024],[-94.437489949999986,38.88390034400004],[-94.447715941999945,38.879758292000076],[-94.45794134099998,38.875616236000042],[-94.468166145999987,38.871474178000028],[-94.478390357999956,38.867332116000057],[-94.488613976999943,38.86319005200005],[-94.498837001999959,38.859047984000028],[-94.509059434999983,38.854905914000028],[-94.519281273999979,38.85076384100006],[-94.529502520999984,38.846621765000066],[-94.539723174999949,38.842479686000047],[-94.549943236999979,38.83833760300007],[-94.560162705999971,38.834195518000058],[-94.570381582999971,38.830053430000078],[-94.580599866999989,38.825911340000062],[-94.590817559999948,38.821769246000031],[-94.601034660999971,38.817627149000032],[-94.611251169999946,38.813485049000064],[-94.621467086999985,38.809342946000072],[-94.631682412999965,38.805200841000044],[-94.641897146999952,38.801058732000058],[-94.652111289999937,38.796916621000037],[-94.662324841999975,38.792774506000057],[-94.672537801999965,38.788632389000043],[-94.682750171999942,38.78449026800007],[-94.692961950999972,38.780348145000062],[-94.703173138999944,38.776206019000028],[-94.713383735999969,38.772063890000027],[-94.723593742999981,38.767921758000057],[-94.733803159999979,38.763779622000072],[-94.744011986999965,38.759637484000052],[-94.754220222999948,38.755495343000064],[-94.764427868999974,38.75135320000004],[-94.774634925999976,38.747211053000058],[-94.784841392999965,38.743068903000051],[-94.795047269999941,38.738926750000076],[-94.80525255799995,38.734784594000075],[-94.815457255999945,38.730642436000039],[-94.825661364999974,38.726500274000045],[-94.835864884999978,38.722358110000073],[-94.846067815999959,38.718215942000029],[-94.856270157999973,38.714073772000063],[-94.866471910999962,38.709931599000072],[-94.876673074999985,38.705789422000066],[-94.886873650999974,38.701647243000025],[-94.897073638999984,38.697505061000072],[-94.907273037999971,38.693362876000037],[-94.91747184999997,38.689220688000034],[-94.927670072999945,38.685078497000063],[-94.937867707999942,38.680936303000067],[-94.948064754999962,38.676794106000045],[-94.958261214999936,38.672651906000056],[-94.96845708699999,38.668509703000041],[-94.978652371999942,38.664367498000047],[-94.988847068999974,38.660225289000039],[-94.99904117899996,38.656083077000062],[-95.009234702999947,38.65194086300005],[-95.019427638999957,38.64779864500008],[-95.029619987999979,38.643656425000074],[-95.039811750999945,38.639514202000043],[-95.05000292699998,38.635371975000055],[-95.06019351599997,38.631229746000031],[-95.070383518999961,38.627087514000038],[-95.080572935999953,38.622945279000078],[-95.090761766999947,38.618803041000035],[-95.100950011999942,38.614660800000024],[-95.111137670999938,38.610518556000045],[-95.121324743999992,38.606376309000041],[-95.13151123099999,38.602234059000068],[-95.14169713299998,38.59809180600007],[-95.15188244999996,38.593949551000037],[-95.162067180999941,38.589807292000046],[-95.172251327999959,38.58566503000003],[-95.182434888999978,38.581522766000035],[-95.192617864999988,38.577380498000025],[-95.202800256999979,38.573238228000037],[-95.21298206299997,38.56909595500008],[-95.223163285999988,38.564953678000052],[-95.233343923999939,38.560811399000045],[-95.243523976999938,38.556669117000069],[-95.253703445999975,38.552526832000069],[-95.26388233199998,38.548384544000044],[-95.274060632999976,38.54424225300005],[-95.284238349999953,38.540099959000031],[-95.294415483999956,38.535957662000044],[-95.304592033999938,38.531815362000032],[-95.314768000999948,38.527673060000041],[-95.324943383999937,38.523530754000035],[-95.335118183999953,38.519388445000061],[-95.345292400999938,38.515246134000051],[-95.355466034999949,38.511103819000027],[-95.365639085999987,38.506961502000024],[-95.375811554999984,38.502819182000053],[-95.385983440999951,38.498676858000067],[-95.396154743999944,38.494534532000046],[-95.406325464999952,38.490392203000056],[-95.416495602999987,38.486249871000041],[-95.42666515999997,38.482107536000058],[-95.43683413399998,38.477965198000049],[-95.447002525999949,38.473822857000073],[-95.45717033699998,38.469680513000071],[-95.467337565999969,38.465538166000044],[-95.477504212999975,38.461395816000049],[-95.487670278999985,38.457253464000075],[-95.497835763999944,38.45311110800003],[-95.508000667999966,38.448968750000063],[-95.518164989999946,38.444826388000024],[-95.528328730999988,38.440684024000063],[-95.538491891999968,38.436541656000031],[-95.548654471999953,38.432399286000077],[-95.558816470999943,38.428256913000041],[-95.568977889999985,38.424114537000037],[-95.579138727999975,38.419972158000064],[-95.58929898599996,38.415829776000066],[-95.599458664999986,38.411687391000044],[-95.60961776299996,38.407545003000052],[-95.619776280999986,38.403402612000036],[-95.629934218999949,38.399260218000052],[-95.640091577999954,38.395117821000042],[-95.650248356999953,38.390975422000054],[-95.660404556999936,38.386833019000051],[-95.67056017699997,38.382690614000069],[-95.680715218999978,38.378548205000072],[-95.690869680999981,38.37440579400004],[-95.701023563999968,38.37026338000004],[-95.711176868999985,38.366120962000025],[-95.721329594999986,38.361978542000031],[-95.731481741999971,38.357836119000069],[-95.741633310999987,38.353693693000025],[-95.751784300999986,38.34955126400007],[-95.76193471299996,38.345408832000032],[-95.772084546999963,38.341266397000027],[-95.78223380299994,38.337123959000053],[-95.792382481999937,38.332981519000043],[-95.802530581999974,38.328839075000076],[-95.812678104999975,38.324696628000027],[-95.822825050999938,38.320554179000055],[-95.832971417999943,38.316411726000069],[-95.843117208999956,38.312269271000048],[-95.85326242299999,38.308126813000058],[-95.86340705899994,38.303984351000054],[-95.873551118999956,38.299841887000071],[-95.883694601999991,38.295699420000062],[-95.89383750799999,38.291556950000029],[-95.903979836999952,38.287414477000027],[-95.914121589999979,38.283272001000057],[-95.924262766999959,38.279129522000062],[-95.934403367999948,38.274987040000042],[-95.944543391999957,38.270844556000043],[-95.954682840999965,38.266702068000029],[-95.964821712999992,38.262559577000047],[-95.974960009999961,38.25841708400003],[-95.985097731999986,38.254274588000044],[-95.995234876999973,38.250132088000043],[-96.005371447999948,38.245989586000064],[-96.01550744299999,38.24184708100006],[-96.025642862999973,38.237704572000041],[-96.035777707999955,38.233562061000043],[-96.045911977999936,38.229419547000077],[-96.056045672999971,38.225277030000029],[-96.066178793999939,38.22113451000007],[-96.076311339999961,38.216991987000029],[-96.086443311999972,38.212849462000065],[-96.096574708999981,38.20870693300003],[-96.106705531999978,38.204564401000027],[-96.116835780999963,38.200421867000045],[-96.126965455999937,38.196279329000049],[-96.137094556999955,38.192136789000074],[-96.147223084999951,38.187994246000073],[-96.157351038999991,38.183851699000058],[-96.167478418999963,38.179709150000065],[-96.177605225999969,38.175566598000046],[-96.187731459999952,38.171424043000059],[-96.197857119999981,38.167281485000046],[-96.207982207999976,38.163138924000066],[-96.218106721999959,38.15899636000006],[-96.228230663999966,38.154853793000029],[-96.23835403399994,38.15071122300003],[-96.248476829999959,38.146568651000052],[-96.258599053999944,38.14242607500006],[-96.268720705999954,38.138283497000032],[-96.278841785999987,38.134140915000046],[-96.28896229299994,38.129998331000024],[-96.299082228999964,38.125855744000035],[-96.309201592999955,38.12171315300003],[-96.319320384999969,38.117570560000047],[-96.32943860499995,38.113427964000039],[-96.339556253999945,38.109285365000062],[-96.349673331999952,38.10514276300006],[-96.359789837999983,38.101000158000033],[-96.369905772999971,38.096857551000028],[-96.380021136999972,38.092714940000064],[-96.390135930999975,38.088572326000076],[-96.400250152999945,38.084429710000052],[-96.410363804999974,38.08028709000007],[-96.42047688599996,38.076144468000052],[-96.430589396999949,38.072001842000077],[-96.44070133699995,38.067859214000066],[-96.450812706999955,38.06371658300003],[-96.460923506999961,38.059573949000026],[-96.471033736999971,38.055431311000063],[-96.481143396999983,38.051288671000066],[-96.491252487999986,38.047146029000032],[-96.501361008999936,38.043003383000041],[-96.511468959999945,38.038860734000025],[-96.521576341999946,38.03471808200004],[-96.531683154999939,38.030575428000077],[-96.541789397999992,38.026432770000042],[-96.551895072999969,38.022290109000039],[-96.562000178999938,38.018147446000057],[-96.572104714999966,38.01400478000005],[-96.582208682999976,38.009862110000029],[-96.592312082999968,38.005719438000028],[-96.602414913999951,38.00157676300006],[-96.612517176999972,37.997434085000066],[-96.622618870999986,37.993291404000047],[-96.632719996999981,37.98914872000006],[-96.642820555999947,37.985006033000047],[-96.652920545999962,37.980863344000056],[-96.663019968999947,37.976720651000051],[-96.673118823999971,37.972577955000077],[-96.683217111999966,37.968435257000067],[-96.693314831999942,37.964292555000043],[-96.703411984999946,37.96014985100004],[-96.713508569999988,37.956007144000068],[-96.72360458899999,37.951864433000026],[-96.733700040999963,37.947721720000061],[-96.743794924999975,37.943579004000071],[-96.753889243999936,37.939436285000056],[-96.763982994999992,37.935293563000073],[-96.774076179999952,37.931150838000065],[-96.784168798999985,37.927008111000077],[-96.79426085099999,37.922865380000076],[-96.804352337999944,37.918722646000049],[-96.814443257999983,37.914579910000043],[-96.824533611999982,37.91043717000008],[-96.834623400999988,37.906294428000024],[-96.844712623999953,37.902151683000056],[-96.854801280999936,37.898008934000075],[-96.864889372999983,37.893866183000057],[-96.874976899999979,37.889723429000071],[-96.885063860999992,37.88558067200006],[-96.895150256999955,37.881437912000024],[-96.90523608899997,37.877295149000076],[-96.915321354999946,37.873152383000047],[-96.925406056999975,37.869009615000039],[-96.935490193999954,37.864866843000073],[-96.945573766999985,37.860724069000071],[-96.955656774999966,37.856581291000055],[-96.965739218999943,37.852438511000059],[-96.975821098999972,37.84829572700005],[-96.985902413999952,37.844152941000061],[-96.995983165999974,37.840010152000048],[-97.006063353999991,37.835867360000066],[-97.016142977999948,37.831724565000059],[-97.026222038999947,37.827581767000027],[-97.036300535999942,37.823438966000026],[-97.046378469999979,37.819296162000057],[-97.056455840999945,37.815153356000053],[-97.066532647999964,37.811010546000034],[-97.076608892999957,37.806867734000036],[-97.086684573999946,37.802724918000024],[-97.096759692999967,37.798582100000033],[-97.106834248999974,37.794439279000073],[-97.116908242999955,37.790296454000043],[-97.126981673999978,37.786153627000033],[-97.137054542999977,37.782010797000055],[-97.14712684999995,37.777867964000052],[-97.157198593999965,37.773725128000081],[-97.167269776999944,37.769582289000027],[-97.177340397999956,37.765439448000052],[-97.187410456999942,37.761296603000062],[-97.197479953999959,37.757153755000047],[-97.207548889999941,37.753010905000053],[-97.217617263999955,37.748868052000034],[-97.227685077999979,37.744725195000058],[-97.237752329999978,37.740582336000045],[-97.247819020999941,37.736439474000065],[-97.257885150999982,37.732296609000059],[-97.267950719999988,37.728153741000028],[-97.278015727999957,37.724010870000029],[-97.288080175999937,37.719867996000062],[-97.298144063999985,37.715725119000069],[-97.308207390999939,37.711582240000041],[-97.318270157999962,37.707439357000055],[-97.328332363999948,37.703296471000044],[-97.338394010999991,37.699153583000054],[-97.348455097999988,37.695010692000039],[-97.358515624999939,37.690867797000067],[-97.368575591999956,37.686724900000058],[-97.378634999999974,37.682582000000025]]},"properties":{"OID":31,"Product_Type_i":"Raw","From_ID":"Retailer4","From_Node":"Chicago Metro Cold Warehouse","From_City_Area":"Hammond (Chicago Metro)","From_State":"IN","From_Latitude":41.637709000000001,"From_Longitude":-87.499498000000003,"Product_Type_j":" Raw","To_ID":"Market6","To_Node":"Wichita Consumer Market","To_City_Area":"Wichita","To_State":"KS","To_Latitude":37.682581999999996,"To_Longitude":-97.378635000000003,"Quantity":1001.5134,"ORIG_FID":32,"Shape_Length":10.641622082178674}},{"type":"Feature","id":32,"geometry":{"type":"LineString","coordinates":[[-87.49949799999996,41.637709000000029],[-87.511319147999984,41.636188777000029],[-87.523140017999935,41.634668554000029],[-87.534960610999974,41.63314833000004],[-87.54678092499995,41.631628106000051],[-87.558600962999947,41.630107882000061],[-87.570420721999938,41.628587657000026],[-87.582240203999959,41.627067432000047],[-87.594059407999964,41.625547206000078],[-87.605878333999954,41.624026980000053],[-87.617696982999973,41.622506754000028],[-87.629515353999977,41.620986527000071],[-87.641333447999955,41.619466300000056],[-87.653151263999973,41.617946072000052],[-87.664968801999976,41.616425844000048],[-87.676786062999952,41.614905615000055],[-87.688603046999958,41.613385387000051],[-87.700419752999949,41.611865157000068],[-87.71223618199997,41.610344928000075],[-87.724052332999975,41.608824698000035],[-87.735868206999953,41.607304467000063],[-87.747683803999962,41.605784236000034],[-87.759499122999955,41.604264005000061],[-87.771314164999978,41.602743773000043],[-87.783128928999986,41.601223541000024],[-87.794943415999967,41.599703309000063],[-87.806757626999968,41.598183076000055],[-87.818571558999963,41.596662842000057],[-87.830385214999978,41.59514260900005],[-87.842198592999978,41.593622375000052],[-87.854011693999951,41.592102140000065],[-87.865824517999954,41.590581905000079],[-87.877637064999988,41.589061670000035],[-87.889449334999938,41.587541434000059],[-87.901261327999975,41.586021198000026],[-87.91307304299994,41.58450096200005],[-87.924884481999982,41.582980725000027],[-87.93669564299995,41.581460487000072],[-87.948506527999939,41.57994025000005],[-87.960317134999968,41.578420011000048],[-87.972127465999961,41.576899773000036],[-87.983937518999937,41.575379534000035],[-87.99574729599999,41.573859295000034],[-88.00755679599996,41.572339055000043],[-88.01936601899996,41.570818815000052],[-88.031174964999991,41.569298574000072],[-88.042983633999938,41.567778333000035],[-88.054792025999973,41.566258092000055],[-88.06660014199997,41.564737850000029],[-88.078407980999941,41.563217608000059],[-88.090215542999942,41.561697365000043],[-88.102022827999974,41.560177122000027],[-88.113829835999979,41.558656879000068],[-88.125636567999948,41.557136635000063],[-88.137443023999936,41.555616391000058],[-88.149249201999964,41.554096146000063],[-88.161055103999956,41.552575901000068],[-88.172860728999979,41.551055656000074],[-88.184666077999964,41.549535410000033],[-88.196471149999979,41.548015164000049],[-88.208275945999958,41.546494917000075],[-88.220080464999967,41.544974670000045],[-88.231884707999939,41.543454423000071],[-88.243688673999941,41.541934175000051],[-88.255492363999963,41.540413927000031],[-88.267295776999958,41.538893678000079],[-88.279098913999974,41.53737342900007],[-88.290901773999963,41.535853180000061],[-88.302704358999961,41.534332930000062],[-88.314506665999943,41.532812680000063],[-88.326308697999991,41.531292429000075],[-88.338110452999956,41.52977217800003],[-88.349911931999941,41.528251926000053],[-88.361713133999956,41.526731675000065],[-88.373514059999991,41.525211422000041],[-88.385314710999978,41.523691170000063],[-88.39711508399995,41.522170917000039],[-88.408915181999987,41.520650663000026],[-88.420715003999987,41.51913040900007],[-88.432514548999961,41.517610155000057],[-88.444313817999955,41.516089900000054],[-88.456112811999958,41.514569645000051],[-88.467911528999934,41.513049390000049],[-88.479709969999988,41.511529134000057],[-88.491508134999947,41.510008878000065],[-88.503306023999983,41.508488621000026],[-88.515103636999982,41.506968364000045],[-88.526900973999943,41.505448106000074],[-88.538698034999982,41.503927848000046],[-88.550494819999983,41.502407590000075],[-88.562291329999937,41.500887331000058],[-88.574087562999978,41.499367072000041],[-88.585883520999971,41.497846813000081],[-88.597679201999938,41.496326553000074],[-88.609474607999971,41.494806292000078],[-88.621269737999967,41.493286032000071],[-88.633064591999982,41.491765771000075],[-88.64485917099995,41.490245509000033],[-88.656653473999938,41.488725247000048],[-88.668447500999946,41.487204985000062],[-88.680241251999973,41.48568472200003],[-88.692034727999953,41.484164459000056],[-88.703827927999953,41.482644195000034],[-88.715620852999962,41.48112393100007],[-88.727413500999944,41.479603667000049],[-88.739205874999982,41.478083402000038],[-88.750997971999936,41.476563137000028],[-88.762789793999957,41.475042872000074],[-88.774581340999987,41.473522606000074],[-88.78637261199998,41.472002339000028],[-88.798163607999982,41.470482072000038],[-88.809954327999947,41.468961805000049],[-88.821744772999978,41.46744153800006],[-88.833534941999972,41.465921270000081],[-88.845324835999975,41.464401001000056],[-88.857114453999941,41.462880733000077],[-88.868903797999963,41.461360463000062],[-88.880692864999958,41.459840194000037],[-88.892481657999951,41.458319924000079],[-88.904270174999965,41.456799653000076],[-88.916058416999988,41.455279383000061],[-88.927846383999963,41.453759111000068],[-88.939634074999958,41.452238840000064],[-88.951421491999952,41.45071856800007],[-88.963208632999965,41.449198295000031],[-88.974995498999988,41.447678022000048],[-88.986782089999963,41.446157749000065],[-88.998568404999958,41.444637476000025],[-89.010354445999951,41.443117202000053],[-89.022140210999964,41.441596927000035],[-89.033925701999976,41.440076652000073],[-89.045710916999951,41.438556377000054],[-89.057495856999935,41.437036101000047],[-89.069280522999975,41.435515825000039],[-89.081064912999977,41.433995549000031],[-89.092849028999979,41.432475272000033],[-89.104632868999943,41.430954995000036],[-89.116416434999962,41.429434717000049],[-89.128199724999945,41.427914439000062],[-89.139982740999983,41.426394161000076],[-89.151765481999973,41.424873882000043],[-89.163547947999973,41.423353603000066],[-89.175330139999971,41.421833323000044],[-89.187112055999989,41.420313043000078],[-89.198893697999949,41.418792762000066],[-89.210675064999975,41.417272481000055],[-89.222456157999943,41.415752200000043],[-89.234236974999988,41.414231918000041],[-89.246017517999974,41.41271163600004],[-89.257797785999969,41.411191354000039],[-89.269577779999963,41.409671071000048],[-89.281357498999967,41.408150788000057],[-89.293136943999968,41.406630504000077],[-89.30491611299999,41.40511022000004],[-89.316695008999943,41.40358993500007],[-89.328473629999962,41.402069650000044],[-89.34025197599999,41.400549365000074],[-89.352030047999961,41.399029079000059],[-89.36380784499994,41.397508793000043],[-89.375585367999975,41.395988507000027],[-89.387362615999962,41.394468220000078],[-89.399139589999947,41.392947932000027],[-89.410916289999989,41.391427645000078],[-89.422692714999982,41.389907357000027],[-89.434468865999975,41.388387068000043],[-89.446244742999966,41.386866779000059],[-89.458020344999966,41.385346490000074],[-89.469795672999965,41.383826200000044],[-89.481570726999962,41.382305910000071],[-89.493345505999969,41.380785619000051],[-89.505120011999963,41.379265328000031],[-89.516894242999967,41.377745037000068],[-89.52866819999997,41.376224745000059],[-89.540441882999971,41.374704453000049],[-89.552215290999982,41.373184160000051],[-89.56398842599998,41.371663867000052],[-89.575761285999988,41.370143574000053],[-89.587533872999984,41.368623280000065],[-89.599306184999989,41.367102986000077],[-89.611078222999936,41.365582692000032],[-89.622849987999984,41.364062397000055],[-89.634621477999985,41.362542101000031],[-89.646392693999985,41.361021805000064],[-89.658163636999973,41.35950150900004],[-89.66993430499997,41.357981213000073],[-89.681704699999955,41.35646091600006],[-89.693474820999938,41.354940618000057],[-89.705244667999978,41.353420320000055],[-89.717014240999958,41.351900022000052],[-89.728783539999938,41.350379724000049],[-89.740552564999973,41.348859424000068],[-89.752321316999939,41.347339125000076],[-89.764089794999961,41.345818825000038],[-89.775857998999982,41.344298525000056],[-89.787625928999944,41.342778224000028],[-89.799393585999951,41.341257923000057],[-89.811160968999957,41.33973762200003],[-89.822928077999961,41.338217320000069],[-89.834694913999954,41.336697018000052],[-89.846461475999945,41.335176715000046],[-89.858227764999981,41.333656412000039],[-89.869993779999959,41.332136109000032],[-89.881759520999935,41.330615805000036],[-89.893524988999957,41.32909550100004],[-89.905290183999966,41.327575196000055],[-89.917055104999974,41.326054891000069],[-89.928819751999981,41.324534585000038],[-89.940584125999976,41.323014280000052],[-89.952348226999959,41.321493973000031],[-89.964112053999941,41.319973667000056],[-89.975875607999967,41.318453359000046],[-89.987638888999982,41.316933052000024],[-89.999401895999938,41.315412744000071],[-90.011164629999939,41.31389243600006],[-90.022927089999939,41.31237212700006],[-90.034689277999973,41.31085181800006],[-90.04645119199995,41.30933150900006],[-90.05821283299997,41.307811199000071],[-90.06997419999999,41.306290888000035],[-90.081735294999987,41.304770578000046],[-90.093496115999983,41.303250267000067],[-90.105256663999967,41.301729955000042],[-90.117016938999939,41.300209643000073],[-90.128776940999956,41.298689331000048],[-90.14053666999996,41.297169018000034],[-90.152296124999964,41.295648705000076],[-90.164055307999945,41.294128391000072],[-90.175814217999971,41.292608078000058],[-90.187572853999939,41.291087763000064],[-90.199331217999941,41.289567448000071],[-90.211089308999988,41.288047133000077],[-90.222847126999966,41.286526818000027],[-90.234604670999943,41.285006502000044],[-90.246361942999954,41.283486185000072],[-90.258118942999943,41.281965869000032],[-90.269875668999987,41.28044555200006],[-90.281632121999962,41.278925234000042],[-90.293388302999972,41.27740491600008],[-90.30514421099997,41.275884598000061],[-90.316899845999956,41.274364279000054],[-90.328655207999986,41.272843960000046],[-90.340410297999938,41.271323640000048],[-90.352165113999945,41.269803320000051],[-90.363919658999976,41.268283000000054],[-90.375673929999948,41.266762679000067],[-90.387427928999955,41.26524235800008],[-90.39918165499995,41.263722036000047],[-90.410935108999979,41.262201714000071],[-90.42268828999994,41.260681392000038],[-90.434441197999945,41.259161069000072],[-90.446193833999985,41.25764074600005],[-90.457946197999945,41.256120422000038],[-90.46969828899995,41.254600098000026],[-90.481450106999944,41.253079774000071],[-90.493201652999971,41.251559449000069],[-90.504952926999977,41.250039124000068],[-90.51670392799997,41.248518798000077],[-90.528454656999941,41.24699847200003],[-90.540205112999956,41.245478146000039],[-90.551955296999949,41.243957819000059],[-90.563705208999977,41.242437492000079],[-90.575454847999936,41.240917164000052],[-90.587204214999986,41.239396836000026],[-90.598953309999956,41.237876508000056],[-90.610702132999961,41.23635617900004],[-90.622450682999954,41.234835850000024],[-90.634198960999981,41.233315520000076],[-90.645946966999986,41.231795190000071],[-90.657694700999969,41.230274860000065],[-90.669442162999985,41.228754529000071],[-90.68118935199999,41.227234198000076],[-90.692936269999961,41.225713866000035],[-90.704682914999978,41.224193534000051],[-90.716429287999972,41.222673201000077],[-90.72817538999999,41.221152869000036],[-90.739921218999939,41.219632535000073],[-90.751666775999979,41.218112202000043],[-90.76341206099994,41.21659186800008],[-90.775157074999981,41.215071533000071],[-90.786901815999954,41.213551198000062],[-90.798646284999961,41.212030863000052],[-90.810390482999935,41.210510527000054],[-90.822134408999943,41.208990191000055],[-90.83387806199994,41.207469855000056],[-90.84562144399996,41.205949518000068],[-90.857364554999947,41.204429180000034],[-90.869107392999979,41.202908843000046],[-90.880849959999978,41.201388505000068],[-90.892592254999954,41.199868166000044],[-90.904334277999965,41.198347827000077],[-90.916076028999953,41.196827488000054],[-90.927817508999965,41.19530714800004],[-90.939558716999954,41.193786808000027],[-90.951299653999968,41.192266468000071],[-90.963040317999969,41.190746127000068],[-90.974780711999983,41.189225785000076],[-90.986520832999986,41.187705444000073],[-90.998260682999955,41.186185102000024],[-91.010000261999949,41.184664759000043],[-91.021739568999976,41.183144416000061],[-91.033478603999981,41.18162407300008],[-91.045217367999953,41.180103729000052],[-91.056955860999949,41.178583385000024],[-91.068694081999979,41.177063040000064],[-91.080432031999976,41.175542695000047],[-91.092169709999951,41.17402235000003],[-91.103907116999949,41.17250200400008],[-91.115644252999971,41.170981658000073],[-91.12738111699997,41.169461312000067],[-91.139117709999937,41.167940965000071],[-91.150854031999984,41.166420617000028],[-91.162590081999952,41.164900270000032],[-91.174325861999989,41.163379921000057],[-91.186061368999958,41.161859573000072],[-91.19779660599994,41.16033922400004],[-91.209531571999946,41.158818875000065],[-91.221266265999986,41.157298525000044],[-91.233000688999937,41.15577817500008],[-91.244734840999968,41.154257824000069],[-91.256468721999966,41.152737473000059],[-91.268202331999987,41.151217122000048],[-91.279935670999976,41.149696770000048],[-91.291668738999988,41.148176418000048],[-91.303401535999967,41.146656065000059],[-91.31513406199997,41.145135712000069],[-91.32686631699994,41.14361535900008],[-91.338598299999944,41.142095005000044],[-91.350330012999962,41.140574651000065],[-91.362061454999946,41.13905429600004],[-91.373792625999954,41.137533941000072],[-91.385523526999975,41.136013586000047],[-91.397254155999974,41.134493230000032],[-91.408984514999986,41.132972874000075],[-91.420714601999975,41.131452517000071],[-91.432444418999978,41.129932160000067],[-91.444173964999948,41.128411803000063],[-91.455903240999987,41.126891445000069],[-91.467632245999937,41.125371087000076],[-91.479360979999967,41.123850728000036],[-91.491089442999964,41.122330369000053],[-91.502817635999975,41.120810009000024],[-91.514545556999963,41.119289650000042],[-91.526273208999953,41.11776928900008],[-91.538000589999967,41.116248929000051],[-91.549727699999949,41.114728568000032],[-91.561454538999953,41.113208206000024],[-91.573181107999972,41.111687844000073],[-91.584907406999946,41.110167482000065],[-91.596633434999944,41.108647119000068],[-91.608359191999966,41.107126756000071],[-91.620084679999991,41.105606393000073],[-91.631809895999936,41.10408602900003],[-91.643534841999951,41.102565665000043],[-91.65525951799998,41.101045300000067],[-91.666983923999965,41.099524935000034],[-91.678708058999973,41.098004570000057],[-91.690431923999938,41.096484204000035],[-91.702155517999984,41.09496383700008],[-91.713878841999986,41.093443471000057],[-91.725601895999944,41.091923104000045],[-91.737324679999972,41.090402736000044],[-91.749047192999967,41.088882368000043],[-91.760769435999975,41.087362000000041],[-91.77249140899994,41.085841631000051],[-91.784213111999975,41.08432126200006],[-91.795934544999966,41.082800893000069],[-91.807655706999981,41.081280523000032],[-91.819376599999941,41.079760153000052],[-91.831097221999983,41.078239782000026],[-91.84281757399998,41.076719411000056],[-91.854537655999991,41.07519903900004],[-91.866257467999958,41.073678667000024],[-91.877977010999984,41.072158295000065],[-91.889696282999978,41.07063792200006],[-91.901415284999985,41.069117549000055],[-91.913134016999948,41.067597176000049],[-91.92485247999997,41.066076802000055],[-91.936570671999959,41.06455642700007],[-91.948288594999951,41.063036053000076],[-91.960006246999967,41.061515677000045],[-91.971723629999985,41.059995302000061],[-91.98344074299996,41.058474926000031],[-91.995157586999937,41.056954550000057],[-92.006874159999938,41.055434173000037],[-92.018590463999942,41.053913796000074],[-92.030306497999959,41.052393418000065],[-92.042022261999989,41.050873040000056],[-92.053737756999965,41.049352662000047],[-92.065452981999954,41.047832283000048],[-92.077167936999956,41.046311904000049],[-92.088882621999971,41.044791524000061],[-92.100597037999989,41.043271144000073],[-92.112311184999953,41.041750764000028],[-92.124025061999987,41.040230383000051],[-92.135738668999977,41.038710002000073],[-92.14745200699997,41.037189621000039],[-92.159165074999976,41.035669239000072],[-92.170877872999938,41.034148856000058],[-92.182590402999949,41.032628473000045],[-92.194302662999974,41.031108090000032],[-92.206014652999954,41.029587707000076],[-92.217726373999938,41.028067323000073],[-92.22943782599998,41.026546938000081],[-92.241149007999979,41.025026554000078],[-92.252859920999981,41.02350616800004],[-92.264570563999939,41.021985783000048],[-92.276280937999957,41.020465397000066],[-92.287991042999977,41.018945010000039],[-92.299700878999943,41.017424624000057],[-92.311410445999968,41.01590423600004],[-92.32311974299995,41.014383849000069],[-92.334828770999991,41.012863461000052],[-92.346537529999978,41.011343072000045],[-92.358246018999978,41.009822684000028],[-92.36995423999997,41.008302294000032],[-92.381662190999975,41.006781905000025],[-92.393369873999973,41.005261515000029],[-92.405077286999983,41.003741124000044],[-92.41678443099994,41.002220733000058],[-92.428491305999955,41.000700342000073],[-92.440197912999963,40.999179951000031],[-92.451904249999984,40.997659559000056],[-92.463610317999951,40.996139166000034],[-92.475316116999977,40.99461877300007],[-92.487021646999949,40.993098380000049],[-92.49872690899997,40.991577986000038],[-92.510431900999947,40.990057592000028],[-92.522136624999973,40.988537198000074],[-92.533841079999945,40.987016803000074],[-92.545545265999976,40.985496408000074],[-92.557249182999954,40.983976012000028],[-92.56895283099999,40.982455616000038],[-92.580656210999962,40.980935220000049],[-92.592359320999947,40.97941482300007],[-92.604062162999981,40.977894425000045],[-92.615764736999949,40.976374028000066],[-92.627467040999989,40.974853630000041],[-92.639169077999952,40.973333231000026],[-92.650870844999986,40.971812832000069],[-92.662572343999955,40.970292433000054],[-92.674273573999983,40.96877203300005],[-92.685974534999957,40.967251633000046],[-92.69767522799998,40.965731233000042],[-92.709375652999938,40.964210832000049],[-92.721075808999956,40.962690431000055],[-92.732775695999976,40.961170029000073],[-92.744475314999988,40.959649627000033],[-92.756174665999936,40.958129224000061],[-92.767873747999943,40.956608822000078],[-92.779572560999952,40.955088418000059],[-92.791271105999954,40.95356801500003],[-92.802969382999947,40.952047610000079],[-92.81466739199999,40.950527206000061],[-92.826365131999978,40.949006801000053],[-92.838062603999958,40.947486396000045],[-92.849759806999941,40.945965990000047],[-92.861456742999962,40.94444558400005],[-92.87315340899994,40.942925177000063],[-92.884849807999956,40.941404770000076],[-92.896545938999964,40.939884363000033],[-92.908241800999974,40.938363955000057],[-92.919937394999977,40.93684354700008],[-92.931632720999971,40.935323139000047],[-92.943327778999958,40.933802730000025],[-92.955022568999937,40.93228232000007],[-92.966717090999964,40.930761911000047],[-92.978411343999937,40.929241501000035],[-92.990105329999949,40.927721090000034],[-93.001799046999963,40.926200679000033],[-93.013492496999959,40.924680268000031],[-93.025185677999957,40.923159856000041],[-93.036878591999937,40.92163944400005],[-93.048571237999965,40.92011903100007],[-93.06026361499994,40.918598618000033],[-93.071955724999953,40.917078205000053],[-93.083647566999957,40.915557791000026],[-93.095339140999954,40.914037377000056],[-93.107030446999943,40.91251696300003],[-93.11872148499998,40.910996548000071],[-93.130412255999943,40.909476132000066],[-93.142102758999954,40.90795571600006],[-93.153792993999957,40.906435300000055],[-93.165482960999952,40.90491488400005],[-93.177172660999986,40.903394467000055],[-93.188862091999965,40.901874049000071],[-93.200551256999972,40.900353632000076],[-93.212240152999982,40.898833213000046],[-93.223928781999973,40.897312795000062],[-93.235617142999956,40.895792376000031],[-93.247305236999978,40.894271956000068],[-93.258993062999991,40.892751537000038],[-93.27068062099994,40.891231116000029],[-93.282367911999984,40.889710696000066],[-93.294054935999952,40.888190275000056],[-93.30574169099998,40.886669854000047],[-93.317428179999979,40.885149432000048],[-93.32911440099997,40.88362901000005],[-93.340800353999953,40.882108587000062],[-93.352486040999963,40.880588164000073],[-93.364171458999976,40.879067740000039],[-93.375856610999961,40.877547317000051],[-93.387541494999937,40.876026892000027],[-93.399226110999962,40.87450646800005],[-93.410910460999958,40.872986043000026],[-93.422594542999946,40.871465617000069],[-93.434278356999982,40.869945192000046],[-93.44596190499999,40.868424765000043],[-93.45764518499999,40.86690433900003],[-93.469328197999971,40.865383912000027],[-93.481010943999991,40.863863484000035],[-93.492693422999992,40.862343056000043],[-93.504375634999974,40.860822628000051],[-93.516057578999948,40.859302200000059],[-93.527739255999961,40.857781771000077],[-93.539420666999945,40.856261341000049],[-93.551101809999977,40.854740911000079],[-93.562782685999991,40.853220481000051],[-93.574463294999987,40.851700050000034],[-93.586143636999964,40.850179619000073],[-93.597823711999979,40.848659188000056],[-93.609503519999976,40.847138756000049],[-93.621183060999954,40.845618324000043],[-93.63286233599996,40.844097891000047],[-93.644541342999958,40.842577458000051],[-93.656220082999937,40.841057025000055],[-93.667898556999944,40.839536591000069],[-93.679576763999989,40.838016156000037],[-93.691254703999959,40.836495722000052],[-93.702932376999968,40.834975287000077],[-93.714609782999958,40.833454851000056],[-93.726286922999975,40.831934415000035],[-93.737963794999985,40.83041397900007],[-93.749640401999955,40.82889354200006],[-93.761316740999973,40.827373105000049],[-93.772992813999963,40.825852668000039],[-93.784668619999991,40.824332230000039],[-93.796344158999943,40.822811792000039],[-93.80801943199998,40.821291353000049],[-93.819694437999942,40.81977091400006],[-93.831369177999989,40.818250474000081],[-93.843043650999959,40.816730035000035],[-93.854717856999969,40.815209594000066],[-93.866391796999949,40.813689154000031],[-93.878065470999957,40.812168713000062],[-93.889738877999946,40.810648271000048],[-93.901412017999974,40.809127829000033],[-93.913084891999972,40.807607387000076],[-93.924757499999942,40.806086944000072],[-93.936429840999949,40.804566501000068],[-93.948101915999985,40.803046057000074],[-93.959773724999991,40.80152561400007],[-93.971445266999979,40.80000516900003],[-93.983116542999937,40.798484725000037],[-93.994787552999981,40.796964279000065],[-94.006458295999948,40.795443834000025],[-94.018128772999944,40.793923388000053],[-94.029798983999967,40.792402942000081],[-94.041468928999961,40.790882495000062],[-94.053138606999937,40.789362048000044],[-94.06480801899994,40.787841600000036],[-94.076477164999972,40.786321152000028],[-94.088146044999974,40.784800704000077],[-94.099814658999946,40.783280255000079],[-94.111483006999947,40.781759806000025],[-94.123151088999975,40.780239357000028],[-94.134818903999985,40.778718907000041],[-94.146486453999955,40.777198456000065],[-94.158153737999953,40.775678006000078],[-94.169820754999989,40.774157554000055],[-94.181487506999986,40.772637103000079],[-94.193153992999953,40.771116651000057],[-94.204820211999959,40.769596199000034],[-94.216486165999981,40.768075746000079],[-94.228151853999975,40.766555293000067],[-94.23981727599994,40.765034839000066],[-94.251482432999978,40.763514385000065],[-94.263147322999941,40.761993931000063],[-94.274811947999979,40.760473476000072],[-94.286476306999987,40.758953021000025],[-94.298140399999966,40.757432565000045],[-94.309804226999972,40.755912109000064],[-94.321467788999939,40.754391653000027],[-94.333131083999945,40.752871196000058],[-94.344794114999956,40.751350739000031],[-94.35645687899995,40.749830281000072],[-94.36811937799996,40.748309823000056],[-94.379781610999942,40.746789365000041],[-94.39144357899994,40.745268906000035],[-94.403105280999966,40.74374844700003],[-94.414766717999953,40.742227988000025],[-94.426427888999967,40.74070752800003],[-94.438088793999952,40.739187067000046],[-94.449749433999955,40.737666606000062],[-94.461409807999985,40.736146145000077],[-94.473069916999975,40.734625684000036],[-94.484729760999983,40.733105222000063],[-94.496389338999961,40.731584759000043],[-94.508048651999957,40.73006429600008],[-94.51970769899998,40.72854383300006],[-94.531366480999964,40.72702337000004],[-94.543024997999964,40.725502906000031],[-94.554683248999936,40.723982441000032],[-94.566341234999982,40.722461976000034],[-94.577998955999988,40.720941511000035],[-94.589656410999964,40.719421046000036],[-94.601313601999948,40.717900579000059],[-94.612970526999959,40.716380113000071],[-94.624627185999941,40.714859646000036],[-94.636283580999986,40.713339179000059],[-94.647939709999946,40.711818711000035],[-94.659595574999969,40.710298243000068],[-94.671251173999963,40.708777775000044],[-94.682906507999974,40.707257306000031],[-94.694561576999945,40.705736837000075],[-94.70621638099999,40.704216367000072],[-94.717870919999939,40.702695897000069],[-94.729525193999962,40.701175427000067],[-94.741179202999945,40.699654956000074],[-94.752832946999945,40.698134485000026],[-94.764486425999962,40.696614013000044],[-94.77613963999994,40.695093541000062],[-94.787792588999991,40.693573069000024],[-94.799445272999947,40.692052596000053],[-94.811097692999965,40.690532123000025],[-94.822749846999955,40.689011649000065],[-94.834401736999951,40.687491175000048],[-94.846053361999964,40.685970700000041],[-94.857704721999937,40.684450226000081],[-94.869355816999985,40.682929750000028],[-94.881006647999982,40.681409275000078],[-94.892657213999939,40.679888799000025],[-94.904307514999971,40.67836832200004],[-94.915957550999963,40.676847845000054],[-94.927607322999961,40.675327368000069],[-94.939256829999977,40.673806890000037],[-94.950906071999952,40.672286412000062],[-94.962555049999992,40.67076593400003],[-94.974203762999991,40.669245455000066],[-94.985852211999941,40.667724976000045],[-94.997500395999964,40.666204496000034],[-95.009148315999937,40.664684016000081],[-95.020795970999984,40.663163535000081],[-95.032443360999991,40.66164305500007],[-95.044090486999949,40.660122573000081],[-95.055737348999969,40.658602092000081],[-95.06738394599995,40.657081609000045],[-95.079030278999937,40.655561127000055],[-95.090676346999942,40.654040644000077],[-95.102322150999953,40.652520161000041],[-95.113967690999971,40.650999677000073],[-95.125612965999949,40.649479193000047],[-95.13725797699999,40.647958709000079],[-95.148902723999981,40.646438224000065],[-95.160547206999979,40.644917738000061],[-95.172191424999937,40.643397253000046],[-95.183835378999959,40.641876767000042],[-95.195479068999987,40.640356280000049],[-95.207122493999975,40.638835793000055],[-95.21876565599996,40.637315306000062],[-95.230408552999961,40.635794818000079],[-95.242051185999969,40.634274330000039],[-95.253693554999984,40.632753841000067],[-95.265335659999948,40.631233353000027],[-95.276977500999976,40.629712863000066],[-95.288619077999954,40.628192374000037],[-95.300260390999938,40.626671883000029],[-95.311901439999986,40.625151393000067],[-95.323542223999937,40.623630902000059],[-95.33518274499994,40.622110411000051],[-95.346823001999951,40.620589919000054],[-95.358462994999968,40.619069427000056],[-95.370102723999992,40.617548934000069],[-95.381742188999965,40.616028441000026],[-95.393381390999991,40.614507948000039],[-95.405020327999978,40.612987454000063],[-95.41665900199996,40.61146696000003],[-95.42829741099996,40.609946466000054],[-95.439935557999945,40.608425971000031],[-95.451573439999947,40.606905475000076],[-95.463211057999956,40.605384980000053],[-95.474848412999961,40.603864483000052],[-95.486485503999972,40.60234398700004],[-95.49812233199998,40.600823490000039],[-95.509758894999948,40.599302993000038],[-95.521395194999968,40.597782495000047],[-95.533031231999985,40.596261997000056],[-95.544667004999951,40.594741498000076],[-95.556302513999981,40.593220999000039],[-95.56793775999995,40.591700500000059],[-95.579572741999982,40.590180000000032],[-95.591207459999964,40.588659500000063],[-95.602841915999988,40.587138999000047],[-95.614476106999973,40.585618498000031],[-95.626110034999954,40.584097997000072],[-95.637743699999987,40.582577495000066],[-95.64937710099997,40.581056993000061],[-95.66101023899995,40.579536491000056],[-95.672643113999982,40.578015988000061],[-95.684275724999964,40.576495484000077],[-95.695908072999941,40.574974981000025],[-95.707540156999983,40.573454476000052],[-95.719171978999952,40.571933972000068],[-95.730803535999939,40.570413467000037],[-95.742434830999969,40.568892961000074],[-95.754065861999948,40.567372456000044],[-95.765696630999969,40.565851949000034],[-95.77732713599994,40.564331443000071],[-95.788957376999974,40.562810936000062],[-95.800587355999937,40.561290429000053],[-95.812217070999964,40.559769921000054],[-95.823846523999975,40.558249413000055],[-95.835475712999937,40.556728904000067],[-95.847104638999951,40.555208395000079],[-95.858733301999962,40.553687886000034],[-95.870361701999968,40.552167376000057],[-95.881989838999971,40.550646866000079],[-95.893617712999969,40.549126355000055],[-95.905245323999964,40.547605844000032],[-95.916872671999954,40.546085333000065],[-95.928499757999987,40.544564821000051],[-95.940126579999969,40.543044309000038],[-95.951753138999948,40.541523796000035],[-95.963379434999979,40.540003283000033],[-95.975005468999939,40.53848277000003],[-95.986631239999952,40.536962256000038],[-95.99825674799996,40.535441742000046],[-96.009881992999965,40.533921227000064],[-96.021506974999966,40.532400712000026],[-96.033131694999952,40.530880197000045],[-96.044756150999945,40.529359681000074],[-96.05638034499998,40.527839165000046],[-96.068004276999943,40.526318648000029],[-96.07962794599996,40.524798131000068],[-96.091251351999972,40.523277613000062],[-96.10287449499998,40.521757096000044],[-96.114497375999974,40.520236577000048],[-96.126119993999964,40.518716059000042],[-96.13774234899995,40.517195540000046],[-96.149364441999978,40.51567502000006],[-96.160986272999992,40.514154501000064],[-96.172607840999945,40.512633980000032],[-96.18422914599995,40.511113460000047],[-96.195850188999941,40.509592939000072],[-96.207470969999974,40.508072417000051],[-96.219091487999947,40.50655189500003],[-96.230711742999972,40.505031373000065],[-96.242331736999972,40.503510851000044],[-96.253951467999968,40.501990327000044],[-96.265570935999961,40.500469804000033],[-96.277190141999938,40.498949280000033],[-96.288809085999958,40.497428756000033],[-96.300427767999963,40.495908231000044],[-96.312046186999964,40.494387706000055],[-96.323664343999951,40.492867181000065],[-96.335282237999991,40.491346655000029],[-96.346899870999948,40.489826129000051],[-96.358517240999959,40.488305602000025],[-96.370134348999954,40.486785075000057],[-96.381751194999936,40.485264548000032],[-96.393367778999959,40.483744020000074],[-96.404984100999968,40.48222349100007],[-96.416600159999973,40.480702963000056],[-96.428215957999953,40.479182434000052],[-96.439831492999986,40.477661904000058],[-96.451446766999936,40.476141374000065],[-96.46306177799994,40.474620844000071],[-96.474676527999975,40.473100314000078],[-96.486291014999949,40.471579782000049],[-96.497905239999966,40.470059251000066],[-96.509519203999957,40.468538719000037],[-96.521132904999945,40.467018187000065],[-96.532746344999964,40.465497654000046],[-96.544359522999969,40.463977121000028],[-96.555972438999959,40.462456588000066],[-96.567585092999991,40.460936054000058],[-96.579197484999952,40.459415519000061],[-96.590809615999945,40.457894985000053],[-96.60242148399999,40.456374450000055],[-96.614033090999953,40.454853914000068],[-96.625644435999959,40.453333378000025],[-96.63725551999994,40.451812842000038],[-96.648866340999973,40.450292305000062],[-96.660476900999981,40.448771768000029],[-96.672087199999964,40.447251231000052],[-96.68369723699999,40.44573069300003],[-96.695307011999944,40.444210155000064],[-96.70691652499994,40.442689616000052],[-96.718525776999968,40.44116907700004],[-96.730134766999981,40.439648537000039],[-96.74174349599997,40.438127998000027],[-96.753351963999989,40.436607457000036],[-96.764960168999949,40.435086917000035],[-96.776568113999986,40.433566375000055],[-96.788175796999951,40.432045834000064],[-96.799783217999959,40.430525292000027],[-96.811390377999942,40.429004750000047],[-96.822997275999967,40.427484207000077],[-96.834603913999956,40.425963664000051],[-96.846210288999941,40.424443120000035],[-96.857816403999948,40.422922577000065],[-96.86942225699994,40.42140203200006],[-96.881027848999963,40.419881488000044],[-96.892633178999972,40.418360942000049],[-96.904238248999945,40.416840397000044],[-96.915843056999961,40.415319851000049],[-96.927447603999951,40.413799305000055],[-96.939051888999984,40.41227875800007],[-96.950655913999981,40.410758211000029],[-96.962259676999963,40.409237663000056],[-96.973863178999977,40.407717115000025],[-96.985466419999966,40.406196567000052],[-96.997069399999987,40.404676018000032],[-97.008672118999982,40.403155469000069],[-97.020274575999963,40.401634920000049],[-97.031876772999965,40.40011437000004],[-97.043478708999942,40.398593820000031],[-97.055080382999961,40.397073269000032],[-97.066681796999944,40.395552718000033],[-97.078282949999959,40.394032166000045],[-97.089883841999949,40.392511614000057],[-97.101484471999981,40.390991062000069],[-97.113084841999978,40.389470509000034],[-97.124684950999949,40.387949956000057],[-97.136284798999952,40.386429402000033],[-97.147884386999976,40.384908849000055],[-97.159483712999986,40.383388294000042],[-97.17108277899996,40.381867739000029],[-97.182681583999965,40.380347184000073],[-97.194280127999946,40.378826629000059],[-97.205878410999958,40.377306073000057],[-97.217476433999991,40.375785517000054],[-97.229074195999942,40.374264960000062],[-97.240671696999982,40.37274440300007],[-97.252268937999986,40.371223845000031],[-97.263865917999965,40.36970328700005],[-97.275462636999976,40.368182729000068],[-97.28705909599995,40.366662170000041],[-97.298655293999957,40.36514161100007],[-97.310251230999938,40.363621051000052],[-97.321846907999941,40.362100491000035],[-97.333442324999965,40.360579931000075],[-97.345037480999963,40.359059370000068],[-97.356632375999936,40.357538809000062],[-97.368227010999988,40.356018248000055],[-97.379821385999946,40.354497686000059],[-97.391415499999937,40.352977123000073],[-97.403009352999959,40.351456561000077],[-97.414602946999992,40.349935997000046],[-97.426196279999942,40.34841543400006],[-97.437789351999982,40.346894870000028],[-97.449382163999985,40.345374306000053],[-97.460974715999953,40.343853741000032],[-97.472567007999942,40.342333176000068],[-97.484159038999962,40.340812610000057],[-97.495750810999937,40.339292044000047],[-97.507342320999953,40.337771478000036],[-97.51893357199998,40.336250911000036],[-97.530524562999972,40.334730344000036],[-97.542115292999938,40.333209776000047],[-97.553705762999982,40.331689208000057],[-97.565295972999991,40.330168640000068],[-97.576885922999963,40.328648071000032],[-97.588475612999957,40.327127502000053],[-97.600065041999983,40.325606932000028],[-97.611654211999962,40.32408636200006],[-97.623243121999963,40.322565792000034],[-97.634831770999938,40.321045221000077],[-97.64642016099998,40.319524650000062],[-97.658008290999987,40.318004079000048],[-97.669596159999969,40.316483507000044],[-97.681183769999961,40.31496293400005],[-97.692771119999975,40.313442361000057],[-97.704358209999953,40.311921788000063],[-97.715945039999951,40.31040121500007],[-97.727531609999971,40.30888064100003],[-97.739117920999945,40.307360066000058],[-97.75070397099995,40.305839491000029],[-97.762289761999966,40.304318916000057],[-97.773875292999946,40.302798341000027],[-97.785460563999948,40.301277765000066],[-97.79704557599996,40.299757188000058],[-97.808630327999936,40.298236612000039],[-97.82021481999999,40.296716034000042],[-97.831799051999951,40.295195457000034],[-97.84338302499998,40.293674879000037],[-97.854966737999973,40.29215430000005],[-97.866550190999988,40.290633722000052],[-97.878133384999956,40.289113142000076],[-97.889716319999991,40.287592563000032],[-97.901298993999944,40.286071983000056],[-97.912881409999954,40.284551402000034],[-97.92446356499994,40.283030822000057],[-97.936045461999981,40.281510240000046],[-97.947627097999941,40.27998965900008],[-97.959208475999958,40.278469077000068],[-97.970789592999949,40.276948494000067],[-97.982370451999941,40.275427912000055],[-97.993951050999954,40.273907328000064],[-98.005531389999987,40.272386745000063],[-98.017111470999964,40.270866161000072],[-98.028691291999962,40.269345576000035],[-98.040270852999981,40.267824992000044],[-98.051850154999954,40.266304406000074],[-98.063429197999938,40.264783821000037],[-98.075007981999988,40.263263235000068],[-98.086586506999936,40.261742648000052],[-98.098164771999961,40.260222062000025],[-98.109742777999941,40.258701474000077],[-98.121320524999987,40.257180887000061],[-98.132898011999941,40.255660299000056],[-98.144475240999952,40.254139710000061],[-98.156052209999984,40.252619121000066],[-98.16762892099996,40.251098532000071],[-98.179205371999956,40.249577943000077],[-98.190781563999963,40.248057353000036],[-98.20235749699998,40.246536762000062],[-98.213933170999951,40.245016171000032],[-98.225508586999979,40.243495580000058],[-98.237083742999971,40.241974989000028],[-98.248658639999974,40.240454397000065],[-98.260233277999987,40.238933804000055],[-98.271807656999954,40.237413211000046],[-98.283381777999978,40.235892618000037],[-98.294955638999966,40.234372024000038],[-98.306529241999954,40.232851430000039],[-98.318102584999963,40.231330836000041],[-98.329675669999972,40.229810241000052],[-98.341248496999981,40.228289646000064],[-98.352821063999954,40.22676905000003],[-98.364393371999938,40.225248454000052],[-98.375965421999979,40.223727858000075],[-98.387537212999973,40.222207261000051],[-98.399108745999968,40.220686664000027],[-98.410680018999983,40.219166066000071],[-98.422251033999942,40.217645468000057],[-98.433821790999957,40.216124870000044],[-98.445392287999937,40.214604271000042],[-98.456962526999973,40.213083672000039],[-98.468532507999953,40.211563072000047],[-98.480102229999943,40.210042472000055],[-98.491671692999944,40.208521871000073],[-98.503240897999945,40.207001271000024],[-98.514809843999956,40.205480669000053],[-98.526378531999967,40.203960068000072],[-98.537946961999978,40.202439466000044],[-98.549515131999954,40.200918863000027],[-98.561083044999975,40.199398260000066],[-98.572650698999951,40.197877657000049],[-98.584218094999983,40.196357054000032],[-98.595785231999969,40.194836450000025],[-98.607352110999955,40.193315845000029],[-98.618918730999951,40.191795240000033],[-98.630485093999937,40.190274635000037],[-98.64205119799999,40.188754029000052],[-98.65361704299994,40.187233423000066],[-98.665182630999936,40.185712817000081],[-98.676747959999943,40.184192210000049],[-98.68831303099995,40.182671603000074],[-98.699877843999957,40.181150995000053],[-98.711442397999974,40.179630387000032],[-98.723006694999981,40.178109779000067],[-98.734570732999941,40.176589170000057],[-98.746134512999959,40.175068561000046],[-98.757698034999976,40.173547951000046],[-98.769261298999936,40.172027341000046],[-98.780824304999953,40.170506730000056],[-98.79238705299997,40.168986120000056],[-98.803949542999987,40.167465508000078],[-98.815511774999948,40.165944897000031],[-98.827073747999975,40.164424285000052],[-98.838635463999992,40.162903672000027],[-98.850196921999952,40.161383059000059],[-98.861758121999969,40.159862446000034],[-98.873319063999986,40.158341832000076],[-98.884879748999992,40.156821218000061],[-98.896440174999952,40.155300604000047],[-98.908000342999969,40.153779989000043],[-98.919560253999975,40.152259374000039],[-98.931119906999982,40.150738758000045],[-98.942679301999988,40.149218142000052],[-98.954238438999937,40.147697525000069],[-98.965797318999989,40.146176909000076],[-98.977355940999985,40.144656291000047],[-98.98891430499998,40.143135674000064],[-99.000472410999976,40.141615056000035],[-99.01203025999996,40.140094437000073],[-99.023587850999945,40.138573818000054],[-99.035145184999976,40.137053199000036],[-99.04670226099995,40.135532579000028],[-99.058259078999981,40.134011959000077],[-99.069815639999945,40.132491339000069],[-99.081371942999965,40.130970718000071],[-99.092927987999985,40.129450097000074],[-99.104483775999938,40.12792947500003],[-99.116039306999937,40.126408853000044],[-99.127594579999936,40.124888231000057],[-99.139149595999982,40.123367608000081],[-99.15070435399997,40.121846984000058],[-99.162258854999948,40.120326361000025],[-99.173813097999982,40.118805737000059],[-99.185367084999939,40.117285112000047],[-99.196920812999963,40.115764487000035],[-99.208474284999966,40.11424386200008],[-99.220027498999968,40.112723236000079],[-99.231580454999971,40.111202610000078],[-99.243133154999953,40.109681984000076],[-99.254685596999991,40.108161357000029],[-99.266237781999962,40.106640730000038],[-99.277789709999979,40.105120102000058],[-99.289341379999939,40.103599474000077],[-99.300892793999992,40.102078845000051],[-99.312443949999988,40.100558217000071],[-99.323994848999973,40.099037587000055],[-99.335545490999948,40.097516958000028],[-99.347095875999969,40.09599632700008],[-99.358646003999979,40.094475697000064],[-99.37019587399999,40.092955066000059],[-99.381745487999979,40.091434435000053],[-99.393294843999968,40.089913803000059],[-99.404843943999992,40.088393171000064],[-99.41639278699995,40.086872539000069],[-99.427941371999964,40.085351906000028],[-99.439489700999957,40.083831272000054],[-99.451037772999939,40.08231063900007],[-99.462585587999968,40.08079000500004],[-99.474133145999986,40.079269370000077],[-99.485680446999936,40.077748735000057],[-99.49722749099999,40.076228100000037],[-99.508774278999965,40.074707464000028],[-99.520320808999941,40.073186828000075],[-99.531867082999952,40.071666192000066],[-99.543413099999952,40.070145555000067],[-99.554958860999989,40.068624918000069],[-99.566504363999968,40.067104280000081],[-99.578049610999983,40.065583642000036],[-99.589594600999988,40.064063003000058],[-99.601139334999971,40.06254236400008],[-99.612683811999943,40.061021725000046],[-99.624228031999962,40.059501085000079],[-99.635771994999971,40.057980445000055],[-99.647315701999958,40.056459805000031],[-99.65885915299998,40.054939164000075],[-99.670402346999992,40.053418523000062],[-99.681945283999937,40.051897881000059],[-99.693487964999974,40.050377239000056],[-99.705030388999944,40.048856596000064],[-99.716572556999949,40.047335954000062],[-99.728114468999991,40.04581531000008],[-99.739656123999964,40.044294667000031],[-99.751197521999984,40.04277402200006],[-99.762738663999983,40.041253378000079],[-99.77427954999996,40.039732733000051],[-99.785820178999984,40.03821208800008],[-99.797360551999986,40.036691442000063],[-99.808900668999968,40.035170796000045],[-99.820440529999985,40.033650150000028],[-99.831980133999991,40.032129503000078],[-99.843519481999977,40.030608855000025],[-99.855058572999951,40.029088208000076],[-99.866597408999951,40.02756756000008],[-99.87813598799994,40.026046911000037],[-99.889674310999965,40.024526262000052],[-99.901212377999968,40.023005613000066],[-99.912750188999951,40.021484963000034],[-99.924287742999979,40.01996431300006],[-99.935825041999976,40.018443663000028],[-99.947362083999963,40.016923012000063],[-99.958898869999985,40.015402360000053],[-99.970435400999975,40.013881709000032],[-99.981971674999954,40.012361057000078],[-99.99350769299997,40.010840404000078],[-100.00504345499996,40.009319751000078],[-100.01657896099994,40.007799098000078],[-100.02811421199999,40.006278444000031],[-100.03964920599998,40.004757790000042],[-100.05118394499999,40.003237136000052],[-100.06271842699994,40.001716481000074],[-100.07425265399996,40.000195825000048],[-100.08578662499997,39.99867517000007],[-100.09732033999995,39.997154514000044],[-100.10885379899997,39.99563385700003],[-100.12038700199997,39.994113200000072],[-100.13191994999994,39.992592543000058],[-100.14345264199994,39.991071885000053],[-100.15498507799998,39.989551227000049],[-100.16651725799994,39.988030569000045],[-100.17804918299998,39.986509910000052],[-100.18958085199995,39.984989250000069],[-100.20111226499995,39.983468591000076],[-100.21264342299997,39.981947931000036],[-100.22417432499998,39.980427270000064],[-100.23570497199995,39.978906609000035],[-100.24723536299996,39.977385948000062],[-100.25876549799995,39.975865286000044],[-100.27029537799996,39.974344624000025],[-100.28182500199995,39.972823962000064],[-100.29335437099996,39.971303299000056],[-100.30488348399996,39.969782635000058],[-100.31641234199998,39.96826197200005],[-100.32794094399998,39.966741308000053],[-100.33946929099994,39.965220643000066],[-100.35099738299999,39.963699978000079],[-100.36252521899996,39.962179313000036],[-100.37405279999996,39.960658647000059],[-100.38558012499999,39.959137981000026],[-100.39710719499999,39.95761731500005],[-100.40863400999996,39.956096648000027],[-100.42016056899996,39.954575980000072],[-100.43168687399998,39.95305531300005],[-100.44321292299998,39.951534644000049],[-100.45473871599995,39.950013976000037],[-100.46626425499994,39.948493307000035],[-100.47778953799997,39.946972638000034],[-100.48931456599996,39.945451968000043],[-100.50083933899998,39.943931298000052],[-100.51236385699997,39.942410627000072],[-100.52388811999998,39.940889957000024],[-100.53541212799996,39.939369285000055],[-100.54693587999998,39.937848614000075],[-100.55845937799995,39.936327941000059],[-100.56998261999996,39.934807269000032],[-100.58150560699994,39.933286596000073],[-100.59302833999999,39.931765923000057],[-100.60455081699996,39.930245249000052],[-100.61607303999995,39.928724575000047],[-100.62759500699997,39.927203900000052],[-100.63911671999995,39.925683225000057],[-100.65063817799995,39.924162550000062],[-100.66215938099998,39.922641874000078],[-100.67368032899998,39.921121198000037],[-100.68520102199994,39.919600522000053],[-100.69672145999999,39.918079845000079],[-100.70824164299995,39.916559168000049],[-100.71976157199998,39.915038490000029],[-100.73128124599998,39.913517812000066],[-100.74280066499995,39.911997133000057],[-100.75431982999999,39.910476454000047],[-100.76583873899995,39.908955775000038],[-100.77735739499997,39.907435095000039],[-100.78887579499997,39.905914415000041],[-100.80039394099998,39.904393735000042],[-100.81191183199996,39.902873054000054],[-100.82342946799997,39.901352373000066],[-100.83494684999994,39.899831691000031],[-100.84646397699998,39.898311009000054],[-100.85798084999999,39.89679032600003],[-100.86949746799996,39.895269643000063],[-100.88101383199995,39.893748960000039],[-100.89252994099996,39.892228276000026],[-100.90404579599999,39.890707592000069],[-100.91556139599999,39.889186908000056],[-100.92707674199994,39.887666223000053],[-100.93859183299998,39.886145538000051],[-100.95010666999997,39.884624852000059],[-100.96162125299998,39.883104166000066],[-100.97313558099995,39.881583479000028],[-100.98464965499994,39.880062792000047],[-100.99616347499995,39.878542105000065],[-101.00767703999998,39.877021417000037],[-101.01919035099996,39.875500729000066],[-101.03070340799997,39.873980041000038],[-101.04221620999999,39.872459352000078],[-101.05372875899997,39.870938662000071],[-101.06524105299997,39.869417973000054],[-101.07675309199999,39.867897283000048],[-101.08826487799996,39.866376592000051],[-101.09977640999995,39.864855901000055],[-101.11128768699996,39.863335210000059],[-101.12279870999998,39.861814518000074],[-101.13430947999996,39.860293826000031],[-101.14581999499995,39.858773134000046],[-101.15733025599997,39.857252441000071],[-101.16884026299999,39.85573174700005],[-101.18035001599998,39.854211054000075],[-101.19185951499998,39.852690360000054],[-101.20336875999999,39.851169665000043],[-101.21487775099996,39.849648970000032],[-101.22638648799995,39.848128275000079],[-101.23789497099995,39.846607579000079],[-101.24940320099995,39.845086883000079],[-101.26091117599998,39.843566187000079],[-101.27241889799996,39.842045490000032],[-101.28392636499996,39.840524792000053],[-101.29543357899996,39.839004095000064],[-101.30694053999997,39.837483397000028],[-101.31844724599995,39.83596269800006],[-101.32995369799994,39.834441999000035],[-101.34145989699994,39.832921300000066],[-101.35296584199995,39.831400600000052],[-101.36447153399996,39.829879900000037],[-101.37597697099994,39.828359200000079],[-101.38748215599998,39.826838499000075],[-101.39898708599998,39.825317797000025],[-101.41049176299998,39.823797096000078],[-101.42199618599994,39.822276394000028],[-101.43350035499998,39.820755691000045],[-101.44500427099996,39.819234988000062],[-101.45650793399994,39.817714285000079],[-101.46801134299994,39.81619358100005],[-101.47951449799996,39.814672877000078],[-101.49101739999998,39.813152173000049],[-101.50252004799995,39.81163146800003],[-101.51402244299999,39.810110762000079],[-101.52552458499997,39.80859005700006],[-101.53702647299997,39.807069351000052],[-101.54852810799997,39.805548644000055],[-101.56002948899999,39.804027937000058],[-101.57153061699995,39.80250723000006],[-101.58303149199998,39.800986522000073],[-101.59453211299996,39.79946581400003],[-101.60603248099994,39.797945106000043],[-101.61753259599999,39.796424397000067],[-101.62903245699994,39.794903687000044],[-101.64053206499995,39.793382978000068],[-101.65203141999996,39.791862268000045],[-101.66353052199997,39.790341557000033],[-101.67502937099994,39.788820846000078],[-101.68652796599997,39.787300135000066],[-101.69802630799995,39.785779423000065],[-101.70952439699994,39.784258711000064],[-101.72102223299999,39.782737999000062],[-101.73251981599998,39.781217286000071],[-101.74401714599998,39.779696572000034],[-101.75551422299998,39.778175859000044],[-101.76701104699998,39.776655145000063],[-101.77850761699995,39.775134430000037],[-101.79000393499996,39.773613715000067],[-101.80149999999998,39.772093000000041]]},"properties":{"OID":32,"Product_Type_i":"Raw","From_ID":"Retailer4","From_Node":"Chicago Metro Cold Warehouse","From_City_Area":"Hammond (Chicago Metro)","From_State":"IN","From_Latitude":41.637709000000001,"From_Longitude":-87.499498000000003,"Product_Type_j":" Raw","To_ID":"Market7","To_Node":"Saint Francis Consumer Market","To_City_Area":"Saint Francis","To_State":"KS","To_Latitude":39.772092999999998,"To_Longitude":-101.8015,"Quantity":197.952,"ORIG_FID":33,"Shape_Length":14.423176195849958}},{"type":"Feature","id":33,"geometry":{"type":"LineString","coordinates":[[-90.12301999999994,38.931370000000072],[-90.118676547999939,38.939648488000046],[-90.114332591999982,38.947926965000079],[-90.109988129999977,38.956205430000068],[-90.105643161999978,38.964483883000071],[-90.101297688999978,38.972762325000076],[-90.096951709999985,38.981040754000048],[-90.092605223999954,38.98931917200008],[-90.088258232999976,38.997597578000068],[-90.083910734999961,39.005875973000059],[-90.079562729999964,39.014154355000073],[-90.075214217999985,39.022432726000034],[-90.070865198999968,39.030711085000064],[-90.066515672999969,39.038989432000051],[-90.062165638999943,39.047267767000051],[-90.057815096999946,39.055546091000053],[-90.053464047999967,39.063824403000069],[-90.04911248999997,39.072102703000041],[-90.044760423999946,39.080380991000027],[-90.040407848999962,39.088659267000025],[-90.03605476499996,39.096937532000027],[-90.031701171999941,39.105215785000041],[-90.027347069999962,39.113494026000069],[-90.022992458999965,39.121772255000053],[-90.018637337999962,39.13005047300004],[-90.014281706999952,39.13832867800005],[-90.009925565999936,39.146606872000064],[-90.00556891399998,39.154885055000079],[-90.001211751999961,39.163163225000062],[-89.996854079999991,39.171441383000058],[-89.99249589599998,39.179719530000057],[-89.988137201999962,39.187997665000069],[-89.983777995999958,39.196275788000037],[-89.979418277999969,39.204553900000064],[-89.975058048999983,39.212831999000059],[-89.970697306999966,39.221110087000056],[-89.966336053999953,39.229388163000067],[-89.961974287999965,39.237666227000034],[-89.957612008999945,39.24594428000006],[-89.953249217999939,39.254222320000054],[-89.94888591299997,39.262500349000049],[-89.944522095999957,39.270778366000059],[-89.940157764999981,39.279056371000024],[-89.935792919999983,39.28733436400006],[-89.931427560999964,39.295612346000041],[-89.927061687999981,39.303890316000036],[-89.922695300999976,39.312168274000044],[-89.91832839999995,39.320446220000065],[-89.913960982999981,39.328724154000042],[-89.909593051999991,39.337002077000079],[-89.90522460599999,39.345279988000073],[-89.900855643999989,39.353557886000033],[-89.896486166999978,39.361835774000042],[-89.892116172999977,39.370113649000075],[-89.887745663999965,39.378391512000064],[-89.883374638999953,39.386669364000056],[-89.879003096999952,39.394947204000061],[-89.874631038999951,39.40322503200008],[-89.870258462999971,39.411502848000055],[-89.86588537099999,39.419780653000032],[-89.861511760999974,39.428058445000033],[-89.857137633999969,39.436336226000037],[-89.852762988999984,39.444613995000054],[-89.848387825999964,39.452891752000028],[-89.844012144999965,39.461169498000061],[-89.839635945999987,39.469447231000061],[-89.835259227999984,39.477724953000063],[-89.830881991999945,39.486002663000079],[-89.826504235999948,39.494280361000051],[-89.822125960999983,39.502558047000036],[-89.817747166999936,39.510835722000024],[-89.813367852999988,39.519113384000036],[-89.808988018999969,39.527391035000051],[-89.804607665999981,39.535668674000078],[-89.800226790999943,39.543946301000062],[-89.795845396999937,39.552223917000049],[-89.791463481999983,39.560501520000059],[-89.787081044999979,39.568779112000072],[-89.782698087999961,39.577056692000042],[-89.778314608999949,39.585334260000025],[-89.77393060899999,39.593611816000077],[-89.769546086999981,39.60188936000003],[-89.765161042999978,39.610166893000041],[-89.760775476999981,39.618444414000066],[-89.756389387999945,39.626721923000048],[-89.752002776999973,39.634999420000042],[-89.747615641999971,39.64327690500005],[-89.743227984999976,39.651554378000071],[-89.738839804999941,39.659831840000038],[-89.734451099999944,39.668109290000075],[-89.730061872999954,39.676386728000068],[-89.725672120999945,39.684664154000075],[-89.721281844999965,39.692941568000037],[-89.716891044999954,39.70121897000007],[-89.712499719999983,39.709496361000049],[-89.708107869999935,39.717773740000041],[-89.703715494999983,39.726051107000046],[-89.699322594999956,39.734328462000065],[-89.694929169999966,39.742605805000039],[-89.690535218999969,39.750883136000027],[-89.686140741999964,39.759160456000075],[-89.68174573899995,39.767437763000032],[-89.67735020899994,39.775715059000049],[-89.672954152999978,39.783992343000079],[-89.668557570999951,39.792269616000056],[-89.664160460999938,39.800546876000055],[-89.659762823999984,39.808824124000068],[-89.655364659999975,39.817101361000027],[-89.65096596799998,39.825378586000056],[-89.646566747999941,39.833655799000041],[-89.642166999999972,39.84193300000004]]},"properties":{"OID":33,"Product_Type_i":"Semicooked","From_ID":"Farm4","From_Node":"Mississippi River Farms","From_City_Area":"Near St. Louis","From_State":"MO","From_Latitude":38.931370000000001,"From_Longitude":-90.123019999999997,"Product_Type_j":" Semicooked","To_ID":"Processor1","To_Node":"Springfield Processor","To_City_Area":"Springfield","To_State":"IL","To_Latitude":39.841932999999997,"To_Longitude":-89.642167000000001,"Quantity":1996.4359999999999,"ORIG_FID":34,"Shape_Length":1.0297316111263959}},{"type":"Feature","id":34,"geometry":{"type":"LineString","coordinates":[[-89.642166999999972,39.84193300000004],[-89.634335943999986,39.848585055000058],[-89.62650413199998,39.855237102000046],[-89.618671563999953,39.861889141000063],[-89.610838239999964,39.86854117300004],[-89.603004158999966,39.875193197000044],[-89.595169320999958,39.881845213000076],[-89.58733372599994,39.888497222000069],[-89.57949737399997,39.895149223000033],[-89.571660263999945,39.90180121700007],[-89.563822396999967,39.908453203000079],[-89.555983770999944,39.915105181000058],[-89.548144386999979,39.921757151000065],[-89.540304243999969,39.928409114000033],[-89.532463341999971,39.935061069000028],[-89.524621681999974,39.941713017000041],[-89.516779261999943,39.948364957000081],[-89.508936081999991,39.955016889000035],[-89.501092141999948,39.961668814000063],[-89.493247442999973,39.968320731000063],[-89.485401981999985,39.974972640000033],[-89.477555761999952,39.981624542000077],[-89.469708779999962,39.988276436000035],[-89.461861036999949,39.994928322000078],[-89.454012532999968,40.001580201000024],[-89.446163266999974,40.008232072000055],[-89.438313239999957,40.014883935000057],[-89.430462449999936,40.021535791000076],[-89.42261089699997,40.028187639000066],[-89.41475858199999,40.034839479000027],[-89.406905504999941,40.041491312000062],[-89.399051663999956,40.048143137000068],[-89.391197058999978,40.054794954000045],[-89.383341690999941,40.061446764000038],[-89.375485558999969,40.06809856600006],[-89.367628662999948,40.074750360000053],[-89.359771001999945,40.081402147000063],[-89.35191257699995,40.088053926000043],[-89.344053386999974,40.094705697000052],[-89.33619343099997,40.101357461000077],[-89.328332709999984,40.108009217000074],[-89.32047122299997,40.114660966000031],[-89.312608970999975,40.121312706000026],[-89.304745951999962,40.127964440000028],[-89.296882166999978,40.134616165000068],[-89.289017614999977,40.141267883000069],[-89.281152295999959,40.14791959300004],[-89.273286208999991,40.154571295000039],[-89.265419355999938,40.161222990000056],[-89.257551733999946,40.167874677000043],[-89.249683344999937,40.174526357000047],[-89.241814186999989,40.181178028000033],[-89.233944259999987,40.187829692000037],[-89.226073564999979,40.194481349000057],[-89.218202100999974,40.201132998000048],[-89.210329867999974,40.207784639000067],[-89.202456864999988,40.214436272000057],[-89.194583091999959,40.221087898000064],[-89.186708548999945,40.227739516000042],[-89.178833235999946,40.234391127000038],[-89.170957152999961,40.241042729000071],[-89.163080297999954,40.247694324000065],[-89.155202672999962,40.254345912000076],[-89.147324275999949,40.260997492000058],[-89.139445106999972,40.267649064000068],[-89.131565166999962,40.274300628000049],[-89.123684454999989,40.280952185000046],[-89.115802969999947,40.287603734000072],[-89.107920711999952,40.294255275000069],[-89.100037681999936,40.300906809000026],[-89.092153878999966,40.307558335000067],[-89.084269301999939,40.314209854000069],[-89.076383950999968,40.320861364000052],[-89.068497826999987,40.327512867000053],[-89.060610928999949,40.33416436300007],[-89.052723255999979,40.34081585000007],[-89.044834807999962,40.347467330000029],[-89.036945584999955,40.354118803000063],[-89.029055587999949,40.360770267000078],[-89.021164813999974,40.367421724000053],[-89.013273264999953,40.374073174000046],[-89.005380939999952,40.380724615000076],[-88.997487838999973,40.387376049000068],[-88.989593961999958,40.394027476000076],[-88.981699306999985,40.400678894000066],[-88.973803875999977,40.407330305000073],[-88.965907666999954,40.413981709000041],[-88.958010680999962,40.420633104000046],[-88.950112916999956,40.427284492000069],[-88.942214374999935,40.433935873000053],[-88.934315053999967,40.440587245000074],[-88.926414955999974,40.447238610000056],[-88.918514077999987,40.453889967000066],[-88.910612420999939,40.460541317000036],[-88.902709984999944,40.467192659000034],[-88.894806768999956,40.47384399300006],[-88.886902772999974,40.480495319000056],[-88.878997997999988,40.48714663800007],[-88.871092441999963,40.493797949000054],[-88.863186104999954,40.500449253000056],[-88.855278986999963,40.507100549000029],[-88.847371087999989,40.513751837000029],[-88.839462407999974,40.520403117000058],[-88.831552945999988,40.527054390000046],[-88.823642701999972,40.533705655000063],[-88.815731675999984,40.54035691200005],[-88.807819867999967,40.547008162000054],[-88.799907275999942,40.55365940400003],[-88.791993901999945,40.560310638000033],[-88.784079743999939,40.566961865000053],[-88.776164802999972,40.573613084000044],[-88.768249078999986,40.580264295000063],[-88.760332569999946,40.586915499000042],[-88.752415275999965,40.59356669500005],[-88.744497198999966,40.600217883000028],[-88.73657833599998,40.60686906400008],[-88.728658688999985,40.613520237000046],[-88.720738255999947,40.62017140200004],[-88.712817036999979,40.626822559000061],[-88.704895032999957,40.633473709000043],[-88.696972241999958,40.640124851000053],[-88.689048664999973,40.64677598600008],[-88.681124300999954,40.653427113000077],[-88.673199150999949,40.660078232000046],[-88.665273212999978,40.666729343000043],[-88.657346487999973,40.673380447000056],[-88.649418974999946,40.680031543000041],[-88.641490673999954,40.686682631000053],[-88.633561584999939,40.693333712000026],[-88.625631707999958,40.699984785000026],[-88.617701040999975,40.706635850000055],[-88.60976958599997,40.713286908000043],[-88.601837340999964,40.71993795800006],[-88.593904306999946,40.726589000000047],[-88.585970482999983,40.733240034000062],[-88.578035868999962,40.739891061000037],[-88.570100464999939,40.74654208000004],[-88.562164269999982,40.75319309200006],[-88.554227283999978,40.759844096000052],[-88.546289506999983,40.766495092000071],[-88.538350937999951,40.77314608000006],[-88.530411577999985,40.779797061000068],[-88.522471425999981,40.786448034000045],[-88.514530481999941,40.793098999000051],[-88.506588744999988,40.799749957000074],[-88.498646215999941,40.806400907000068],[-88.49070289399998,40.813051849000033],[-88.482758777999948,40.819702784000071],[-88.474813868999945,40.826353710000035],[-88.466868165999983,40.833004630000062],[-88.458921668999949,40.83965554100007],[-88.450974377999955,40.846306445000039],[-88.443026291999956,40.852957341000035],[-88.435077410999952,40.85960822900006],[-88.427127734999942,40.866259110000044],[-88.419177263999984,40.872909983000056],[-88.411225996999974,40.87956084800004],[-88.403273934999959,40.88621170600004],[-88.395321075999959,40.892862556000068],[-88.387367419999975,40.899513398000067],[-88.37941296799994,40.906164233000027],[-88.371457718999977,40.912815060000071],[-88.363501672999973,40.919465879000029],[-88.355544828999939,40.926116690000072],[-88.347587187999977,40.932767494000075],[-88.339628747999939,40.939418290000049],[-88.331669509999983,40.94606907800005],[-88.323709473999941,40.952719859000069],[-88.315748638999935,40.959370632000059],[-88.307787003999977,40.966021397000077],[-88.299824569999942,40.972672155000055],[-88.291861336999943,40.97932290500006],[-88.283897303999936,40.985973647000037],[-88.275932469999987,40.992624381000041],[-88.267966835999971,40.999275108000063],[-88.260000401999946,41.005925827000056],[-88.25203316599999,41.012576539000065],[-88.244065128999978,41.019227242000056],[-88.236096290999967,41.025877938000065],[-88.228126650999968,41.032528627000033],[-88.220156207999935,41.03917930700004],[-88.21218496399996,41.045829980000065],[-88.20421291699995,41.05248064500006],[-88.196240066999962,41.059131303000072],[-88.188266413999941,41.065781953000055],[-88.180291956999952,41.072432595000066],[-88.172316696999985,41.079083229000048],[-88.164340632999938,41.085733856000047],[-88.156363763999991,41.092384475000074],[-88.148386091999953,41.099035086000072],[-88.140407613999969,41.10568568900004],[-88.132428331999961,41.112336285000026],[-88.12444824399995,41.118986874000029],[-88.116467349999937,41.125637454000071],[-88.108485650999967,41.132288027000072],[-88.100503145999937,41.138938592000045],[-88.092519833999972,41.145589149000045],[-88.084535715999948,41.152239699000063],[-88.076550790999988,41.158890241000051],[-88.06856505799999,41.165540775000068],[-88.060578518999989,41.172191302000044],[-88.05259117099996,41.178841820000059],[-88.04460301599994,41.185492332000081],[-88.036614051999948,41.192142835000027],[-88.028624279999974,41.198793331000047],[-88.020633697999983,41.205443819000038],[-88.012642307999954,41.212094299000057],[-88.004650108999954,41.218744772000036],[-87.996657099999936,41.225395236000054],[-87.988663280999958,41.232045694000078],[-87.980668651999963,41.238696143000027],[-87.972673211999961,41.24534658500005],[-87.964676961999942,41.251997019000044],[-87.956679900999973,41.258647445000065],[-87.948682027999951,41.265297864000047],[-87.940683343999979,41.271948275000057],[-87.932683848999943,41.278598678000037],[-87.924683540999979,41.285249074000035],[-87.916682420999962,41.291899461000071],[-87.908680487999959,41.298549842000057],[-87.90067774299996,41.305200214000081],[-87.892674183999986,41.311850579000065],[-87.88466981199997,41.318500936000078],[-87.876664625999979,41.325151285000061],[-87.868658625999956,41.331801626000072],[-87.860651811999958,41.338451960000043],[-87.852644183999985,41.345102286000042],[-87.844635739999944,41.351752605000058],[-87.836626481999986,41.358402916000045],[-87.828616407999959,41.36505321900006],[-87.820605518999969,41.371703514000046],[-87.812593813999968,41.37835380100006],[-87.804581291999966,41.385004081000034],[-87.796567954999944,41.391654354000025],[-87.788553799999988,41.398304618000054],[-87.780538828999966,41.404954875000044],[-87.772523039999953,41.411605124000062],[-87.764506433999941,41.41825536500005],[-87.756489009999939,41.424905599000056],[-87.748470767999947,41.431555825000032],[-87.740451707999966,41.438206043000037],[-87.73243182899995,41.444856253000069],[-87.724411130999954,41.451506456000061],[-87.716389613999979,41.458156651000024],[-87.708367276999979,41.464806838000072],[-87.700344120999944,41.471457018000081],[-87.69232014499994,41.47810719000006],[-87.684295347999978,41.484757354000067],[-87.676269730999991,41.491407510000045],[-87.668243292999989,41.49805765900004],[-87.660216033999973,41.504707800000062],[-87.652187953999942,41.511357933000056],[-87.644159051999964,41.518008059000067],[-87.636129327999981,41.524658177000049],[-87.628098781999938,41.531308287000058],[-87.620067413999948,41.537958389000039],[-87.612035221999975,41.544608484000037],[-87.60400220799994,41.551258571000062],[-87.59596836999998,41.557908651000048],[-87.587933708999969,41.564558722000072],[-87.579898223999976,41.571208786000057],[-87.571861914999943,41.577858842000069],[-87.563824780999937,41.584508891000041],[-87.555786822999949,41.591158931000052],[-87.547748038999941,41.59780896400008],[-87.539708430999951,41.604458989000079],[-87.531667996999943,41.611109007000039],[-87.523626736999972,41.617759017000026],[-87.515584650999983,41.624409019000041],[-87.507541738999976,41.631059013000026],[-87.49949799999996,41.637709000000029]]},"properties":{"OID":34,"Product_Type_i":"Semicooked","From_ID":"Processor1","From_Node":"Springfield Processor","From_City_Area":"Springfield","From_State":"IL","From_Latitude":39.841932999999997,"From_Longitude":-89.642167000000001,"Product_Type_j":" Semicooked","To_ID":"Warehouse3","To_Node":"Chicago Metro Cold Warehouse","To_City_Area":"Hammond (Chicago Metro)","To_State":"IN","To_Latitude":41.637709000000001,"To_Longitude":-87.499498000000003,"Quantity":1996.4359999999999,"ORIG_FID":35,"Shape_Length":2.7957036223102532}},{"type":"Feature","id":35,"geometry":{"type":"LineString","coordinates":[[-90.528040999999973,38.781930000000045],[-90.539480678999951,38.782715070000052],[-90.55092048299997,38.783500140000058],[-90.562360411999975,38.784285210000064],[-90.573800466999955,38.78507028000007],[-90.585240647999967,38.78585534900003],[-90.596680953999964,38.786640419000037],[-90.608121384999947,38.787425488000054],[-90.619561941999962,38.78821055800006],[-90.631002623999962,38.788995627000077],[-90.642443431999936,38.789780696000037],[-90.653884364999954,38.790565765000053],[-90.665325423999946,38.79135083400007],[-90.67676660799998,38.79213590300003],[-90.688207917999989,38.792920972000047],[-90.699649352999984,38.793706040000075],[-90.711090913999954,38.794491109000035],[-90.722532599999965,38.795276177000062],[-90.733974411999952,38.796061245000033],[-90.745416349999971,38.796846314000049],[-90.756858411999985,38.797631382000077],[-90.768300600999964,38.798416450000047],[-90.779742914999986,38.799201517000029],[-90.791185353999936,38.799986585000056],[-90.802627918999974,38.800771653000027],[-90.814070609999987,38.801556720000065],[-90.825513425999986,38.802341788000035],[-90.836956366999971,38.803126855000073],[-90.848399434999976,38.803911922000054],[-90.859842626999978,38.804696990000025],[-90.871285945999944,38.805482057000063],[-90.882729389999952,38.806267123000055],[-90.894172958999945,38.807052190000036],[-90.905616653999971,38.807837257000074],[-90.917060474999971,38.808622324000055],[-90.928504420999957,38.809407390000047],[-90.939948492999974,38.810192456000038],[-90.951392690999967,38.810977523000076],[-90.962837013999945,38.811762589000068],[-90.974281461999965,38.81254765500006],[-90.985726036999949,38.813332721000052],[-90.997170736999976,38.814117787000043],[-91.008615561999989,38.814902853000035],[-91.020060513999965,38.815687918000037],[-91.031505590999984,38.816472984000029],[-91.042950792999989,38.817258049000031],[-91.054396120999968,38.818043114000034],[-91.065841574999979,38.818828180000025],[-91.077287154999965,38.819613245000028],[-91.088732859999936,38.82039831000003],[-91.10017869099994,38.821183375000032],[-91.111624646999985,38.821968440000035],[-91.123070728999949,38.822753504000048],[-91.134516936999944,38.82353856900005],[-91.145963270999971,38.824323633000063],[-91.157409729999983,38.825108698000065],[-91.168856314999971,38.825893762000078],[-91.18030302599999,38.826678826000034],[-91.191749861999938,38.827463890000047],[-91.203196824999964,38.82824895400006],[-91.214643911999985,38.829034018000073],[-91.226091125999972,38.829819082000029],[-91.237538464999943,38.830604145000052],[-91.248985929999947,38.831389209000065],[-91.260433520999982,38.832174272000032],[-91.271881237999935,38.832959336000044],[-91.283329079999987,38.833744399000068],[-91.294777047999958,38.834529462000035],[-91.30622514199996,38.835314525000058],[-91.317673360999947,38.836099588000025],[-91.329121706999956,38.836884651000048],[-91.34057017799995,38.837669713000025],[-91.352018774999976,38.838454776000049],[-91.363467496999988,38.839239838000026],[-91.374916345999964,38.840024901000049],[-91.386365319999982,38.840809963000027],[-91.397814419999975,38.841595025000061],[-91.409263645999943,38.842380087000038],[-91.420712997999942,38.843165149000072],[-91.432162474999984,38.843950211000049],[-91.443612077999944,38.844735273000026],[-91.455061806999936,38.845520334000071],[-91.466511661999959,38.846305396000048],[-91.477961642999958,38.847090457000036],[-91.489411749999988,38.84787551800008],[-91.500861981999947,38.848660580000058],[-91.512312340999983,38.849445641000045],[-91.523762824999949,38.850230702000033],[-91.535213434999946,38.851015763000078],[-91.546664170999975,38.851800823000076],[-91.558115031999989,38.852585884000064],[-91.569566019999968,38.853370945000052],[-91.581017133999978,38.85415600500005],[-91.592468372999974,38.854941065000048],[-91.603919737999945,38.855726126000036],[-91.615371228999948,38.856511186000034],[-91.626822846999971,38.857296246000033],[-91.638274588999991,38.858081306000031],[-91.649726457999975,38.858866366000029],[-91.661178452999991,38.859651425000038],[-91.672630573999982,38.860436485000037],[-91.684082820999947,38.861221544000045],[-91.695535192999955,38.862006604000044],[-91.706987691999984,38.862791663000053],[-91.718440315999942,38.863576722000062],[-91.729893065999988,38.864361781000071],[-91.741345942999942,38.865146840000079],[-91.752798944999938,38.865931899000032],[-91.764252072999966,38.86671695800004],[-91.775705326999969,38.867502017000049],[-91.787158707999936,38.868287075000069],[-91.798612213999945,38.869072134000078],[-91.810065845999986,38.86985719200004],[-91.821519603999946,38.87064225000006],[-91.832973487999936,38.871427308000079],[-91.844427497999959,38.872212366000042],[-91.855881633999957,38.872997424000062],[-91.867335895999986,38.873782482000024],[-91.87879028399999,38.874567540000044],[-91.890244797999969,38.875352598000063],[-91.90169943799998,38.876137655000036],[-91.913154203999966,38.876922712000066],[-91.924609096999973,38.877707770000029],[-91.936064114999965,38.878492827000059],[-91.947519258999989,38.879277884000032],[-91.958974528999988,38.880062941000062],[-91.970429924999962,38.880847998000036],[-91.981885447999957,38.881633055000066],[-91.993341095999938,38.88241811100005],[-92.00479687099994,38.88320316800008],[-92.016252770999984,38.883988224000063],[-92.027708797999935,38.884773280000047],[-92.039164949999986,38.885558337000077],[-92.050621228999944,38.886343393000061],[-92.062077633999991,38.887128449000045],[-92.073534164999955,38.887913505000029],[-92.084990821999952,38.888698561000069],[-92.09644760499998,38.889483616000064],[-92.107904513999983,38.890268672000047],[-92.119361549999951,38.891053727000042],[-92.130818710999961,38.891838783000026],[-92.142275998999935,38.892623838000077],[-92.153733411999951,38.893408893000071],[-92.165190951999989,38.894193948000066],[-92.176648617999945,38.89497900300006],[-92.188106409999989,38.895764058000054],[-92.199564327999951,38.896549113000049],[-92.211022372999992,38.897334167000054],[-92.222480542999961,38.898119222000048],[-92.233938839999951,38.898904276000053],[-92.245397262999973,38.899689331000047],[-92.256855811999969,38.900474385000052],[-92.268314486999941,38.901259439000057],[-92.279773287999944,38.902044493000062],[-92.291232215999969,38.902829547000067],[-92.302691268999979,38.903614601000072],[-92.314150448999953,38.904399654000031],[-92.325609754999959,38.905184708000036],[-92.337069187999987,38.905969761000051],[-92.348528745999943,38.906754815000056],[-92.359988430999977,38.907539868000072],[-92.371448241999985,38.90832492100003],[-92.382908178999969,38.909109974000046],[-92.394368242999974,38.909895027000061],[-92.405828431999964,38.910680080000077],[-92.417288747999976,38.911465133000036],[-92.428749189999962,38.912250185000062],[-92.44020975899997,38.913035238000077],[-92.451670452999963,38.913820290000046],[-92.463131273999977,38.914605343000062],[-92.474592220999966,38.915390395000031],[-92.486053294999977,38.916175447000057],[-92.497514493999972,38.916960499000027],[-92.508975819999989,38.917745551000053],[-92.52043727299997,38.918530603000079],[-92.531898850999937,38.919315654000059],[-92.543360555999982,38.920100706000028],[-92.554822386999945,38.920885757000065],[-92.566284343999939,38.921670809000034],[-92.577746427999955,38.922455860000071],[-92.589208637999945,38.92324091100005],[-92.600670973999968,38.92402596200003],[-92.612133436999954,38.924811013000067],[-92.623596025999973,38.925596064000047],[-92.635058740999966,38.926381115000027],[-92.646521582999981,38.927166165000074],[-92.65798455099997,38.927951216000054],[-92.669447644999991,38.928736266000044],[-92.680910865999977,38.929521316000034],[-92.692374212999937,38.930306367000071],[-92.703837685999986,38.931091417000061],[-92.715301285999942,38.931876467000052],[-92.726765011999987,38.932661517000042],[-92.73822886499994,38.933446566000043],[-92.749692843999981,38.934231616000034],[-92.76115694899994,38.935016666000024],[-92.772621180999977,38.935801715000025],[-92.784085538999989,38.936586764000026],[-92.795550022999976,38.937371814000073],[-92.807014633999984,38.938156863000074],[-92.818479370999967,38.938941912000075],[-92.829944234999971,38.939726961000076],[-92.84140922499995,38.940512009000031],[-92.85287434199995,38.941297058000032],[-92.864339584999982,38.942082107000033],[-92.875804953999989,38.942867155000044],[-92.88727044999996,38.943652204000045],[-92.898736071999963,38.944437252000057],[-92.910201820999987,38.945222300000069],[-92.921667695999986,38.94600734800008],[-92.933133697999949,38.946792396000035],[-92.944599825999944,38.947577444000046],[-92.956066079999971,38.948362492000058],[-92.967532460999962,38.94914753900008],[-92.978998968999974,38.949932587000035],[-92.990465602999961,38.950717634000057],[-93.00193236299998,38.951502682000068],[-93.013399249999964,38.952287729000034],[-93.024866263999968,38.953072776000056],[-93.036333403999947,38.953857823000078],[-93.047800669999958,38.954642870000043],[-93.05926806299999,38.955427917000065],[-93.070735582999987,38.956212964000031],[-93.082203228999958,38.956998010000063],[-93.093671001999951,38.957783057000029],[-93.105138900999975,38.958568103000061],[-93.116606925999974,38.959353149000037],[-93.128075077999938,38.96013819500007],[-93.13954335699998,38.960923242000035],[-93.151011762999985,38.961708287000079],[-93.162480293999977,38.962493333000054],[-93.173948952999979,38.96327837900003],[-93.185417737999956,38.964063425000063],[-93.196886648999964,38.964848470000049],[-93.208355686999937,38.965633516000025],[-93.219824851999988,38.966418561000069],[-93.231294142999957,38.967203606000055],[-93.242763560999947,38.967988651000042],[-93.254233105999958,38.968773696000028],[-93.265702776999944,38.969558741000071],[-93.277172574999952,38.970343786000058],[-93.288642498999991,38.971128831000044],[-93.300112549999938,38.971913875000041],[-93.311582726999973,38.972698920000028],[-93.323053031999962,38.973483964000025],[-93.334523461999936,38.974269008000078],[-93.345994019999978,38.975054053000065],[-93.357464703999938,38.975839097000062],[-93.368935514999976,38.976624141000059],[-93.380406451999988,38.977409184000066],[-93.391877515999965,38.978194228000064],[-93.403348706999964,38.978979272000061],[-93.414820023999937,38.979764315000068],[-93.426291467999988,38.980549359000065],[-93.437763038999947,38.981334402000073],[-93.449234735999937,38.98211944500008],[-93.460706559999949,38.982904488000031],[-93.472178510999981,38.983689531000039],[-93.483650587999989,38.984474574000046],[-93.49512279299995,38.985259617000054],[-93.506595122999954,38.986044660000061],[-93.518067580999968,38.98682970200008],[-93.529540164999958,38.98761474500003],[-93.541012875999968,38.988399787000048],[-93.552485713999943,38.989184829000067],[-93.563958678999938,38.989969871000028],[-93.575431769999966,38.990754913000046],[-93.586904987999958,38.991539955000064],[-93.598378331999982,38.992324997000026],[-93.609851803999959,38.993110039000044],[-93.621325401999968,38.993895081000062],[-93.632799126999942,38.994680122000034],[-93.644272978999936,38.995465163000063],[-93.655746956999963,38.996250205000024],[-93.667221061999953,38.997035246000053],[-93.678695293999965,38.997820287000025],[-93.690169652999941,38.998605328000053],[-93.701644138999939,38.999390369000025],[-93.713118750999968,39.000175410000054],[-93.724593490999951,39.000960450000036],[-93.736068356999965,39.001745491000065],[-93.747543348999955,39.002530531000048],[-93.759018468999955,39.003315572000076],[-93.770493714999986,39.004100612000059],[-93.781969088999972,39.004885652000041],[-93.793444588999989,39.005670692000081],[-93.804920215999971,39.006455732000063],[-93.816395969999974,39.007240772000046],[-93.827871849999951,39.008025811000039],[-93.83934785799994,39.008810851000078],[-93.85082399199996,39.00959589100006],[-93.862300252999944,39.010380930000053],[-93.873776640999949,39.011165969000047],[-93.885253155999976,39.01195100800004],[-93.896729797999967,39.012736047000033],[-93.908206566999979,39.013521086000026],[-93.919683461999966,39.014306125000076],[-93.931160484999964,39.015091164000069],[-93.942637633999936,39.015876203000062],[-93.954114909999987,39.016661241000065],[-93.965592312999945,39.017446280000058],[-93.977069842999981,39.018231318000062],[-93.988547499999981,39.019016356000066],[-94.000025283999946,39.019801394000069],[-94.011503194999989,39.020586432000073],[-94.022981232999939,39.021371470000076],[-94.034459397999967,39.02215650800008],[-94.04593768899997,39.022941546000027],[-94.057416107999984,39.023726583000041],[-94.068894652999973,39.024511621000045],[-94.080373325999972,39.025296658000059],[-94.091852124999946,39.026081695000073],[-94.103331050999941,39.026866733000077],[-94.114810104999947,39.027651770000034],[-94.126289284999984,39.028436807000048],[-94.137768591999986,39.029221843000073],[-94.149248026999942,39.03000688000003],[-94.160727587999986,39.030791917000045],[-94.172207275999938,39.031576953000069],[-94.183687090999967,39.032361990000027],[-94.195167033999951,39.033147026000051],[-94.206647102999966,39.033932062000076],[-94.218127298999946,39.034717098000044],[-94.229607621999946,39.035502134000069],[-94.241088072999958,39.036287170000037],[-94.252568649999944,39.037072206000062],[-94.264049354999941,39.03785724200003],[-94.275530185999969,39.038642277000065],[-94.287011143999962,39.039427313000033],[-94.298492229999965,39.040212348000068],[-94.309973441999944,39.040997383000047],[-94.321454781999989,39.041782419000072],[-94.332936248999943,39.04256745400005],[-94.344417841999984,39.043352489000029],[-94.35589956299998,39.044137523000074],[-94.36738141099994,39.044922558000053],[-94.378863385999978,39.045707593000031],[-94.39034548799998,39.046492627000077],[-94.401827716999946,39.047277662000056],[-94.41331007399998,39.048062696000045],[-94.424792556999989,39.048847730000034],[-94.436275166999962,39.04963276400008],[-94.447757904999946,39.050417798000069],[-94.459240769999951,39.051202832000058],[-94.470723760999988,39.051987866000047],[-94.482206879999978,39.052772900000036],[-94.49369012599999,39.053557933000036],[-94.505173499999955,39.054342967000025],[-94.516656999999952,39.055128000000025]]},"properties":{"OID":35,"Product_Type_i":"Semicooked","From_ID":"Warehouse1","From_Node":"St. Louis Regional Cold DC","From_City_Area":"O'Fallon","From_State":"MO","From_Latitude":38.781930000000003,"From_Longitude":-90.528041000000002,"Product_Type_j":" Semicooked","To_ID":"Retailer1","To_Node":"Harvesters Community Food Network","To_City_Area":"Kansas City","To_State":"MO","To_Latitude":39.055128000000003,"To_Longitude":-94.516656999999995,"Quantity":4000,"ORIG_FID":36,"Shape_Length":3.9979613349704946}},{"type":"Feature","id":36,"geometry":{"type":"LineString","coordinates":[[-94.537950999999964,38.854474000000039],[-94.53702642099995,38.863198231000069],[-94.536101727999949,38.871922448000078],[-94.535176922999938,38.880646653000042],[-94.534252003999939,38.88937084500003],[-94.533326972999987,38.898095023000053],[-94.53240182799999,38.906819189000032],[-94.531476569999938,38.915543341000046],[-94.530551197999955,38.924267480000026],[-94.529625713999962,38.93299160600003],[-94.528700115999982,38.941715720000047],[-94.527774403999956,38.950439820000042],[-94.526848578999989,38.959163907000061],[-94.525922640999966,38.967887981000047],[-94.524996587999965,38.976612041000067],[-94.524070422999955,38.985336089000043],[-94.523144142999968,38.994060124000043],[-94.522217749999982,39.002784145000078],[-94.521291242999951,39.011508154000069],[-94.520364621999988,39.020232149000037],[-94.51943788799997,39.028956132000076],[-94.518511038999975,39.037680101000035],[-94.517584076999981,39.046404057000075],[-94.516656999999952,39.055128000000025]]},"properties":{"OID":36,"Product_Type_i":"Semicooked","From_ID":"Warehouse2","From_Node":"Kansas City Cold Storage Hub","From_City_Area":"Kansas City","From_State":"MO","From_Latitude":38.854474000000003,"From_Longitude":-94.537951000000007,"Product_Type_j":" Semicooked","To_ID":"Retailer1","To_Node":"Harvesters Community Food Network","To_City_Area":"Kansas City","To_State":"MO","To_Latitude":39.055128000000003,"To_Longitude":-94.516656999999995,"Quantity":1141.597,"ORIG_FID":37,"Shape_Length":0.20178072865328836}},{"type":"Feature","id":37,"geometry":{"type":"LineString","coordinates":[[-94.537950999999964,38.854474000000039],[-94.526469911999982,38.853869369000051],[-94.51498892099994,38.853264738000064],[-94.503508027999942,38.852660107000077],[-94.492027230999952,38.852055476000032],[-94.480546531999948,38.851450845000045],[-94.469065929999942,38.850846213000068],[-94.457585424999991,38.850241582000081],[-94.446105016999979,38.849636951000036],[-94.434624706999955,38.849032319000059],[-94.423144493999985,38.848427688000072],[-94.411664377999955,38.847823056000038],[-94.400184358999979,38.847218425000051],[-94.388704436999944,38.846613793000074],[-94.377224611999964,38.84600916100004],[-94.36574488499997,38.845404529000064],[-94.354265254999973,38.84479989700003],[-94.342785721999974,38.844195266000042],[-94.331306285999972,38.843590634000066],[-94.319826946999967,38.842986001000043],[-94.30834770499996,38.842381369000066],[-94.29686856099994,38.841776737000032],[-94.285389512999984,38.841172105000055],[-94.273910562999959,38.840567473000078],[-94.262431709999987,38.839962840000055],[-94.250952953999956,38.839358208000078],[-94.23947429499998,38.838753575000055],[-94.22799573399999,38.838148943000078],[-94.216517268999951,38.837544310000055],[-94.205038901999956,38.836939677000032],[-94.193560630999968,38.836335045000055],[-94.182082457999968,38.835730412000032],[-94.170604381999965,38.835125779000066],[-94.159126402999959,38.834521146000043],[-94.147648520999951,38.833916513000077],[-94.136170736999986,38.833311880000053],[-94.124693048999973,38.83270724700003],[-94.113215458999946,38.832102614000064],[-94.101737964999984,38.831497980000051],[-94.090260568999952,38.830893347000028],[-94.078783268999985,38.830288714000062],[-94.067306066999947,38.82968408000005],[-94.055828961999964,38.829079447000026],[-94.044351953999978,38.828474813000071],[-94.03287504299999,38.827870179000058],[-94.021398229999988,38.827265546000035],[-94.009921512999938,38.826660912000079],[-93.998444892999942,38.826056278000067],[-93.986968370999989,38.825451644000054],[-93.975491944999987,38.824847010000042],[-93.964015616999973,38.824242376000029],[-93.952539384999966,38.823637742000074],[-93.941063250999946,38.823033108000061],[-93.929587212999991,38.822428474000048],[-93.918111272999965,38.821823840000036],[-93.906635429999938,38.821219205000034],[-93.895159683999964,38.820614571000078],[-93.883684034999987,38.820009936000076],[-93.872208482999952,38.819405302000064],[-93.86073302799997,38.818800667000062],[-93.849257669999986,38.818196033000049],[-93.837782408999942,38.817591398000047],[-93.826307244999953,38.816986763000045],[-93.814832177999961,38.816382128000043],[-93.803357207999966,38.815777494000031],[-93.791882334999968,38.815172859000029],[-93.780407558999968,38.814568224000027],[-93.768932879999966,38.813963589000025],[-93.75745829799996,38.813358953000034],[-93.745983813999942,38.812754318000032],[-93.734509425999988,38.81214968300003],[-93.723035134999975,38.811545048000028],[-93.711560940999959,38.810940412000036],[-93.700086843999941,38.810335777000034],[-93.688612843999977,38.809731141000043],[-93.677138941999942,38.809126506000041],[-93.665665135999973,38.80852187000005],[-93.654191426999944,38.807917234000058],[-93.642717814999969,38.807312599000056],[-93.631244299999992,38.806707963000065],[-93.619770881999955,38.806103327000073],[-93.608297560999972,38.805498691000025],[-93.596824336999987,38.804894055000034],[-93.585351209999942,38.804289419000042],[-93.573878179999951,38.803684783000051],[-93.562405246999958,38.80308014600007],[-93.550932410999962,38.802475510000079],[-93.539459671999964,38.801870874000031],[-93.527987028999974,38.80126623700005],[-93.51651448399997,38.800661601000058],[-93.505042035999963,38.800056964000078],[-93.493569683999965,38.799452328000029],[-93.482097429999953,38.798847691000049],[-93.47062527199995,38.798243054000068],[-93.45915321199999,38.797638418000076],[-93.447681247999981,38.797033781000039],[-93.436209381999959,38.796429144000058],[-93.424737611999944,38.795824507000077],[-93.413265938999984,38.795219870000039],[-93.401794362999965,38.794615233000059],[-93.390322883999943,38.794010596000078],[-93.378851501999975,38.79340595900004],[-93.367380216999948,38.79280132100007],[-93.355909027999985,38.792196684000032],[-93.344437936999952,38.791592047000051],[-93.332966941999985,38.790987409000024],[-93.321496044999947,38.790382772000044],[-93.310025243999974,38.789778134000073],[-93.298554539999941,38.789173496000046],[-93.287083932999963,38.788568859000065],[-93.275613422999982,38.787964221000038],[-93.264143009999941,38.787359583000068],[-93.252672693999955,38.786754945000041],[-93.241202474999966,38.786150307000071],[-93.229732351999985,38.785545669000044],[-93.218262326999991,38.784941031000074],[-93.206792397999948,38.784336393000046],[-93.195322565999959,38.783731755000076],[-93.183852830999967,38.78312711600006],[-93.172383192999973,38.782522478000033],[-93.160913650999987,38.781917840000062],[-93.149444206999988,38.781313201000046],[-93.137974858999939,38.780708563000076],[-93.126505608999992,38.780103924000059],[-93.115036454999938,38.779499285000043],[-93.103567397999939,38.778894647000072],[-93.092098437999937,38.778290008000056],[-93.080629573999943,38.777685369000039],[-93.069160807999936,38.77708073000008],[-93.057692137999936,38.776476091000063],[-93.046223564999991,38.775871452000047],[-93.034755088999987,38.77526681300003],[-93.023286709999979,38.774662174000071],[-93.01181842799997,38.774057535000054],[-93.000350241999968,38.773452895000048],[-92.988882152999963,38.772848256000032],[-92.977414160999956,38.772243617000072],[-92.965946265999946,38.771638977000066],[-92.954478467999991,38.77103433800005],[-92.943010765999986,38.770429698000044],[-92.931543161999969,38.769825058000038],[-92.920075653999959,38.769220419000078],[-92.908608242999946,38.768615779000072],[-92.897140927999942,38.768011139000066],[-92.885673710999981,38.76740649900006],[-92.874206589999972,38.766801859000054],[-92.862739565999959,38.766197219000048],[-92.851272638999944,38.765592579000042],[-92.839805807999937,38.764987939000036],[-92.828339074999974,38.764383299000031],[-92.816872437999962,38.763778658000035],[-92.805405897999947,38.763174018000029],[-92.793939454999986,38.76256937800008],[-92.782473107999976,38.761964737000028],[-92.771006857999964,38.761360097000079],[-92.759540704999949,38.760755456000027],[-92.748074648999989,38.760150815000031],[-92.736608688999979,38.759546175000025],[-92.725142826999956,38.75894153400003],[-92.713677060999942,38.758336893000035],[-92.702211390999992,38.757732252000039],[-92.690745818999972,38.757127611000044],[-92.679280342999959,38.756522970000049],[-92.667814963999945,38.755918329000053],[-92.656349680999938,38.755313688000058],[-92.644884495999975,38.754709047000063],[-92.633419406999963,38.754104405000078],[-92.621954414999948,38.753499764000026],[-92.610489518999941,38.75289512300003],[-92.599024720999978,38.752290481000045],[-92.587560018999966,38.751685839000061],[-92.576095412999962,38.751081198000065],[-92.564630904999945,38.750476556000081],[-92.553166492999935,38.749871915000028],[-92.54170217799998,38.749267273000044],[-92.530237958999976,38.748662631000059],[-92.518773836999969,38.748057989000074],[-92.50730981199996,38.747453347000032],[-92.495845883999948,38.746848705000048],[-92.484382051999944,38.746244063000063],[-92.472918316999937,38.745639421000078],[-92.461454678999985,38.745034778000047],[-92.449991136999984,38.744430136000062],[-92.43852769199998,38.743825494000077],[-92.427064343999973,38.743220851000046],[-92.415601091999974,38.742616209000062],[-92.404137936999973,38.742011566000031],[-92.392674878999969,38.741406924000046],[-92.381211916999973,38.740802281000072],[-92.369749051999975,38.740197638000041],[-92.358286283999973,38.739592996000056],[-92.34682361199998,38.738988353000025],[-92.335361036999984,38.738383710000051],[-92.323898557999939,38.737779067000076],[-92.312436176999938,38.737174424000045],[-92.300973891999945,38.736569781000071],[-92.28951170299996,38.735965137000051],[-92.278049610999972,38.735360494000076],[-92.266587615999981,38.734755851000045],[-92.255125716999942,38.734151208000071],[-92.243663915999946,38.733546564000051],[-92.232202209999969,38.732941921000076],[-92.220740600999989,38.732337277000056],[-92.209279088999949,38.731732634000025],[-92.197817673999964,38.731127990000061],[-92.186356354999987,38.730523346000041],[-92.17489513299995,38.729918702000077],[-92.163434006999978,38.729314058000057],[-92.151972977999947,38.728709415000026],[-92.140512045999969,38.728104771000062],[-92.129051209999943,38.727500126000052],[-92.117590470999971,38.726895482000032],[-92.106129827999951,38.726290838000068],[-92.094669281999984,38.725686194000048],[-92.083208831999968,38.725081550000027],[-92.07174847999994,38.724476905000074],[-92.060288222999986,38.723872261000054],[-92.048828063999963,38.723267616000044],[-92.037367999999958,38.72266297200008],[-92.02590803399994,38.72205832700007],[-92.014448163999987,38.72145368300005],[-92.002988389999985,38.72084903800004],[-91.99152871299998,38.72024439300003],[-91.980069132999972,38.719639748000077],[-91.968609648999973,38.719035103000067],[-91.957150261999971,38.718430458000057],[-91.945690970999976,38.717825813000047],[-91.93423177699998,38.717221168000037],[-91.92277267999998,38.716616523000027],[-91.911313678999988,38.716011878000074],[-91.899854773999948,38.715407232000075],[-91.888395965999962,38.714802587000065],[-91.876937254999973,38.714197942000055],[-91.865478639999935,38.713593296000056],[-91.854020121999952,38.712988651000046],[-91.842561699999976,38.712384005000047],[-91.831103374999941,38.711779359000047],[-91.819645145999971,38.711174713000048],[-91.808187012999952,38.710570068000038],[-91.796728977999976,38.709965422000039],[-91.785271037999962,38.70936077600004],[-91.773813195999935,38.70875613000004],[-91.762355449999973,38.708151484000041],[-91.750897799999962,38.707546838000042],[-91.739440246999948,38.706942192000042],[-91.727982789999942,38.706337545000054],[-91.71652542999999,38.705732899000054],[-91.70506816599999,38.705128253000055],[-91.693610998999986,38.704523606000066],[-91.682153927999991,38.703918960000067],[-91.670696953999936,38.703314313000078],[-91.659240075999946,38.702709667000079],[-91.647783293999964,38.702105020000033],[-91.636326609999969,38.701500373000044],[-91.624870020999936,38.700895726000056],[-91.613413528999956,38.700291079000067],[-91.601957133999974,38.699686433000068],[-91.590500834999943,38.699081786000079],[-91.579044631999977,38.698477138000044],[-91.567588525999952,38.697872491000055],[-91.556132515999991,38.697267844000066],[-91.544676602999971,38.696663197000078],[-91.533220786999948,38.696058550000032],[-91.521765065999944,38.695453902000054],[-91.510309441999937,38.694849255000065],[-91.498853914999984,38.69424460700003],[-91.487398483999982,38.693639960000041],[-91.475943149999978,38.693035312000063],[-91.464487910999935,38.692430664000028],[-91.453032769999936,38.691826017000039],[-91.441577723999956,38.691221369000061],[-91.430122775999962,38.690616721000026],[-91.418667922999987,38.690012073000048],[-91.407213166999952,38.68940742500007],[-91.395758507999972,38.688802777000035],[-91.384303943999953,38.688198129000057],[-91.372849477999978,38.687593481000079],[-91.361395106999964,38.686988832000054],[-91.349940832999948,38.686384184000076],[-91.338486655999986,38.685779536000041],[-91.327032574999976,38.685174887000073],[-91.315578589999973,38.684570239000038],[-91.304124700999978,38.683965590000071],[-91.29267090899998,38.683360942000036],[-91.28121721399998,38.682756293000068],[-91.269763614999988,38.682151644000044],[-91.258310111999947,38.681546995000076],[-91.246856704999971,38.680942347000041],[-91.235403394999935,38.680337698000073],[-91.223950180999964,38.679733049000049],[-91.21249706399999,38.679128400000025],[-91.201044042999968,38.678523750000068],[-91.189591117999953,38.677919101000043],[-91.178138289999936,38.677314452000076],[-91.166685557999983,38.676709803000051],[-91.155232922999971,38.676105153000037],[-91.143780382999978,38.67550050400007],[-91.132327939999982,38.674895854000056],[-91.120875593999983,38.674291205000031],[-91.109423343999936,38.673686555000074],[-91.097971189999953,38.67308190500006],[-91.086519131999978,38.672477256000036],[-91.075067170999944,38.671872606000079],[-91.063615305999974,38.671267956000065],[-91.052163537999945,38.670663306000051],[-91.040711864999992,38.670058656000037],[-91.029260288999978,38.66945400600008],[-91.017808809999963,38.668849356000067],[-91.006357426999955,38.668244706000053],[-90.994906139999955,38.667640055000049],[-90.983454948999963,38.667035405000036],[-90.972003854999969,38.666430755000079],[-90.960552856999982,38.665826104000075],[-90.949101954999946,38.665221454000061],[-90.937651148999976,38.664616803000058],[-90.926200439999946,38.664012153000044],[-90.91474982699998,38.663407502000041],[-90.903299310999955,38.662802851000038],[-90.891848890999938,38.662198200000034],[-90.880398566999986,38.661593549000031],[-90.868948338999985,38.660988898000028],[-90.857498206999935,38.660384247000025],[-90.846048171999939,38.659779596000078],[-90.834598232999952,38.659174945000075],[-90.823148390999961,38.658570294000071],[-90.811698643999989,38.657965643000068],[-90.800248993999958,38.657360991000076],[-90.788799439999991,38.656756340000072],[-90.777349982999965,38.656151689000069],[-90.765900620999957,38.655547037000076],[-90.754451355999947,38.654942386000073],[-90.743002186999945,38.65433773400008],[-90.73155311499994,38.653733082000031],[-90.720104137999954,38.653128430000038],[-90.708655257999965,38.652523779000035],[-90.697206473999984,38.651919127000042],[-90.685757786999943,38.651314475000049],[-90.674309194999978,38.650709823000057],[-90.662860699999953,38.650105171000064],[-90.651412300999937,38.649500519000071],[-90.639963998999974,38.648895866000032],[-90.628515791999973,38.648291214000039],[-90.61706768199997,38.647686562000047],[-90.605619667999974,38.647081909000065],[-90.594171749999987,38.646477257000072],[-90.58272392799995,38.645872604000033],[-90.571276202999968,38.64526795200004],[-90.559828572999947,38.644663299000058],[-90.548381039999981,38.644058647000065],[-90.536933602999966,38.643453994000026],[-90.525486262999948,38.642849341000044],[-90.514039017999949,38.642244688000062],[-90.502591869999947,38.64164003500008],[-90.491144817999952,38.641035382000041],[-90.479697861999966,38.640430729000059],[-90.468251001999988,38.639826076000077],[-90.456804237999961,38.639221423000038],[-90.445357570999988,38.638616769000066],[-90.433910999999966,38.638012116000027],[-90.422464524999953,38.637407463000045],[-90.411018145999947,38.636802809000073],[-90.399571862999949,38.636198156000034],[-90.388125676999948,38.635593502000063],[-90.376679585999966,38.634988849000024],[-90.365233591999981,38.634384195000052],[-90.353787693999948,38.633779541000024],[-90.342341891999979,38.633174887000052],[-90.330896185999961,38.632570233000024],[-90.319450575999952,38.631965579000052],[-90.308005062999939,38.631360925000024],[-90.296559644999945,38.630756271000052],[-90.285114323999949,38.630151617000024],[-90.27366909899996,38.629546963000053],[-90.26222396999998,38.628942309000024],[-90.25077893699995,38.628337654000063],[-90.239333999999985,38.627733000000035]]},"properties":{"OID":37,"Product_Type_i":"Semicooked","From_ID":"Warehouse2","From_Node":"Kansas City Cold Storage Hub","From_City_Area":"Kansas City","From_State":"MO","From_Latitude":38.854474000000003,"From_Longitude":-94.537951000000007,"Product_Type_j":" Semicooked","To_ID":"Retailer3","To_Node":"St. Louis Metro Market","To_City_Area":"St. Louis Metro","To_State":"MO–IL","To_Latitude":38.627732999999999,"To_Longitude":-90.239333999999999,"Quantity":6047.8459999999995,"ORIG_FID":38,"Shape_Length":4.3045928538652607}},{"type":"Feature","id":38,"geometry":{"type":"LineString","coordinates":[[-94.516656999999952,39.055128000000025],[-94.505216659999974,39.053988322000066],[-94.493776503999982,39.052848643000061],[-94.482336531999977,39.051708964000056],[-94.470896743999958,39.050569286000041],[-94.459457139999984,39.049429606000047],[-94.448017718999949,39.048289927000042],[-94.436578482999948,39.047150247000047],[-94.425139429999945,39.046010568000042],[-94.413700560999985,39.044870887000059],[-94.402261875999955,39.043731207000064],[-94.390823373999979,39.04259152700007],[-94.379385056999979,39.041451846000029],[-94.367946922999977,39.040312165000046],[-94.356508972999961,39.039172484000062],[-94.345071205999943,39.038032802000032],[-94.333633623999958,39.036893121000048],[-94.322196224999971,39.035753439000075],[-94.31075900999997,39.034613757000045],[-94.299321977999966,39.033474075000072],[-94.287885130999939,39.032334392000053],[-94.276448465999977,39.031194709000033],[-94.26501198599999,39.03005502600007],[-94.253575688999945,39.028915343000051],[-94.242139575999943,39.027775660000032],[-94.230703646999984,39.02663597600008],[-94.219267900999967,39.025496292000071],[-94.207832338999935,39.024356608000062],[-94.196396959999959,39.023216924000053],[-94.184961764999969,39.022077239000055],[-94.173526753999965,39.020937555000046],[-94.16209192599996,39.019797870000048],[-94.150657281999941,39.01865818400006],[-94.139222820999976,39.017518499000062],[-94.127788543999941,39.016378813000074],[-94.11635444999996,39.015239127000029],[-94.104920539999966,39.014099441000042],[-94.09348681299997,39.012959755000054],[-94.08205326999996,39.011820068000077],[-94.070619910999937,39.010680382000032],[-94.059186734999969,39.009540695000055],[-94.047753741999941,39.008401008000078],[-94.036320932999956,39.007261320000055],[-94.024888306999969,39.006121632000031],[-94.013455864999969,39.004981945000054],[-94.002023605999966,39.003842256000041],[-93.99059153099995,39.002702568000075],[-93.979159638999988,39.001562880000051],[-93.967727929999967,39.000423191000039],[-93.956296404999989,38.999283502000026],[-93.944865062999952,38.99814381300007],[-93.933433904999958,38.997004123000067],[-93.922002929999962,38.995864433000065],[-93.910572137999964,38.994724744000052],[-93.899141529999952,38.993585053000061],[-93.887711104999937,38.992445363000058],[-93.876280862999977,38.991305673000056],[-93.864850804999946,38.990165982000065],[-93.85342092999997,38.989026291000073],[-93.841991237999991,38.987886600000024],[-93.830561728999953,38.986746908000043],[-93.819132403999959,38.985607216000062],[-93.807703261999961,38.984467525000071],[-93.796274302999961,38.983327832000043],[-93.784845527999948,38.982188140000062],[-93.77341693599999,38.981048447000035],[-93.761988526999971,38.979908755000054],[-93.75056030099995,38.978769062000026],[-93.739132257999984,38.977629368000066],[-93.727704398999947,38.976489675000039],[-93.716276721999975,38.975349981000079],[-93.70484922899999,38.974210287000062],[-93.693421918999945,38.973070593000045],[-93.681994791999955,38.971930899000029],[-93.670567848999951,38.970791204000079],[-93.659141087999956,38.969651510000062],[-93.647714509999957,38.968511815000056],[-93.636288115999946,38.967372119000061],[-93.624861904999989,38.966232424000054],[-93.613435876999972,38.965092728000059],[-93.602010031999953,38.963953032000063],[-93.590584368999941,38.962813336000067],[-93.579158889999974,38.961673640000072],[-93.567733593999947,38.96053394300003],[-93.556308481999963,38.959394246000045],[-93.544883551999988,38.95825454900006],[-93.533458804999952,38.957114852000075],[-93.522034240999972,38.955975155000033],[-93.510609859999988,38.954835457000058],[-93.499185661999945,38.953695759000027],[-93.487761646999957,38.952556061000053],[-93.476337814999965,38.951416362000032],[-93.464914165999971,38.950276664000057],[-93.453490699999975,38.949136965000037],[-93.442067415999986,38.947997266000073],[-93.430644315999984,38.946857567000052],[-93.41922139899998,38.945717867000042],[-93.407798663999984,38.944578167000031],[-93.396376112999974,38.943438468000068],[-93.384953743999972,38.942298767000068],[-93.373531557999968,38.941159067000058],[-93.362109554999961,38.940019366000058],[-93.350687734999951,38.938879666000048],[-93.33926609699995,38.937739965000048],[-93.327844642999992,38.936600263000059],[-93.316423370999985,38.93546056200006],[-93.305002281999975,38.934320860000071],[-93.293581375999963,38.933181158000025],[-93.282160652999949,38.932041456000036],[-93.270740111999942,38.930901754000047],[-93.259319754999979,38.929762051000068],[-93.247899578999977,38.928622348000033],[-93.236479586999963,38.927482645000055],[-93.225059777999945,38.926342942000076],[-93.213640150999936,38.925203238000051],[-93.202220706999981,38.924063535000073],[-93.190801444999977,38.922923831000048],[-93.17938236599997,38.921784126000034],[-93.167963469999961,38.920644422000066],[-93.156544756999949,38.919504717000052],[-93.145126225999945,38.918365013000027],[-93.133707877999939,38.917225307000081],[-93.12228971199994,38.916085602000067],[-93.110871729999985,38.914945897000052],[-93.099453928999935,38.913806191000049],[-93.088036311999986,38.912666485000045],[-93.076618876999987,38.911526779000042],[-93.06520162399994,38.910387072000049],[-93.053784553999947,38.909247366000045],[-93.042367666999951,38.908107659000052],[-93.030950961999963,38.906967952000059],[-93.019534439999973,38.905828245000066],[-93.00811809999999,38.904688537000027],[-92.996701942999948,38.903548829000044],[-92.98528596899996,38.902409121000062],[-92.973870175999991,38.90126941300008],[-92.962454566999952,38.90012970500004],[-92.951039139999978,38.898989996000068],[-92.939623894999954,38.89785028700004],[-92.928208832999985,38.896710578000068],[-92.916793952999967,38.895570869000039],[-92.905379254999957,38.894431159000078],[-92.893964739999944,38.893291450000049],[-92.882550407999986,38.892151740000031],[-92.871136257999979,38.89101202900008],[-92.859722289999979,38.889872319000062],[-92.848308504999977,38.888732608000055],[-92.836894901999983,38.887592897000047],[-92.82548148099994,38.88645318600004],[-92.814068242999952,38.885313475000032],[-92.802655186999971,38.884173764000025],[-92.791242313999987,38.883034052000028],[-92.779829622999955,38.881894340000031],[-92.768417113999988,38.880754628000034],[-92.757004786999971,38.879614915000047],[-92.745592642999952,38.878475202000061],[-92.734180680999941,38.877335490000064],[-92.722768900999938,38.876195777000078],[-92.711357303999989,38.875056063000045],[-92.699945887999945,38.873916350000059],[-92.688534655999945,38.872776636000026],[-92.677123604999963,38.87163692200005],[-92.665712735999989,38.870497208000074],[-92.654302049999956,38.869357493000052],[-92.642891545999987,38.868217779000076],[-92.63148122399997,38.867078064000054],[-92.62007108399996,38.865938349000032],[-92.608661126999948,38.864798633000078],[-92.597251350999954,38.863658918000056],[-92.585841757999958,38.862519202000044],[-92.57443234699997,38.861379486000033],[-92.56302311799999,38.860239770000078],[-92.55161407099996,38.859100053000077],[-92.540205206999985,38.857960337000065],[-92.528796523999972,38.856820620000065],[-92.517388022999967,38.855680903000064],[-92.505979704999959,38.854541185000073],[-92.494571568999959,38.853401468000072],[-92.483163613999977,38.852261750000025],[-92.471755841999936,38.851122032000035],[-92.46034825199996,38.849982314000044],[-92.448940842999946,38.848842595000065],[-92.437533616999985,38.847702877000074],[-92.426126572999976,38.846563158000038],[-92.414719710999975,38.845423439000058],[-92.403313030999982,38.844283719000032],[-92.39190653199995,38.843144000000052],[-92.380500215999973,38.842004280000026],[-92.369094081999947,38.840864560000057],[-92.357688128999939,38.839724840000031],[-92.346282358999986,38.838585119000072],[-92.334876769999937,38.837445399000046],[-92.323471363999943,38.836305678000031],[-92.312066138999967,38.835165956000026],[-92.300661095999942,38.834026235000067],[-92.289256234999982,38.832886514000052],[-92.277851555999973,38.831746792000047],[-92.266447058999972,38.830607070000042],[-92.255042743999979,38.829467348000037],[-92.243638609999948,38.828327625000043],[-92.232234658999971,38.827187902000048],[-92.220830888999956,38.826048179000054],[-92.209427300999948,38.82490845600006],[-92.198023894999949,38.823768733000065],[-92.186620669999968,38.822629009000025],[-92.175217627999984,38.82148928600003],[-92.163814766999963,38.820349562000047],[-92.152412087999949,38.819209837000074],[-92.141009589999953,38.818070113000033],[-92.129607274999955,38.81693038800006],[-92.118205140999976,38.81579066300003],[-92.106803188999947,38.814650938000057],[-92.095401417999938,38.813511213000027],[-92.083999828999936,38.812371487000064],[-92.072598421999942,38.811231761000045],[-92.061197196999956,38.810092035000025],[-92.049796152999988,38.808952309000063],[-92.038395290999972,38.807812583000043],[-92.026994609999974,38.806672856000034],[-92.015594111999974,38.805533129000025],[-92.004193793999946,38.804393402000073],[-91.992793658999972,38.803253674000075],[-91.981393704999959,38.802113947000066],[-91.969993932999955,38.800974219000068],[-91.958594341999969,38.79983449100007],[-91.947194932999992,38.798694763000071],[-91.935795704999975,38.797555034000027],[-91.924396658999967,38.796415306000029],[-91.912997793999978,38.795275577000041],[-91.901599110999939,38.794135847000064],[-91.890200609999965,38.792996118000076],[-91.878802289999953,38.791856388000042],[-91.86740415099996,38.790716659000054],[-91.856006193999974,38.789576929000077],[-91.84460841899994,38.788437198000054],[-91.833210824999981,38.787297468000077],[-91.821813411999983,38.786157737000053],[-91.810416180999937,38.78501800600003],[-91.799019130999966,38.783878275000063],[-91.787622262999946,38.78273854400004],[-91.776225575999945,38.781598812000027],[-91.764829070999951,38.780459080000071],[-91.753432746999977,38.779319348000058],[-91.742036603999964,38.778179616000045],[-91.730640642999958,38.777039883000043],[-91.719244862999972,38.77590015100003],[-91.707849264999936,38.774760418000028],[-91.696453847999976,38.773620685000026],[-91.685058611999978,38.772480951000034],[-91.673663556999941,38.771341218000032],[-91.662268683999969,38.77020148400004],[-91.650873991999958,38.769061750000049],[-91.639479481999956,38.767922015000067],[-91.628085151999983,38.766782281000076],[-91.616691003999961,38.765642546000038],[-91.605297037999946,38.764502811000057],[-91.593903251999961,38.763363076000076],[-91.582509647999984,38.762223341000038],[-91.571116224999969,38.761083605000067],[-91.559722982999972,38.75994386900004],[-91.548329921999937,38.758804133000069],[-91.536937042999966,38.757664397000042],[-91.525544344999958,38.756524660000025],[-91.514151827999967,38.755384924000055],[-91.502759491999939,38.754245187000038],[-91.491367336999986,38.753105450000078],[-91.479975363999984,38.751965712000072],[-91.468583571999943,38.750825974000065],[-91.457191959999989,38.749686237000049],[-91.445800529999985,38.748546499000042],[-91.434409280999944,38.747406760000047],[-91.423018212999978,38.74626702200004],[-91.411627326999962,38.745127283000045],[-91.400236620999976,38.743987544000049],[-91.388846095999952,38.742847805000054],[-91.377455752999936,38.741708065000068],[-91.366065589999948,38.740568326000073],[-91.354675608999969,38.739428586000031],[-91.343285807999962,38.738288846000046],[-91.331896188999963,38.737149106000061],[-91.320506749999936,38.736009365000029],[-91.309117492999974,38.734869624000055],[-91.297728416999973,38.73372988300008],[-91.286339520999945,38.732590142000049],[-91.274950806999982,38.731450401000075],[-91.263562272999991,38.730310659000054],[-91.252173920999951,38.729170917000033],[-91.24078574899994,38.728031175000069],[-91.229397757999948,38.726891433000048],[-91.218009947999974,38.725751690000038],[-91.206622319999951,38.724611948000074],[-91.195234871999958,38.723472205000064],[-91.183847604999983,38.722332462000054],[-91.17246051799998,38.721192718000054],[-91.161073612999985,38.720052974000055],[-91.149686887999962,38.718913231000045],[-91.138300344999948,38.717773487000045],[-91.126913981999962,38.716633742000056],[-91.115527799999938,38.715493998000056],[-91.10414179899999,38.714354253000067],[-91.092755978999946,38.713214508000078],[-91.081370338999989,38.712074763000032],[-91.069984879999936,38.710935017000054],[-91.058599601999958,38.709795272000065],[-91.047214504999943,38.70865552600003],[-91.035829587999956,38.707515780000051],[-91.024444852999977,38.706376033000026],[-91.013060297999971,38.705236287000048],[-91.001675922999937,38.70409654000008],[-90.990291729999967,38.702956793000055],[-90.97890771699997,38.701817046000031],[-90.967523884999991,38.700677299000063],[-90.956140232999985,38.699537551000049],[-90.944756762999987,38.698397803000034],[-90.933373471999971,38.697258055000077],[-90.921990362999964,38.696118307000063],[-90.910607433999985,38.694978558000059],[-90.899224685999968,38.693838809000056],[-90.88784211799998,38.692699060000052],[-90.876459730999954,38.691559311000049],[-90.865077524999947,38.690419562000045],[-90.853695498999969,38.689279812000052],[-90.842313653999952,38.688140062000059],[-90.830931988999964,38.687000312000066],[-90.819550504999938,38.685860562000073],[-90.808169200999941,38.684720811000034],[-90.796788077999963,38.683581060000051],[-90.785407135999947,38.682441309000069],[-90.774026373999959,38.68130155800003],[-90.76264579299999,38.680161807000047],[-90.751265391999937,38.679022055000075],[-90.739885170999969,38.677882303000047],[-90.728505130999963,38.676742551000075],[-90.717125271999976,38.675602799000046],[-90.705745592999961,38.674463046000028],[-90.694366093999975,38.673323293000067],[-90.68298677599995,38.672183540000049],[-90.671607637999955,38.671043787000031],[-90.660228680999978,38.669904034000069],[-90.648849903999974,38.668764280000062],[-90.637471306999942,38.667624526000054],[-90.626092890999985,38.666484772000047],[-90.614714654999943,38.665345018000039],[-90.603336599999977,38.664205263000042],[-90.591958724999984,38.663065509000035],[-90.580581029999962,38.661925754000038],[-90.569203515999959,38.660785998000051],[-90.557826181999985,38.659646243000054],[-90.546449027999984,38.658506487000068],[-90.535072054999944,38.657366731000025],[-90.52369526199999,38.656226975000038],[-90.512318648999951,38.655087219000052],[-90.500942215999942,38.653947462000076],[-90.489565963999951,38.652807706000033],[-90.478189891999989,38.651667949000057],[-90.466813999999943,38.650528191000035],[-90.455438288999972,38.649388434000059],[-90.444062756999983,38.648248676000037],[-90.432687405999957,38.647108918000072],[-90.421312234999959,38.64596916000005],[-90.409937244999981,38.644829402000028],[-90.398562433999984,38.643689643000073],[-90.38718780399995,38.642549884000061],[-90.375813352999955,38.64141012500005],[-90.364439082999979,38.640270366000038],[-90.353064993999965,38.639130607000027],[-90.34169108399999,38.637990847000026],[-90.330317353999988,38.636851087000025],[-90.318943804999947,38.635711327000024],[-90.307570434999946,38.63457156700008],[-90.296197245999963,38.633431806000033],[-90.284824235999963,38.632292045000042],[-90.273451406999982,38.631152284000052],[-90.262078757999973,38.630012523000062],[-90.250706288999936,38.628872762000071],[-90.239333999999985,38.627733000000035]]},"properties":{"OID":38,"Product_Type_i":"Semicooked","From_ID":"Retailer1","From_Node":"Harvesters Community Food Network","From_City_Area":"Kansas City","From_State":"MO","From_Latitude":39.055128000000003,"From_Longitude":-94.516656999999995,"Product_Type_j":" Semicooked","To_ID":"Market1","To_Node":"St. Louis Metro Market","To_City_Area":"St. Louis Metro","To_State":"MO–IL","To_Latitude":38.627732999999999,"To_Longitude":-90.239333999999999,"Quantity":2881.645,"ORIG_FID":40,"Shape_Length":4.2986229289154041}},{"type":"Feature","id":39,"geometry":{"type":"LineString","coordinates":[[-94.516656999999952,39.055128000000025],[-94.507278467999981,39.051207912000052],[-94.497900454999979,39.047287821000054],[-94.488522959999955,39.043367728000078],[-94.479145982999967,39.039447632000076],[-94.469769524999947,39.03552753300005],[-94.460393583999974,39.031607432000044],[-94.451018160999979,39.02768732800007],[-94.441643256999953,39.023767221000071],[-94.432268868999984,39.019847112000036],[-94.422894999999983,39.015927000000033]]},"properties":{"OID":39,"Product_Type_i":"Semicooked","From_ID":"Retailer1","From_Node":"Harvesters Community Food Network","From_City_Area":"Kansas City","From_State":"MO","From_Latitude":39.055128000000003,"From_Longitude":-94.516656999999995,"Product_Type_j":" Semicooked","To_ID":"Market2","To_Node":"Kansas City Metro Market","To_City_Area":"Kansas City Metro","To_State":"MO–KS","To_Latitude":39.015926999999998,"To_Longitude":-94.422894999999997,"Quantity":2259.9520000000002,"ORIG_FID":41,"Shape_Length":0.10162692103349488}},{"type":"Feature","id":40,"geometry":{"type":"LineString","coordinates":[[-90.239333999999985,38.627733000000035],[-90.249126155999988,38.623063853000076],[-90.258917676999943,38.618394703000035],[-90.268708563999951,38.613725548000048],[-90.278498814999978,38.609056390000035],[-90.288288432999991,38.604387228000064],[-90.298077415999956,38.599718063000068],[-90.307865764999974,38.595048893000069],[-90.317653478999944,38.590379720000044],[-90.327440559999957,38.585710544000051],[-90.337227006999967,38.581041363000054],[-90.347012820999964,38.576372179000032],[-90.356798000999959,38.571702991000052],[-90.36658254799994,38.567033799000058],[-90.376366460999975,38.562364604000038],[-90.386149741999986,38.557695405000061],[-90.395932389999984,38.553026202000069],[-90.405714404999969,38.548356995000063],[-90.415495786999941,38.543687785000031],[-90.425276537999991,38.539018571000042],[-90.435056654999983,38.534349353000039],[-90.444836140999939,38.529680131000077],[-90.454614994999986,38.525010906000034],[-90.464393216999952,38.520341677000033],[-90.47417080699995,38.515672444000074],[-90.483947764999982,38.511003207000044],[-90.493724092999969,38.506333967000046],[-90.503499788999989,38.501664723000033],[-90.513274853999974,38.496995476000052],[-90.523049287999982,38.492326224000067],[-90.532823090999955,38.487656969000057],[-90.54259626299995,38.482987710000032],[-90.552368804999958,38.478318447000049],[-90.562140716999977,38.473649181000042],[-90.571911997999962,38.468979911000076],[-90.581682648999958,38.46431063700004],[-90.591452670999956,38.459641360000035],[-90.601222061999977,38.454972078000026],[-90.610990823999941,38.450302793000048],[-90.620758956999964,38.445633504000057],[-90.630526459999942,38.44096421200004],[-90.640293332999988,38.436294916000065],[-90.650059577999968,38.431625616000076],[-90.65982519399995,38.426956312000073],[-90.66959018099999,38.422287005000044],[-90.679354539999963,38.417617694000057],[-90.689118269999938,38.412948379000056],[-90.69888137099997,38.408279060000041],[-90.708643844999983,38.403609738000057],[-90.71840568999994,38.398940412000059],[-90.728166907999992,38.394271082000046],[-90.737927497999976,38.389601748000075],[-90.747687459999952,38.384932411000079],[-90.757446794999964,38.380263070000069],[-90.767205501999968,38.375593725000044],[-90.776963581999951,38.370924377000051],[-90.786721034999971,38.366255025000044],[-90.796477861999961,38.361585669000078],[-90.806234060999941,38.356916309000042],[-90.815989633999948,38.352246946000037],[-90.825744580999981,38.347577579000074],[-90.835498900999937,38.34290820800004],[-90.845252594999977,38.338238833000048],[-90.855005662999986,38.333569455000031],[-90.864758105999954,38.328900073000057],[-90.874509921999959,38.324230687000068],[-90.88426111299998,38.319561298000053],[-90.894011678999959,38.314891905000025],[-90.903761618999965,38.310222508000038],[-90.913510933999987,38.305553107000037],[-90.923259623999968,38.300883703000068],[-90.933007688999965,38.296214295000027],[-90.942755129999966,38.291544883000029],[-90.952501945999984,38.286875467000073],[-90.96224813699996,38.282206048000035],[-90.971993704999988,38.277536625000039],[-90.981738647999975,38.272867198000029],[-90.991482966999968,38.26819776800005],[-91.001226661999965,38.263528334000057],[-91.010969733999957,38.258858896000049],[-91.020712181999954,38.254189454000027],[-91.030454006999946,38.249520009000037],[-91.040195207999943,38.244850560000032],[-91.049935785999935,38.240181107000069],[-91.059675741999968,38.235511651000024],[-91.069415073999949,38.230842190000033],[-91.079153783999971,38.226172726000073],[-91.088891870999987,38.221503259000031],[-91.098629335999988,38.216833787000041],[-91.108366178999972,38.212164312000027],[-91.118102398999952,38.207494833000055],[-91.127837997999961,38.202825351000058],[-91.137572973999966,38.198155864000057],[-91.147307328999943,38.193486374000031],[-91.157041062999951,38.188816881000037],[-91.166774174999944,38.184147383000038],[-91.176506665999966,38.179477882000072],[-91.186238534999973,38.174808377000033],[-91.195969783999942,38.170138868000038],[-91.205700411999942,38.165469356000074],[-91.215430418999972,38.160799840000038],[-91.225159805999965,38.156130320000045],[-91.234888571999988,38.151460796000038],[-91.244616718999964,38.146791269000062],[-91.25434424499997,38.142121738000071],[-91.264071150999939,38.137452203000066],[-91.273797436999985,38.132782665000036],[-91.283523102999936,38.128113123000048],[-91.293248149999954,38.123443577000046],[-91.302972577999981,38.118774027000029],[-91.312696385999971,38.114104474000044],[-91.322419575999959,38.109434917000044],[-91.332142145999967,38.10476535600003],[-91.341864097999974,38.100095792000047],[-91.35158543099999,38.095426223000061],[-91.361306144999958,38.090756652000039],[-91.371026240999981,38.086087076000069],[-91.380745718999947,38.081417497000075],[-91.390464577999978,38.076747913000077],[-91.400182819999941,38.072078327000042],[-91.409900443999959,38.067408736000061],[-91.419617449999976,38.062739142000055],[-91.42933383899998,38.058069544000034],[-91.439049609999984,38.053399942000055],[-91.448764763999975,38.048730337000052],[-91.458479300999954,38.044060728000034],[-91.468193220999979,38.039391115000058],[-91.477906523999991,38.034721498000067],[-91.487619210999981,38.030051878000052],[-91.497331280999958,38.025382254000078],[-91.507042733999981,38.020712626000034],[-91.516753571999971,38.016042995000078],[-91.526463792999948,38.01137336000005],[-91.53617339799996,38.006703721000065],[-91.545882387999939,38.002034078000065],[-91.555590761999952,37.99736443200004],[-91.565298519999942,37.992694782000058],[-91.575005662999956,37.988025128000061],[-91.584712190999937,37.983355471000039],[-91.594418102999953,37.978685810000059],[-91.604123400999981,37.974016145000064],[-91.613828083999977,37.969346476000055],[-91.623532151999939,37.964676804000078],[-91.633235604999982,37.960007128000029],[-91.642938443999981,37.95533744800008],[-91.652640668999936,37.950667764000059],[-91.662342279999962,37.94599807700007],[-91.672043276999943,37.941328386000066],[-91.681743659999938,37.936658692000037],[-91.691443428999946,37.931988993000061],[-91.701142584999957,37.92731929100006],[-91.71084112799997,37.922649586000034],[-91.720539056999939,37.917979876000061],[-91.730236372999968,37.913310163000062],[-91.739933075999943,37.908640446000049],[-91.749629165999977,37.903970725000079],[-91.759324643999946,37.899301001000026],[-91.769019508999975,37.894631273000073],[-91.778713760999949,37.889961541000048],[-91.788407400999972,37.885291806000055],[-91.798100429999977,37.880622066000058],[-91.807792845999984,37.875952324000025],[-91.817484649999983,37.871282577000045],[-91.827175842999964,37.86661282700004],[-91.836866423999936,37.861943073000077],[-91.846556393999947,37.857273315000043],[-91.85624575199995,37.852603553000051],[-91.865934498999991,37.847933788000034],[-91.875622635999946,37.84326401900006],[-91.88531016099995,37.83859424700006],[-91.894997075999981,37.833924470000056],[-91.904683379999938,37.829254690000027],[-91.914369073999978,37.824584906000041],[-91.924054156999944,37.819915119000029],[-91.933738629999937,37.81524532800006],[-91.943422492999957,37.810575533000076],[-91.953105746999938,37.805905734000078],[-91.962788389999957,37.801235932000054],[-91.972470424999983,37.796566126000073],[-91.98215184899999,37.791896316000077],[-91.991832664999947,37.787226503000056],[-92.001512870999989,37.782556686000078],[-92.01119246799999,37.777886865000028],[-92.020871455999952,37.773217040000077],[-92.030549835999977,37.768547212000044],[-92.040227606999963,37.763877380000054],[-92.049904768999966,37.759207544000049],[-92.059581322999975,37.754537705000075],[-92.069257268999991,37.749867862000031],[-92.078932606999956,37.745198015000028],[-92.088607336999985,37.740528164000068],[-92.098281458999963,37.735858310000026],[-92.107954973999938,37.731188452000026],[-92.117627880999976,37.726518590000069],[-92.127300180999953,37.721848725000029],[-92.136971873999983,37.717178856000032],[-92.146642958999962,37.712508983000077],[-92.156313437999984,37.707839107000041],[-92.165983309999945,37.703169226000057],[-92.175652574999958,37.698499343000037],[-92.185321233999957,37.693829455000071],[-92.194989285999952,37.689159564000079],[-92.204656731999989,37.684489669000072],[-92.214323571999955,37.679819770000051],[-92.223989806999953,37.675149867000073],[-92.233655434999946,37.670479961000069],[-92.243320457999971,37.665810051000051],[-92.252984874999981,37.661140138000064],[-92.262648686999967,37.656470220000074],[-92.272311892999937,37.651800299000058],[-92.281974494999986,37.647130375000074],[-92.291636490999963,37.64246044600003],[-92.301297882999961,37.637790514000073],[-92.310958669999991,37.633120578000046],[-92.320618852999985,37.62845063900005],[-92.330278430999954,37.62378069600004],[-92.339937404999944,37.619110749000072],[-92.349595773999965,37.614440798000032],[-92.359253539999941,37.609770844000025],[-92.368910701999937,37.605100886000059],[-92.378567259999954,37.600430924000079],[-92.388223214999982,37.595760958000028],[-92.397878565999974,37.591090989000065],[-92.407533313999977,37.586421016000031],[-92.41718745899999,37.581751040000029],[-92.426840999999968,37.577081060000069],[-92.436493938999945,37.572411076000037],[-92.446146275999979,37.567741088000048],[-92.455798008999977,37.563071097000034],[-92.465449139999976,37.558401101000072],[-92.475099668999974,37.553731103000075],[-92.484749595999972,37.549061100000074],[-92.494398919999981,37.544391094000048],[-92.504047642999979,37.539721084000064],[-92.513695763999976,37.535051070000065],[-92.523343283999964,37.530381053000042],[-92.532990200999961,37.525711032000061],[-92.542636517999938,37.521041007000065],[-92.552282232999971,37.516370979000044],[-92.561927347999983,37.511700947000065],[-92.571571860999939,37.507030911000072],[-92.581215773999986,37.502360872000054],[-92.590859085999966,37.497690828000032],[-92.600501796999936,37.493020781000041],[-92.610143907999941,37.488350731000025],[-92.619785418999982,37.483680676000063],[-92.629426329999944,37.479010618000075],[-92.639066640999943,37.474340557000062],[-92.648706351999977,37.469670491000045],[-92.658345462999989,37.46500042200006],[-92.66798397499997,37.46033034900006],[-92.677621886999987,37.455660273000035],[-92.687259199999971,37.450990193000052],[-92.696895913999981,37.446320109000055],[-92.706532028999959,37.441650021000044],[-92.716167544999962,37.436979930000064],[-92.72580246299998,37.432309835000069],[-92.735436781999965,37.42763973600006],[-92.745070501999976,37.422969634000026],[-92.754703624999991,37.418299528000034],[-92.764336148999973,37.413629418000028],[-92.773968074999971,37.408959304000064],[-92.783599402999982,37.404289187000074],[-92.793230132999952,37.399619066000071],[-92.802860265999982,37.394948941000052],[-92.81248980099997,37.390278813000066],[-92.822118738999961,37.385608681000065],[-92.831747079999957,37.380938545000049],[-92.841374823999956,37.376268406000065],[-92.85100197099996,37.371598263000067],[-92.860628520999967,37.366928116000054],[-92.870254473999978,37.362257966000072],[-92.879879830999982,37.35758781100003],[-92.88950459199998,37.352917654000066],[-92.899128755999982,37.348247492000041],[-92.908752323999977,37.343577327000048],[-92.918375296999955,37.33890715800004],[-92.927997672999936,37.334236985000075],[-92.937619453999957,37.329566809000028],[-92.947240638999972,37.324896629000079],[-92.956861228999969,37.32022644500006],[-92.966481223999949,37.315556258000072],[-92.976100622999979,37.31088606600008],[-92.985719427999982,37.306215872000053],[-92.995337636999977,37.301545673000078],[-93.004955251999945,37.296875471000078],[-93.014572272999942,37.292205265000064],[-93.024188697999989,37.287535055000035],[-93.033804529999941,37.282864842000038],[-93.043419767999978,37.278194625000026],[-93.053034410999942,37.273524404000057],[-93.062648460999981,37.268854180000062],[-93.072261915999945,37.264183952000053],[-93.081874777999985,37.259513720000029],[-93.091487046999987,37.254843485000038],[-93.101098721999961,37.250173245000042],[-93.110709804999942,37.245503003000067],[-93.120320293999953,37.240832756000032],[-93.129930189999982,37.236162506000028],[-93.139539492999972,37.231492252000066],[-93.149148203999971,37.226821994000034],[-93.158756321999988,37.222151733000032],[-93.168363847999956,37.217481468000074],[-93.177970780999942,37.212811199000043],[-93.187577121999936,37.208140927000045],[-93.197182871999985,37.203470651000032],[-93.206788028999938,37.198800371000061],[-93.216392594999945,37.194130088000065],[-93.22599656999995,37.189459800000066],[-93.235599951999973,37.18478951000003],[-93.245202743999982,37.180119215000047],[-93.254804943999943,37.17544891700004],[-93.264406553999947,37.170778615000074],[-93.27400757199996,37.166108309000037],[-93.283607999999958,37.161438000000032]]},"properties":{"OID":40,"Product_Type_i":"Semicooked","From_ID":"Retailer3","From_Node":"St. Louis Metro Market","From_City_Area":"St. Louis Metro","From_State":"MO–IL","From_Latitude":38.627732999999999,"From_Longitude":-90.239333999999999,"Product_Type_j":" Semicooked","To_ID":"Market3","To_Node":"Springfield Consumer Market","To_City_Area":"Springfield","To_State":"MO","To_Latitude":37.161437999999997,"To_Longitude":-93.283608000000001,"Quantity":213.417,"ORIG_FID":42,"Shape_Length":3.3790063468263596}},{"type":"Feature","id":41,"geometry":{"type":"LineString","coordinates":[[-90.239333999999985,38.627733000000035],[-90.23373718299996,38.635585481000078],[-90.228139754999972,38.643437951000067],[-90.222541716999956,38.651290410000058],[-90.216943066999988,38.659142859000042],[-90.211343805999945,38.666995298000074],[-90.205743933999941,38.674847726000053],[-90.200143448999938,38.682700143000034],[-90.194542352999974,38.690552550000064],[-90.188940643999956,38.698404946000039],[-90.183338322999987,38.706257331000074],[-90.177735388999963,38.714109706000045],[-90.172131841999942,38.721962071000064],[-90.166527680999991,38.729814425000029],[-90.160922907999975,38.737666768000054],[-90.155317519999983,38.74551910100007],[-90.149711517999947,38.753371423000033],[-90.14410490299997,38.761223734000055],[-90.138497672999961,38.769076035000069],[-90.132889827999975,38.776928326000075],[-90.127281367999956,38.784780605000037],[-90.121672292999961,38.792632875000038],[-90.116062601999943,38.800485133000052],[-90.110452295999949,38.808337381000058],[-90.104841373999989,38.816189619000056],[-90.09922983599995,38.824041846000057],[-90.093617681999945,38.83189406200006],[-90.088004910999985,38.839746268000056],[-90.082391522999956,38.847598463000054],[-90.076777517999972,38.855450647000055],[-90.071162895999976,38.863302821000048],[-90.065547655999978,38.871154985000032],[-90.05993179799998,38.879007138000077],[-90.054315321999979,38.886859280000067],[-90.048698227999978,38.89471141100006],[-90.043080514999986,38.902563532000045],[-90.037462183999935,38.910415643000078],[-90.031843232999961,38.918267743000058],[-90.026223663999986,38.92611983200004],[-90.020603474999973,38.933971911000071],[-90.01498266599998,38.941823979000048],[-90.009361236999951,38.949676036000028],[-90.003739186999951,38.957528083000057],[-89.998116517999961,38.965380119000031],[-89.992493226999954,38.973232145000054],[-89.986869315999968,38.98108416000008],[-89.981244783999955,38.988936165000041],[-89.975619629999983,38.996788159000062],[-89.969993853999938,39.004640142000028],[-89.964367455999991,39.012492115000043],[-89.95874043699996,39.020344077000061],[-89.953112793999935,39.028196028000025],[-89.94748452999994,39.036047969000037],[-89.94185564199995,39.043899899000053],[-89.936226130999955,39.05175181900006],[-89.930595996999955,39.05960372800007],[-89.92496523899996,39.067455627000072],[-89.91933385699997,39.075307515000077],[-89.913701850999985,39.083159392000027],[-89.908069220999948,39.091011259000027],[-89.902435965999985,39.098863115000029],[-89.896802086999969,39.106714960000033],[-89.89116758199998,39.11456679500003],[-89.88553245199995,39.122418620000076],[-89.879896695999946,39.130270433000078],[-89.874260313999969,39.138122236000072],[-89.86862330699995,39.145974029000058],[-89.862985672999969,39.153825811000047],[-89.857347412999957,39.161677582000038],[-89.851708524999935,39.169529342000033],[-89.84606901099994,39.177381093000065],[-89.840428868999936,39.185232832000054],[-89.834788099999969,39.193084561000035],[-89.829146702999935,39.200936279000075],[-89.823504677999949,39.208787986000061],[-89.817862024999954,39.216639683000039],[-89.81221874299996,39.224491370000067],[-89.806574832999956,39.23234304600004],[-89.800930292999965,39.240194711000072],[-89.795285124999964,39.24804636500005],[-89.789639325999985,39.255898009000077],[-89.783992897999951,39.26374964200005],[-89.778345839999986,39.271601265000072],[-89.772698151999975,39.27945287700004],[-89.767049832999987,39.287304478000067],[-89.761400883999954,39.295156069000029],[-89.755751302999954,39.303007649000051],[-89.750101090999976,39.310859219000065],[-89.744450247999964,39.318710778000025],[-89.738798772999985,39.326562326000044],[-89.733146666999971,39.334413864000055],[-89.727493926999955,39.342265391000069],[-89.721840555999961,39.350116908000075],[-89.716186551999954,39.357968413000037],[-89.710531913999944,39.365819909000038],[-89.704876643999967,39.373671393000052],[-89.699220739999987,39.381522867000058],[-89.693564202999937,39.389374331000056],[-89.687907030999952,39.397225783000067],[-89.682249224999964,39.40507722500007],[-89.676590784999973,39.412928657000066],[-89.670931709999991,39.420780078000064],[-89.665272000999948,39.428631488000065],[-89.659611655999981,39.436482887000068],[-89.653950674999976,39.444334276000063],[-89.648289058999978,39.452185655000051],[-89.642626806999942,39.460037022000051],[-89.636963918999982,39.467888379000044],[-89.631300393999936,39.475739726000029],[-89.625636232999966,39.483591062000073],[-89.619971434999968,39.491442387000063],[-89.614305998999953,39.499293701000056],[-89.608639925999967,39.507145005000041],[-89.602973215999953,39.514996298000028],[-89.597305866999989,39.522847581000065],[-89.59163788099994,39.530698853000047],[-89.585969255999942,39.538550114000031],[-89.580299991999937,39.546401365000065],[-89.574630088999982,39.554252605000045],[-89.568959546999963,39.562103835000073],[-89.563288365999938,39.569955053000058],[-89.557616544999973,39.577806262000024],[-89.551944083999956,39.58565745900006],[-89.546270982999943,39.593508646000032],[-89.54059724199999,39.601359822000063],[-89.534922859999938,39.609210988000029],[-89.529247836999957,39.617062143000055],[-89.523572171999945,39.624913287000027],[-89.517895866999936,39.632764421000047],[-89.512218918999963,39.64061554400007],[-89.506541329999948,39.648466656000039],[-89.500863097999968,39.656317758000057],[-89.495184223999956,39.664168849000077],[-89.48950470799997,39.672019930000033],[-89.483824547999973,39.679870999000059],[-89.478143744999954,39.687722058000077],[-89.472462298999972,39.69557310700003],[-89.466780208999978,39.703424145000042],[-89.461097474999974,39.711275172000057],[-89.455414096999959,39.719126189000065],[-89.449730074999991,39.726977195000075],[-89.444045406999976,39.73482819000003],[-89.43836009499995,39.742679175000035],[-89.432674137999982,39.750530148000053],[-89.426987534999967,39.758381112000052],[-89.421300285999962,39.766232064000064],[-89.415612391999957,39.774083007000058],[-89.409923850999974,39.781933938000066],[-89.404234663999944,39.789784859000065],[-89.398544829999935,39.797635769000067],[-89.392854348999947,39.805486668000071],[-89.38716322099998,39.813337557000068],[-89.381471444999988,39.821188435000067],[-89.375779020999971,39.829039302000069],[-89.370085949999975,39.836890159000063],[-89.364392229999964,39.84474100500006],[-89.358697861999985,39.852591841000049],[-89.353002844999935,39.86044266600004],[-89.347307178999984,39.868293480000034],[-89.341610863999961,39.876144283000031],[-89.335913898999991,39.883995076000076],[-89.330216284999949,39.891845858000067],[-89.324518019999971,39.899696630000051],[-89.318819104999989,39.907547391000037],[-89.313119539999946,39.915398141000026],[-89.307419322999976,39.923248880000074],[-89.301718455999946,39.931099609000057],[-89.29601693799998,39.938950328000033],[-89.290314766999984,39.946801035000078],[-89.284611944999938,39.954651732000059],[-89.278908470999966,39.962502418000042],[-89.273204344999954,39.970353094000075],[-89.267499565999969,39.978203759000053],[-89.261794133999956,39.986054413000033],[-89.25608804899997,39.993905056000074],[-89.250381310999956,40.001755689000049],[-89.244673918999979,40.009606312000074],[-89.238965872999984,40.017456923000054],[-89.233257173999959,40.025307524000027],[-89.227547818999938,40.033158114000059],[-89.221837809999954,40.041008694000027],[-89.216127146999952,40.048859263000054],[-89.210415827999952,40.056709821000027],[-89.204703852999955,40.064560368000059],[-89.19899122299995,40.072410905000027],[-89.193277936999948,40.080261432000043],[-89.187563994999948,40.088111947000073],[-89.181849395999961,40.095962452000038],[-89.176134140999977,40.103812946000062],[-89.170418228999949,40.111663430000078],[-89.164701658999945,40.119513902000051],[-89.158984431999954,40.127364365000062],[-89.153266547999976,40.13521481600003],[-89.147548004999976,40.143065257000046],[-89.141828803999942,40.150915687000065],[-89.136108944999989,40.158766107000076],[-89.130388426999957,40.166616515000044],[-89.12466724899997,40.17446691300006],[-89.118945412999949,40.182317301000069],[-89.113222916999973,40.19016767800008],[-89.107499760999985,40.198018044000037],[-89.101775944999986,40.205868399000053],[-89.096051468999974,40.213718744000062],[-89.090326331999961,40.221569078000073],[-89.084600534999936,40.22941940100003],[-89.078874075999977,40.237269714000035],[-89.07314695599996,40.245120016000044],[-89.067419173999951,40.252970307000055],[-89.061690730999942,40.260820588000058],[-89.055961624999952,40.268670858000064],[-89.050231856999972,40.276521117000073],[-89.044501425999954,40.284371366000073],[-89.038770331999956,40.29222160300003],[-89.033038575999967,40.300071831000025],[-89.027306154999962,40.307922047000034],[-89.021573070999978,40.315772253000034],[-89.015839322999966,40.323622448000037],[-89.010104910999985,40.331472633000033],[-89.004369833999988,40.339322806000041],[-88.998634092999964,40.347172969000042],[-88.992897686999981,40.355023122000034],[-88.987160614999937,40.362873264000029],[-88.981422877999989,40.370723395000027],[-88.97568447499998,40.378573515000028],[-88.969945405999965,40.386423625000077],[-88.964205669999956,40.394273723000026],[-88.958465267999941,40.40212381200007],[-88.952724198999988,40.409973889000071],[-88.946982463999973,40.417823956000063],[-88.941240059999984,40.425674012000059],[-88.935496988999944,40.433524058000046],[-88.929753250999966,40.441374093000036],[-88.924008843999957,40.449224117000028],[-88.918263767999974,40.45707413000008],[-88.912518023999951,40.464924133000068],[-88.906771610999954,40.472774125000058],[-88.901024528999983,40.48062410600005],[-88.895276777999982,40.488474077000035],[-88.889528355999971,40.496324037000079],[-88.883779264999987,40.504173986000069],[-88.878029502999937,40.512023925000051],[-88.87227907099998,40.519873852000046],[-88.866527967999957,40.52772377000008],[-88.860776193999982,40.53557367600007],[-88.85502374899994,40.543423572000052],[-88.849270631999957,40.551273457000036],[-88.843516842999975,40.55912333100008],[-88.837762381999937,40.56697319500006],[-88.832007248999957,40.574823048000042],[-88.82625144299999,40.582672890000026],[-88.820494964999966,40.59052272200006],[-88.814737812999965,40.59837254200005],[-88.808979986999987,40.606222352000032],[-88.803221487999963,40.614072152000062],[-88.797462314999962,40.621921941000039],[-88.791702467999983,40.629771719000075],[-88.78594194599998,40.637621486000057],[-88.780180749999943,40.645471243000031],[-88.774418877999949,40.653320989000065],[-88.768656331999978,40.661170724000044],[-88.762893108999947,40.669020448000026],[-88.757129210999949,40.676870162000057],[-88.751364636999938,40.684719865000034],[-88.745599385999981,40.692569558000059],[-88.739833458999954,40.700419239000041],[-88.73406685499998,40.708268910000072],[-88.728299572999958,40.716118570000049],[-88.72253161499998,40.723968220000074],[-88.716762977999963,40.731817859000046],[-88.710993663999943,40.739667487000077],[-88.705223670999942,40.747517104000053],[-88.699452999999949,40.755366711000079],[-88.693681649999974,40.76321630700005],[-88.68790962199995,40.771065892000024],[-88.682136912999965,40.778915467000047],[-88.676363525999989,40.786765031000073],[-88.670589457999938,40.794614584000044],[-88.664814709999973,40.802464126000075],[-88.659039281999981,40.810313658000041],[-88.65326317399996,40.818163179000067],[-88.64748638399999,40.826012689000038],[-88.641708912999945,40.833862189000058],[-88.635930760999941,40.841711678000024],[-88.630151926999986,40.84956115600005],[-88.624372410999968,40.857410623000078],[-88.618592212999943,40.865260080000041],[-88.612811332999968,40.873109526000064],[-88.607029768999951,40.880958961000033],[-88.601247522999984,40.888808386000051],[-88.595464592999974,40.896657800000071],[-88.589680978999979,40.904507203000037],[-88.583896681999988,40.912356595000062],[-88.578111700999955,40.92020597700008],[-88.572326034999946,40.928055348000044],[-88.566539683999963,40.935904708000066],[-88.560752648999937,40.943754058000025],[-88.554964927999947,40.951603397000042],[-88.549176521999982,40.959452725000062],[-88.543387429999939,40.967302042000028],[-88.537597651999988,40.975151349000043],[-88.531807187999959,40.983000645000061],[-88.526016036999977,40.990849930000024],[-88.520224199999973,40.998699204000047],[-88.514431674999969,41.006548468000062],[-88.508638462999954,41.01439772100008],[-88.50284456299994,41.022246963000043],[-88.497049974999982,41.030096195000056],[-88.491254698999967,41.037945416000071],[-88.485458734999952,41.045794626000031],[-88.479662081999948,41.053643825000051],[-88.473864739999954,41.061493014000064],[-88.468066707999981,41.069342192000079],[-88.462267986999962,41.077191359000039],[-88.456468575999963,41.085040516000049],[-88.450668475999976,41.092889662000061],[-88.444867683999973,41.100738797000076],[-88.439066201999935,41.108587921000037],[-88.433264028999986,41.116437034000057],[-88.427461164999954,41.12428613700007],[-88.421657609999954,41.132135229000028],[-88.41585336199995,41.139984311000035],[-88.410048422999978,41.147833381000055],[-88.404242791999991,41.155682441000067],[-88.398436466999954,41.163531491000072],[-88.392629449999959,41.171380529000032],[-88.386821739999959,41.179229557000042],[-88.381013336999956,41.187078574000054],[-88.37520423999996,41.194927580000069],[-88.369394448999969,41.202776576000076],[-88.36358396299994,41.21062556000004],[-88.357772783999962,41.218474534000052],[-88.351960908999956,41.226323498000056],[-88.346148338999967,41.234172450000074],[-88.340335074999984,41.242021392000026],[-88.334521113999983,41.249870323000039],[-88.328706457999942,41.257719244000043],[-88.32289110499994,41.265568153000061],[-88.317075056999954,41.27341705200007],[-88.31125831099996,41.281265941000072],[-88.305440868999938,41.28911481800003],[-88.299622728999964,41.296963685000037],[-88.293803891999971,41.304812541000047],[-88.287984356999971,41.312661386000059],[-88.282164122999973,41.320510220000074],[-88.276343191999956,41.328359044000081],[-88.270521561999942,41.336207857000034],[-88.264699232999988,41.344056660000035],[-88.258876204999979,41.35190545100005],[-88.253052476999983,41.359754232000057],[-88.24722804999999,41.367603002000067],[-88.241402922999953,41.375451761000079],[-88.23557709499994,41.383300510000026],[-88.22975056699994,41.391149248000033],[-88.223923337999963,41.398997975000043],[-88.218095407999954,41.406846691000055],[-88.212266776999968,41.41469539700006],[-88.20643744399996,41.422544092000066],[-88.200607408999986,41.430392776000076],[-88.194776670999943,41.438241449000031],[-88.18894523199998,41.446090112000036],[-88.18311308899996,41.453938764000043],[-88.177280242999984,41.461787405000052],[-88.17144669399994,41.469636035000065],[-88.16561244199994,41.477484655000069],[-88.15977748499995,41.485333264000076],[-88.153941824999947,41.493181862000029],[-88.148105459999954,41.501030449000041],[-88.14226838999997,41.508879026000045],[-88.136430614999938,41.516727592000052],[-88.130592134999972,41.524576147000062],[-88.124752948999969,41.532424691000074],[-88.118913057999976,41.540273225000078],[-88.113072459999955,41.548121748000028],[-88.107231155999955,41.555970260000038],[-88.101389144999985,41.56381876100005],[-88.095546427999977,41.571667252000054],[-88.089703002999954,41.579515732000061],[-88.083858869999972,41.587364201000071],[-88.078014029999963,41.595212660000072],[-88.072168481999938,41.60306110700003],[-88.066322224999965,41.610909544000037],[-88.060475258999986,41.618757970000047],[-88.054627584999935,41.626606386000049],[-88.048779201999935,41.634454791000053],[-88.04293010799995,41.64230318400007],[-88.03708030599995,41.650151568000069],[-88.031229792999966,41.657999940000025],[-88.025378569999987,41.665848302000029],[-88.019526635999966,41.673696653000036],[-88.013673990999962,41.681544993000045],[-88.007820634999973,41.689393322000058],[-88.001966567999943,41.697241641000062],[-87.996111787999951,41.705089949000069],[-87.990256296999974,41.712938246000078],[-87.984400093999966,41.720786532000034],[-87.978543177999939,41.728634808000038],[-87.972685548999948,41.736483072000055],[-87.966827205999948,41.744331327000054],[-87.960968150999975,41.752179570000067],[-87.955108380999945,41.760027802000025],[-87.949247897999953,41.767876024000032],[-87.943386699999962,41.775724235000041],[-87.937524787999962,41.783572436000043],[-87.931662160999963,41.791420625000057],[-87.925798818999965,41.799268804000064],[-87.919934760999979,41.807116972000074],[-87.914069987999937,41.814965129000029],[-87.908204497999975,41.822813276000034],[-87.902338291999968,41.83066141200004],[-87.896471369999972,41.83850953700005],[-87.890603730999942,41.846357651000062],[-87.884735374999991,41.854205754000077],[-87.87886630099996,41.862053847000027],[-87.872996508999961,41.869901929000036],[-87.867125999999985,41.877750000000049]]},"properties":{"OID":41,"Product_Type_i":"Semicooked","From_ID":"Retailer3","From_Node":"St. Louis Metro Market","From_City_Area":"St. Louis Metro","From_State":"MO–IL","From_Latitude":38.627732999999999,"From_Longitude":-90.239333999999999,"Product_Type_j":" Semicooked","To_ID":"Market4","To_Node":"Chicago Metro Market","To_City_Area":"Chicago","To_State":"IL","To_Latitude":41.877749999999999,"To_Longitude":-87.867125999999999,"Quantity":4958.0789999999997,"ORIG_FID":43,"Shape_Length":4.0237667358191018}},{"type":"Feature","id":42,"geometry":{"type":"LineString","coordinates":[[-90.239333999999985,38.627733000000035],[-90.233996422999951,38.635682833000033],[-90.22865825699995,38.643632656000079],[-90.223319500999935,38.651582468000072],[-90.217980154999964,38.659532269000067],[-90.21264021799999,38.667482059000065],[-90.207299690999946,38.675431838000065],[-90.201958573999946,38.683381607000058],[-90.196616864999953,38.691331364000064],[-90.191274564999958,38.699281111000062],[-90.18593167399996,38.707230847000062],[-90.18058819099997,38.715180572000065],[-90.175244115999988,38.72313028700006],[-90.169899448999956,38.731079990000069],[-90.16455418999999,38.739029683000069],[-90.159208337999985,38.746979364000026],[-90.153861892999942,38.754929035000032],[-90.148514854999974,38.76287869500004],[-90.143167223999967,38.770828345000041],[-90.137818999999979,38.778777983000055],[-90.132470180999974,38.78672761100006],[-90.127120768999987,38.794677227000079],[-90.121770761999983,38.802626833000033],[-90.116420160999951,38.810576428000047],[-90.111068964999959,38.818526012000063],[-90.105717173999949,38.826475586000072],[-90.100364787999979,38.834425148000037],[-90.095011806999935,38.84237470000005],[-90.089658229999941,38.850324241000067],[-90.08430405699994,38.858273771000029],[-90.078949286999944,38.86622329000005],[-90.073593921999986,38.874172798000075],[-90.068237959999976,38.882122295000045],[-90.06288140099997,38.890071782000064],[-90.057524244999968,38.898021257000039],[-90.052166491999969,38.905970722000063],[-90.046808140999985,38.913920176000033],[-90.041449191999959,38.921869619000063],[-90.036089645999937,38.929819051000038],[-90.030729500999939,38.937768473000062],[-90.025368757999956,38.945717883000043],[-90.020007415999942,38.953667283000073],[-90.014645474999952,38.961616672000048],[-90.009282934999987,38.969566050000026],[-90.003919794999945,38.977515417000063],[-89.998556055999984,38.985464773000047],[-89.993191716999945,38.993414119000079],[-89.987826776999952,39.001363453000067],[-89.982461237999985,39.009312777000048],[-89.97709509699996,39.017262090000031],[-89.971728355999971,39.025211391000028],[-89.966361013999972,39.033160683000062],[-89.960993070999962,39.041109963000054],[-89.955624524999962,39.049059232000047],[-89.950255378999941,39.057008491000033],[-89.944885629999987,39.064957738000032],[-89.939515277999988,39.07290697500008],[-89.934144324999977,39.080856201000074],[-89.928772767999988,39.088805416000071],[-89.923400608999941,39.09675462000007],[-89.918027845999973,39.104703813000071],[-89.912654479999958,39.112652996000065],[-89.907280509999964,39.120602167000072],[-89.901905935999935,39.128551328000071],[-89.896530757999983,39.136500478000073],[-89.891154975999939,39.144449616000031],[-89.885778588999983,39.152398745000028],[-89.880401596999945,39.160347862000037],[-89.87502399899995,39.16829696800005],[-89.869645796999976,39.176246063000065],[-89.864266988999987,39.184195148000072],[-89.858887574999983,39.192144222000024],[-89.853507554999965,39.200093284000047],[-89.848126927999942,39.208042336000062],[-89.842745694999962,39.21599137700008],[-89.837363854999978,39.223940408000033],[-89.83198140799999,39.231889427000056],[-89.826598353999941,39.239838435000024],[-89.821214691999955,39.247787433000042],[-89.815830422999966,39.255736419000073],[-89.810445544999936,39.263685395000039],[-89.80506005999996,39.271634360000064],[-89.799673964999954,39.279583314000035],[-89.794287261999955,39.287532257000066],[-89.788899949999973,39.295481189000043],[-89.783512028999951,39.303430111000068],[-89.778123497999957,39.31137902100005],[-89.77273435799998,39.319327921000024],[-89.767344607999974,39.327276809000068],[-89.761954246999949,39.335225687000047],[-89.756563275999952,39.343174554000029],[-89.751171693999936,39.351123410000071],[-89.745779501999948,39.359072255000058],[-89.740386697999952,39.367021089000048],[-89.734993282999937,39.374969913000029],[-89.729599255999972,39.382918725000025],[-89.724204616999941,39.390867527000069],[-89.718809366999949,39.398816318000058],[-89.713413503999959,39.406765097000061],[-89.708017027999972,39.414713866000056],[-89.702619938999987,39.422662624000054],[-89.697222237999938,39.430611371000055],[-89.691823922999959,39.438560108000047],[-89.686424993999935,39.446508833000053],[-89.681025450999982,39.454457547000061],[-89.675625294999975,39.462406251000061],[-89.670224523999991,39.470354944000064],[-89.664823138999964,39.478303625000081],[-89.65942113899996,39.486252296000032],[-89.654018522999991,39.494200956000043],[-89.648615292999978,39.502149605000056],[-89.643211446999942,39.510098243000073],[-89.637806984999941,39.518046871000024],[-89.632401906999974,39.525995487000046],[-89.626996212999984,39.53394409200007],[-89.621589902999972,39.541892687000029],[-89.616182975999948,39.549841270000059],[-89.610775430999979,39.55778984300008],[-89.605367269999988,39.565738405000047],[-89.599958490999938,39.573686956000074],[-89.594549093999944,39.581635496000047],[-89.589139078999949,39.589584025000079],[-89.583728445999952,39.597532543000057],[-89.578317194999954,39.605481051000027],[-89.572905324999965,39.613429547000067],[-89.567492835999985,39.621378033000042],[-89.562079727999958,39.62932650700003],[-89.55666599999995,39.637274971000068],[-89.551251652999952,39.645223424000051],[-89.545836684999983,39.653171866000037],[-89.540421097999968,39.661120296000036],[-89.535004889999982,39.669068717000073],[-89.52958806099997,39.677017126000067],[-89.524170611999978,39.684965524000063],[-89.518752540999969,39.692913911000062],[-89.513333848999935,39.700862288000053],[-89.507914534999941,39.708810653000057],[-89.502494599999977,39.716759008000054],[-89.497074041999952,39.724707351000063],[-89.491652861999967,39.732655684000065],[-89.486231058999977,39.740604006000069],[-89.480808632999981,39.748552317000076],[-89.47538558399998,39.756500617000029],[-89.469961911999974,39.764448906000041],[-89.464537615999973,39.772397184000056],[-89.459112696999966,39.780345451000073],[-89.453687152999976,39.788293708000026],[-89.44826098499999,39.796241953000049],[-89.442834191999964,39.804190187000074],[-89.437406773999953,39.812138411000035],[-89.431978730999958,39.820086624000055],[-89.426550062999979,39.828034825000032],[-89.42112076899997,39.835983016000057],[-89.415690848999986,39.843931196000028],[-89.410260303999962,39.851879365000059],[-89.404829131999975,39.859827523000035],[-89.399397332999968,39.867775670000071],[-89.39396490699994,39.875723806000053],[-89.38853185399995,39.883671932000027],[-89.38309817399994,39.891620046000071],[-89.377663866999967,39.899568149000061],[-89.372228930999938,39.907516242000042],[-89.366793367999946,39.915464323000037],[-89.361357175999956,39.923412394000025],[-89.355920354999967,39.931360454000071],[-89.350482905999968,39.939308503000063],[-89.345044826999981,39.947256540000069],[-89.339606118999939,39.955204567000067],[-89.334166781999954,39.963152583000067],[-89.328726813999936,39.97110058800007],[-89.323286216999975,39.979048582000075],[-89.31784498899998,39.986996566000073],[-89.31240313099994,39.994944538000027],[-89.306960640999989,40.002892499000041],[-89.301517520999937,40.010840450000046],[-89.296073768999975,40.018788389000065],[-89.290629385999978,40.026736318000076],[-89.285184370999957,40.034684235000043],[-89.279738723999969,40.042632142000059],[-89.274292443999968,40.050580037000032],[-89.268845531999943,40.058527922000053],[-89.263397986999962,40.066475796000077],[-89.257949808999967,40.074423659000047],[-89.25250099699997,40.082371511000076],[-89.247051551999959,40.090319352000051],[-89.241601472999946,40.098267182000029],[-89.236150759999987,40.106215001000066],[-89.230699411999979,40.114162809000049],[-89.225247429999968,40.122110607000025],[-89.219794812999965,40.13005839300007],[-89.214341560999969,40.138006168000061],[-89.208887672999936,40.145953933000044],[-89.203433149999967,40.15390168600004],[-89.197977990999959,40.161849429000029],[-89.19252219599997,40.169797161000076],[-89.187065763999954,40.177744881000081],[-89.181608695999955,40.185692591000077],[-89.176150990999986,40.193640290000076],[-89.170692648999989,40.201587978000077],[-89.165233668999974,40.209535654000035],[-89.159774051999989,40.217483320000042],[-89.154313796999986,40.225430975000052],[-89.148852902999977,40.233378619000064],[-89.14339137099995,40.241326253000068],[-89.137929200999963,40.249273875000029],[-89.13246639099998,40.257221486000049],[-89.127002942999979,40.265169086000071],[-89.121538854999983,40.27311667500004],[-89.11607412699999,40.281064254000057],[-89.110608758999945,40.289011821000031],[-89.10514275099996,40.296959378000054],[-89.099676102999979,40.304906923000033],[-89.094208813999956,40.312854458000061],[-89.088740883999947,40.320801981000045],[-89.083272312999952,40.328749494000078],[-89.077803099999983,40.336696996000057],[-89.072333245999971,40.34464448600005],[-89.066862748999938,40.352591966000034],[-89.061391610999976,40.360539435000078],[-89.055919829999937,40.368486893000068],[-89.050447405999989,40.37643434000006],[-89.044974338999964,40.384381776000055],[-89.039500628999974,40.392329201000052],[-89.034026274999974,40.400276615000053],[-89.028551277999952,40.408224018000055],[-89.023075635999987,40.416171410000061],[-89.017599349999955,40.424118791000069],[-89.012122419999969,40.43206616100008],[-89.006644844999983,40.440013521000026],[-89.001166624999939,40.447960869000042],[-88.995687758999964,40.455908206000061],[-88.990208247999988,40.463855533000071],[-88.984728090999965,40.471802848000038],[-88.979247287999954,40.479750152000065],[-88.973765838999952,40.487697446000027],[-88.968283742999972,40.495644728000059],[-88.962800999999956,40.503592000000026]]},"properties":{"OID":42,"Product_Type_i":"Semicooked","From_ID":"Retailer3","From_Node":"St. Louis Metro Market","From_City_Area":"St. Louis Metro","From_State":"MO–IL","From_Latitude":38.627732999999999,"From_Longitude":-90.239333999999999,"Product_Type_j":" Semicooked","To_ID":"Market5","To_Node":"Bloomington Consumer Market","To_City_Area":"Bloomington–Normal","To_State":"IL","To_Latitude":40.503591999999998,"To_Longitude":-88.962800999999999,"Quantity":876.35000000000002,"ORIG_FID":44,"Shape_Length":2.2690201673316079}},{"type":"Feature","id":43,"geometry":{"type":"LineString","coordinates":[[-87.49949799999996,41.637709000000029],[-87.510147235999966,41.633568923000041],[-87.520795789999966,41.629428844000074],[-87.531443662999948,41.625288761000036],[-87.54209085399998,41.621148676000075],[-87.552737364999984,41.617008587000043],[-87.563383194999972,41.612868496000033],[-87.574028343999942,41.608728401000064],[-87.584672812999941,41.60458830400006],[-87.595316600999979,41.600448203000042],[-87.60595970899999,41.596308100000044],[-87.616602136999973,41.592167993000032],[-87.627243884999984,41.588027884000041],[-87.637884952999968,41.583887771000036],[-87.648525340999981,41.579747656000052],[-87.659165049999956,41.575607537000053],[-87.66980407899996,41.571467416000075],[-87.680442429999971,41.567327291000026],[-87.691080100999955,41.563187164000055],[-87.701717092999957,41.559047034000059],[-87.712353405999977,41.554906900000049],[-87.722989039999959,41.550766764000059],[-87.733623995999949,41.546626624000055],[-87.744258273999947,41.542486482000072],[-87.754891872999963,41.538346337000064],[-87.765524793999987,41.534206188000041],[-87.776157036999962,41.53006603700004],[-87.786788601999945,41.52592588300007],[-87.797419489999982,41.521785725000029],[-87.80804969899998,41.517645565000066],[-87.818679231999965,41.513505402000078],[-87.829308086999959,41.509365235000075],[-87.839936264999949,41.505225066000037],[-87.850563765999937,41.50108489400003],[-87.861190590999968,41.496944718000066],[-87.87181673799995,41.492804540000066],[-87.882442208999976,41.48866435900004],[-87.893067002999942,41.484524175000047],[-87.903691121999941,41.480383987000039],[-87.914314563999937,41.476243797000052],[-87.924937329999977,41.47210360400004],[-87.935559419999947,41.46796340800006],[-87.946180833999961,41.463823209000054],[-87.95680157299995,41.459683006000034],[-87.967421635999983,41.455542801000036],[-87.978041023999936,41.451402593000068],[-87.988659736999978,41.447262382000076],[-87.999277774999939,41.443122168000059],[-88.00989513799999,41.438981951000073],[-88.020511825999961,41.434841730000073],[-88.031127839999954,41.430701507000038],[-88.04174317899998,41.426561281000033],[-88.052357843999971,41.422421052000061],[-88.062971834999985,41.418280820000064],[-88.073585150999975,41.414140585000041],[-88.084197793999977,41.41000034700005],[-88.094809762999944,41.405860106000034],[-88.10542105899998,41.40171986200005],[-88.116031679999935,41.397579615000041],[-88.126641628999948,41.393439365000063],[-88.137250903999984,41.38929911200006],[-88.147859506999964,41.385158856000032],[-88.158467435999967,41.381018597000036],[-88.16907469299997,41.376878335000072],[-88.179681276999986,41.372738070000025],[-88.190287187999957,41.368597802000068],[-88.200892427999975,41.364457531000028],[-88.211496993999958,41.360317257000077],[-88.222100888999989,41.356176980000043],[-88.232704111999965,41.352036700000042],[-88.243306662999942,41.347896417000072],[-88.253908542999966,41.343756131000077],[-88.264509750999935,41.339615842000057],[-88.275110287999951,41.335475550000069],[-88.285710152999968,41.331335256000045],[-88.296309346999976,41.327194958000064],[-88.306907870999964,41.323054657000057],[-88.317505722999954,41.318914353000025],[-88.32810290499998,41.314774046000025],[-88.338699416999987,41.310633736000057],[-88.349295257999984,41.306493424000053],[-88.359890427999972,41.302353108000034],[-88.370484928999986,41.298212789000047],[-88.38107875999998,41.294072467000035],[-88.391671919999965,41.289932143000044],[-88.402264411999965,41.285791815000039],[-88.412856232999957,41.281651484000065],[-88.423447384999974,41.277511150000066],[-88.434037867999962,41.273370814000032],[-88.444627681999975,41.26923047400004],[-88.455216826999958,41.265090131000079],[-88.465805302999968,41.260949786000026],[-88.476393109999947,41.256809437000072],[-88.486980248999942,41.252669085000036],[-88.497566718999963,41.248528731000079],[-88.508152520999943,41.244388373000049],[-88.518737654999939,41.240248013000041],[-88.529322119999961,41.236107649000076],[-88.539905917999988,41.231967283000074],[-88.550489048999964,41.227826913000058],[-88.561071510999966,41.223686540000074],[-88.571653305999973,41.219546165000054],[-88.582234433999986,41.215405786000076],[-88.592814894999947,41.211265405000063],[-88.60339468799998,41.207125020000035],[-88.613973814999952,41.202984633000028],[-88.624552274999985,41.198844242000064],[-88.635130067999967,41.194703849000064],[-88.645707194999943,41.190563453000038],[-88.656283654999982,41.186423053000055],[-88.666859449999947,41.182282651000037],[-88.677434577999975,41.17814224500006],[-88.68800903999994,41.174001837000048],[-88.698582836999947,41.169861426000068],[-88.709155966999958,41.165721011000073],[-88.719728432999943,41.161580594000043],[-88.73030023299998,41.157440174000044],[-88.740871366999954,41.153299750000031],[-88.751441836999959,41.149159324000038],[-88.762011641999948,41.145018895000078],[-88.772580781999977,41.140878462000046],[-88.783149256999991,41.136738027000035],[-88.793717066999989,41.132597589000056],[-88.804284213999949,41.128457148000052],[-88.814850695999951,41.124316703000034],[-88.825416513999983,41.120176256000036],[-88.835981666999942,41.11603580600007],[-88.846546156999977,41.111895353000079],[-88.857109983999976,41.107754897000063],[-88.867673145999959,41.103614438000079],[-88.878235645999951,41.09947397500008],[-88.888797481999973,41.095333510000046],[-88.899358654999958,41.091193042000043],[-88.909919164999963,41.087052571000072],[-88.920479010999941,41.082912097000076],[-88.931038195999975,41.078771620000055],[-88.941596716999982,41.074631140000065],[-88.952154575999941,41.07049065700005],[-88.962711772999967,41.066350171000067],[-88.973268307999945,41.062209682000059],[-88.983824180999989,41.058069190000026],[-88.994379390999939,41.053928695000025],[-89.004933939999944,41.049788197000055],[-89.015487826999959,41.04564769600006],[-89.026041052999972,41.04150719200004],[-89.036593617999984,41.037366685000052],[-89.047145520999948,41.033226175000038],[-89.057696762999967,41.029085663000046],[-89.068247343999985,41.024945147000039],[-89.078797263999945,41.020804628000064],[-89.08934652399995,41.016664106000064],[-89.099895122999953,41.012523581000039],[-89.110443061999945,41.008383053000045],[-89.120990339999935,41.004242523000073],[-89.131536958999959,41.000101989000029],[-89.142082916999982,40.995961452000074],[-89.152628214999936,40.991820912000037],[-89.163172853999981,40.987680370000078],[-89.173716832999958,40.983539824000047],[-89.184260152999968,40.979399275000048],[-89.194802813999956,40.975258724000071],[-89.205344814999989,40.971118169000079],[-89.215886156999943,40.966977611000061],[-89.226426840999977,40.962837051000065],[-89.236966865999989,40.958696487000054],[-89.247506231999978,40.954555921000065],[-89.258044938999944,40.950415351000061],[-89.268582987999935,40.946274779000078],[-89.279120378999949,40.94213420300008],[-89.289657111999986,40.937993624000057],[-89.300193186999991,40.933853043000056],[-89.310728604999952,40.92971245800004],[-89.321263363999947,40.925571871000045],[-89.331797465999955,40.921431281000025],[-89.342330910999976,40.917290687000047],[-89.352863698999954,40.913150091000034],[-89.363395828999955,40.909009491000063],[-89.37392730199997,40.904868889000056],[-89.384458118999987,40.900728284000024],[-89.394988278999961,40.896587675000035],[-89.405517781999947,40.892447064000066],[-89.416046628999936,40.888306450000073],[-89.426574819999985,40.884165832000065],[-89.43710235399999,40.880025212000078],[-89.447629232999986,40.875884589000066],[-89.45815545499994,40.871743963000029],[-89.468681021999942,40.867603333000034],[-89.479205932999946,40.86346270100006],[-89.489730188999943,40.859322066000061],[-89.500253788999942,40.855181428000037],[-89.510776734999979,40.851040787000045],[-89.521299024999962,40.846900143000028],[-89.531820659999937,40.842759495000053],[-89.54234164099995,40.838618845000042],[-89.552861965999966,40.834478192000063],[-89.563381637999953,40.830337536000059],[-89.573900654999989,40.826196877000029],[-89.584419016999959,40.822056215000032],[-89.594936725999958,40.817915550000066],[-89.605453780999937,40.813774882000075],[-89.615970180999966,40.809634211000059],[-89.626485928999955,40.805493537000075],[-89.637001021999936,40.801352860000065],[-89.647515461999944,40.797212180000031],[-89.658029248999981,40.793071498000074],[-89.668542382999988,40.788930812000046],[-89.679054862999976,40.78479012300005],[-89.689566690999982,40.780649431000029],[-89.700077865999958,40.776508736000039],[-89.710588388999952,40.772368038000025],[-89.721098258999973,40.768227338000031],[-89.731607475999965,40.76408663400008],[-89.742116041999964,40.759945927000047],[-89.75262395499999,40.755805217000045],[-89.763131215999977,40.751664505000065],[-89.77363782599997,40.74752378900007],[-89.78414378399998,40.74338307000005],[-89.79464908999995,40.739242349000051],[-89.805153744999984,40.735101624000038],[-89.815657748999968,40.730960896000056],[-89.826161101999958,40.726820166000039],[-89.836663803999954,40.722679432000064],[-89.847165853999968,40.718538696000053],[-89.857667254999967,40.714397956000028],[-89.868168003999983,40.71025721400008],[-89.878668102999939,40.706116468000062],[-89.889167551999947,40.701975720000064],[-89.899666350999951,40.697834968000052],[-89.910164498999961,40.693694214000061],[-89.920661997999957,40.689553457000045],[-89.931158846999949,40.685412696000071],[-89.941655045999937,40.681271933000062],[-89.952150595999967,40.677131167000027],[-89.962645496999983,40.672990397000035],[-89.973139747999937,40.668849625000064],[-89.983633349999991,40.664708850000068],[-89.994126302999973,40.660568071000057],[-90.004618606999941,40.656427290000067],[-90.01511026299994,40.652286506000053],[-90.025601269999981,40.64814571900007],[-90.036091628999941,40.644004929000062],[-90.046581338999943,40.639864135000039],[-90.057070401999965,40.635723339000037],[-90.067558815999973,40.631582540000068],[-90.078046581999956,40.627441738000073],[-90.08853370099996,40.623300933000053],[-90.099020171999939,40.619160125000064],[-90.10950599499995,40.615019314000051],[-90.11999117199997,40.610878500000069],[-90.130475700999966,40.606737683000063],[-90.140959582999983,40.602596863000031],[-90.151442817999964,40.59845604000003],[-90.161925405999966,40.594315214000062],[-90.172407346999989,40.590174385000068],[-90.182888641999966,40.586033554000039],[-90.193369290999954,40.581892719000052],[-90.203849292999962,40.57775188100004],[-90.214328648999981,40.57361104000006],[-90.224807359999943,40.569470196000054],[-90.235285423999983,40.56532935000007],[-90.245762842999966,40.561188500000071],[-90.256239615999959,40.557047647000047],[-90.266715742999963,40.552906791000055],[-90.277191224999967,40.548765933000027],[-90.287666061999971,40.544625071000041],[-90.298140253999975,40.540484207000077],[-90.308613800999979,40.536343339000041],[-90.319086703999972,40.532202468000037],[-90.329558960999975,40.528061595000054],[-90.340030573999968,40.523920718000056],[-90.35050154299995,40.51977983900008],[-90.360971866999989,40.515638956000032],[-90.37144154799995,40.511498071000062],[-90.381910583999968,40.507357182000078],[-90.392378976999964,40.503216291000058],[-90.402846724999961,40.49907539700007],[-90.413313830999982,40.494934499000067],[-90.423780291999947,40.490793599000028],[-90.434246110999936,40.486652696000078],[-90.444711285999972,40.482511789000057],[-90.455175817999987,40.478370880000057],[-90.46563970699998,40.474229968000031],[-90.476102953999941,40.470089053000038],[-90.486565556999949,40.46594813400003],[-90.497027518999971,40.461807213000043],[-90.507488837999972,40.457666289000031],[-90.517949513999952,40.45352536200005],[-90.528409548999946,40.449384432000045],[-90.538868940999976,40.445243499000071],[-90.549327691999963,40.441102563000072],[-90.559785800999975,40.436961624000048],[-90.570243267999956,40.432820682000056],[-90.580700093999951,40.428679737000039],[-90.591156278999961,40.424538789000053],[-90.601611821999938,40.420397838000042],[-90.612066724999977,40.416256884000063],[-90.622520985999984,40.412115927000059],[-90.632974606999937,40.40797496700003],[-90.643427586999962,40.403834004000032],[-90.653879925999945,40.399693038000066],[-90.664331624999988,40.395552070000065],[-90.674782683999979,40.391411098000049],[-90.685233102999973,40.387270123000064],[-90.695682881999971,40.383129146000044],[-90.706132019999984,40.378988165000067],[-90.71658051999998,40.374847181000064],[-90.727028378999989,40.370706195000025],[-90.737475598999936,40.366565205000029],[-90.747922179999989,40.362424212000064],[-90.75836812099999,40.358283217000064],[-90.768813423999973,40.35414221800005],[-90.779258087999949,40.350001217000056],[-90.789702111999986,40.345860212000048],[-90.800145497999949,40.341719205000061],[-90.810588245999952,40.337578194000059],[-90.821030354999948,40.333437181000079],[-90.831471825999984,40.329296165000073],[-90.841912658999945,40.325155145000053],[-90.852352853999946,40.321014123000054],[-90.86279240999994,40.31687309800003],[-90.873231329999953,40.312732069000049],[-90.883669610999959,40.308591038000031],[-90.894107254999938,40.304450004000046],[-90.904544261999945,40.300308967000035],[-90.914980631999981,40.296167927000056],[-90.925416363999943,40.292026884000052],[-90.935851458999991,40.287885837000033],[-90.946285917999944,40.283744788000035],[-90.956719739999983,40.27960373600007],[-90.967152925999983,40.275462681000079],[-90.977585474999955,40.271321623000063],[-90.988017386999957,40.267180562000078],[-90.998448663999966,40.263039498000069],[-91.008879304999937,40.258898431000034],[-91.019309308999937,40.254757362000078],[-91.029738677999944,40.25061628900005],[-91.04016741099997,40.246475213000053],[-91.050595508999947,40.242334134000032],[-91.061022971999989,40.238193052000042],[-91.071449798999936,40.234051967000028],[-91.081875990999947,40.229910880000034],[-91.092301547999966,40.225769789000026],[-91.102726470999983,40.221628695000049],[-91.113150757999961,40.217487599000037],[-91.123574410999936,40.213346499000068],[-91.133997429999965,40.209205397000062],[-91.144419813999946,40.205064291000042],[-91.15484156399998,40.200923182000054],[-91.165262679999955,40.19678207100003],[-91.175683161999984,40.192640957000037],[-91.186103010999943,40.188499839000031],[-91.196522224999967,40.184358719000045],[-91.206940805999977,40.180217595000045],[-91.217358753999974,40.176076469000066],[-91.227776068999958,40.171935340000061],[-91.238192749999939,40.167794207000043],[-91.248608798999953,40.163653072000045],[-91.259024213999965,40.159511934000079],[-91.269438996999952,40.155370793000031],[-91.279853146999983,40.151229648000026],[-91.29026666499999,40.147088501000042],[-91.300679549999984,40.142947351000032],[-91.311091802999954,40.138806198000054],[-91.321503423999957,40.134665042000051],[-91.331914413999982,40.13052388300008],[-91.342324770999937,40.126382721000027],[-91.352734495999982,40.122241556000063],[-91.363143590999982,40.118100388000073],[-91.373552052999969,40.113959217000058],[-91.383959883999978,40.109818043000075],[-91.394367084999942,40.105676866000067],[-91.404773653999939,40.101535686000034],[-91.415179591999959,40.097394504000079],[-91.42558489999999,40.093253318000052],[-91.43598957599994,40.089112129000057],[-91.446393622999949,40.084970937000037],[-91.45679703899998,40.080829743000038],[-91.467199823999977,40.076688545000025],[-91.477601979999974,40.072547345000032],[-91.488003504999938,40.068406141000025],[-91.498404400999959,40.06426493400005],[-91.508804666999936,40.060123725000039],[-91.519204302999981,40.055982512000071],[-91.52960330999997,40.051841297000067],[-91.540001687999961,40.047700078000048],[-91.550399435999964,40.04355885700005],[-91.560796555999957,40.039417633000028],[-91.571193045999962,40.035276405000047],[-91.581588907999958,40.031135175000031],[-91.591984139999965,40.026993942000047],[-91.602378744999953,40.022852706000037],[-91.612772719999953,40.01871146600007],[-91.623166067999989,40.014570224000067],[-91.63355878699997,40.010428979000039],[-91.643950878999988,40.006287731000043],[-91.65434234199995,40.002146480000079],[-91.664733177999949,39.998005226000032],[-91.675123385999939,39.993863969000074],[-91.685512965999976,39.989722709000034],[-91.695901919999983,39.985581446000026],[-91.706290244999991,39.98144018000005],[-91.716677943999969,39.977298911000048],[-91.727065015999983,39.973157639000078],[-91.737451460999978,39.969016364000026],[-91.747837278999953,39.964875086000063],[-91.758222469999964,39.960733806000064],[-91.768607035999935,39.956592522000051],[-91.778990973999953,39.952451235000069],[-91.789374286999987,39.948309945000062],[-91.799756972999944,39.944168653000077],[-91.810139033999974,39.940027357000076],[-91.820520467999984,39.93588605900004],[-91.830901276999953,39.931744757000047],[-91.841281459999948,39.927603453000074],[-91.851661017999959,39.92346214500003],[-91.862039950999986,39.919320835000065],[-91.872418257999982,39.915179521000027],[-91.882795940999983,39.911038205000068],[-91.893172997999955,39.906896886000027],[-91.903549430999988,39.902755563000028],[-91.91392523799999,39.89861423800005],[-91.924300421999988,39.894472910000047],[-91.934674980999944,39.890331579000076],[-91.945048915999962,39.886190244000034],[-91.955422225999939,39.882048907000069],[-91.965794912999968,39.877907567000079],[-91.976166974999956,39.873766224000065],[-91.986538413999938,39.869624878000025],[-91.996909228999982,39.865483529000073],[-92.007279420999964,39.86134217700004],[-92.017648989999941,39.857200822000038],[-92.02801793499998,39.853059464000069],[-92.038386256999956,39.848918103000074],[-92.048753955999985,39.844776740000043],[-92.05912103199995,39.840635373000055],[-92.069487484999968,39.836494003000041],[-92.079853315999969,39.832352630000059],[-92.090218523999965,39.828211255000042],[-92.100583109999945,39.824069876000067],[-92.110947073999967,39.819928494000067],[-92.121310415999972,39.815787110000031],[-92.131673135999961,39.811645722000037],[-92.142035233999991,39.807504332000065],[-92.152396709999948,39.803362938000078],[-92.162757563999946,39.799221542000055],[-92.173117797999964,39.795080142000074],[-92.183477408999977,39.790938740000058],[-92.193836399999952,39.786797335000074],[-92.204194769999958,39.782655926000075],[-92.214552517999948,39.77851451500004],[-92.224909645999958,39.774373101000037],[-92.235266152999941,39.770231684000066],[-92.245622039999944,39.766090263000081],[-92.255977305999977,39.761948840000059],[-92.266331951999973,39.757807414000069],[-92.276685977999989,39.753665985000055],[-92.287039383999968,39.749524553000072],[-92.297392169999966,39.745383118000063],[-92.307744335999985,39.74124168000003],[-92.318095881999966,39.737100239000029],[-92.328446808999956,39.732958795000059],[-92.338797115999967,39.728817349000053],[-92.349146804999975,39.724675899000033],[-92.359495873999947,39.720534446000045],[-92.369844323999985,39.716392990000031],[-92.380192154999975,39.712251532000039],[-92.390539366999974,39.708110070000032],[-92.400885960999972,39.703968605000057],[-92.411231935999979,39.699827138000046],[-92.421577292999984,39.695685667000078],[-92.431922031999989,39.691544194000073],[-92.442266152999991,39.687402717000055],[-92.452609654999947,39.683261238000057],[-92.462952539999947,39.679119755000045],[-92.473294806999945,39.674978270000054],[-92.483636455999942,39.670836782000038],[-92.493977487999985,39.666695290000064],[-92.504317902999958,39.662553796000054],[-92.514657699999987,39.658412299000076],[-92.524996879999946,39.654270799000074],[-92.535335443999941,39.650129296000046],[-92.54567338999999,39.645987790000049],[-92.556010719999961,39.641846281000028],[-92.566347432999976,39.637704769000038],[-92.576683529999968,39.63356325400008],[-92.587019009999949,39.62942173600004],[-92.597353873999964,39.625280215000032],[-92.607688121999956,39.621138691000056],[-92.618021753999983,39.616997164000054],[-92.628354769999987,39.612855634000027],[-92.638687170999958,39.608714102000079],[-92.649018955999964,39.604572566000058],[-92.659350125999936,39.60043102700007],[-92.669680679999942,39.596289486000046],[-92.680010618999972,39.592147941000064],[-92.690339942999969,39.588006393000057],[-92.70066865199999,39.583864843000072],[-92.710996745999978,39.579723290000061],[-92.721324225999979,39.575581733000035],[-92.731651090999947,39.571440174000031],[-92.741977341999984,39.567298611000069],[-92.752302977999989,39.563157046000072],[-92.76262799999995,39.559015478000049],[-92.772952407999981,39.554873907000058],[-92.783276202999957,39.550732332000052],[-92.793599382999957,39.546590755000068],[-92.80392194999996,39.542449175000058],[-92.814243902999976,39.538307592000081],[-92.824565242999938,39.534166006000078],[-92.83488596899997,39.53002441700005],[-92.845206082999937,39.525882825000053],[-92.855525582999974,39.521741230000032],[-92.865844469999956,39.517599632000042],[-92.876162744999988,39.513458031000027],[-92.886480406999965,39.509316428000034],[-92.896797455999945,39.505174821000026],[-92.907113893999963,39.501033211000049],[-92.917429717999937,39.496891599000037],[-92.92774493099995,39.492749983000067],[-92.938059531999954,39.488608364000072],[-92.948373519999961,39.484466743000041],[-92.95868689699995,39.480325118000053],[-92.968999662999977,39.476183491000029],[-92.979311815999949,39.472041860000047],[-92.98962335899995,39.46790022700003],[-92.999934289999942,39.463758591000044],[-93.010244609999972,39.459616951000044],[-93.020554318999984,39.455475309000064],[-93.030863416999978,39.45133366400006],[-93.041171904999942,39.447192016000031],[-93.051479780999955,39.443050365000033],[-93.061787047999985,39.438908711000067],[-93.07209370299995,39.434767054000076],[-93.08239974899999,39.43062539400006],[-93.092705183999954,39.426483731000076],[-93.103010009999991,39.422342065000066],[-93.113314224999954,39.418200396000032],[-93.12361783099999,39.414058724000029],[-93.133920827999987,39.409917049000057],[-93.144223213999965,39.405775372000051],[-93.154524991999949,39.401633691000029],[-93.164826159999961,39.397492007000039],[-93.175126718999991,39.393350321000071],[-93.18542666899998,39.389208631000031],[-93.195726009999987,39.385066939000069],[-93.206024741999954,39.380925243000036],[-93.216322865999985,39.37678354500008],[-93.226620380999975,39.372641843000054],[-93.236917287999972,39.368500139000048],[-93.247213586999976,39.364358432000074],[-93.25750927699994,39.360216721000029],[-93.267804359999957,39.356075008000062],[-93.278098833999991,39.351933292000069],[-93.288392700999964,39.347791573000052],[-93.298685959999943,39.343649851000066],[-93.308978611999976,39.339508126000055],[-93.319270656999947,39.335366398000076],[-93.329562093999982,39.331224667000072],[-93.339852923999956,39.327082933000042],[-93.350143146999983,39.322941196000045],[-93.360432762999949,39.318799456000079],[-93.370721772999957,39.314657713000031],[-93.381010175999961,39.310515968000061],[-93.391297971999961,39.306374219000077],[-93.401585161999947,39.302232467000067],[-93.411871745999974,39.298090713000079],[-93.422157722999941,39.293948955000076],[-93.43244309499994,39.289807195000037],[-93.44272786099998,39.285665431000041],[-93.45301202099995,39.281523665000066],[-93.463295574999961,39.277381895000076],[-93.473578523999947,39.273240123000051],[-93.483860867999965,39.269098348000057],[-93.494142605999969,39.264956569000049],[-93.504423738999947,39.260814788000062],[-93.514704267999946,39.256673004000049],[-93.524984190999987,39.252531217000069],[-93.535263509999936,39.248389427000063],[-93.545542223999973,39.244247634000033],[-93.555820332999986,39.240105838000034],[-93.566097837999962,39.235964039000066],[-93.576374738999959,39.231822237000074],[-93.586651035999978,39.227680432000056],[-93.596926728999961,39.22353862500006],[-93.607201817999965,39.219396814000049],[-93.617476302999989,39.21525500000007],[-93.627750183999979,39.211113184000055],[-93.638023462999968,39.206971364000026],[-93.648296136999988,39.202829541000028],[-93.658568208999952,39.198687716000052],[-93.668839676999937,39.19454588800005],[-93.679110541999989,39.190404056000034],[-93.689380804999985,39.186262222000039],[-93.699650463999944,39.182120384000029],[-93.709919520999961,39.177978544000041],[-93.720187975999977,39.173836701000027],[-93.730455827999947,39.169694855000046],[-93.740723077999974,39.165553006000039],[-93.750989725999943,39.161411154000064],[-93.76125577199997,39.157269299000063],[-93.77152121599994,39.153127441000038],[-93.781786057999966,39.148985580000044],[-93.792050297999936,39.144843716000025],[-93.802313936999951,39.140701849000038],[-93.812576974999956,39.136559979000026],[-93.822839410999961,39.132418107000035],[-93.833101245999956,39.128276231000029],[-93.843362480999986,39.124134352000056],[-93.853623113999959,39.119992471000046],[-93.863883145999978,39.115850586000079],[-93.874142577999976,39.111708699000076],[-93.884401409999953,39.107566808000058],[-93.894659640999976,39.103424915000062],[-93.904917270999988,39.099283018000051],[-93.915174301999969,39.095141119000061],[-93.925430731999938,39.090999217000046],[-93.93568656299999,39.086857312000063],[-93.945941793999964,39.082715404000055],[-93.956196424999973,39.078573492000032],[-93.966450456999951,39.074431578000031],[-93.976703888999964,39.070289661000061],[-93.986956721999945,39.066147741000066],[-93.997208955999952,39.062005819000035],[-94.007460590999983,39.057863893000047],[-94.017711625999937,39.053721964000033],[-94.027962063999951,39.049580032000051],[-94.038211901999944,39.045438097000044],[-94.048461141999951,39.041296160000059],[-94.058709782999983,39.037154219000058],[-94.068957825999973,39.033012276000079],[-94.079205270999978,39.028870329000029],[-94.08945211799994,39.024728380000056],[-94.099698366999974,39.020586427000069],[-94.109944017999965,39.016444472000046],[-94.12018907199996,39.012302514000055],[-94.130433527999969,39.008160552000049],[-94.140677385999936,39.004018588000065],[-94.150920646999964,38.999876621000055],[-94.161163310999939,38.995734651000078],[-94.171405377999974,38.991592678000075],[-94.181646847999957,38.987450702000046],[-94.191887720999944,38.98330872300005],[-94.20212799799998,38.979166741000029],[-94.212367677999964,38.975024756000039],[-94.222606760999952,38.97088276900007],[-94.23284524799999,38.96674077800003],[-94.243083138999964,38.962598784000079],[-94.253320433999988,38.958456788000035],[-94.263557132999949,38.954314788000033],[-94.27379323599996,38.950172785000063],[-94.284028742999965,38.946030780000058],[-94.294263654999952,38.941888772000027],[-94.304497970999989,38.937746760000039],[-94.314731691999953,38.933604746000071],[-94.324964816999966,38.929462729000079],[-94.335197347999951,38.925320708000072],[-94.345429283999977,38.921178685000029],[-94.355660623999938,38.917036659000075],[-94.365891369999986,38.912894630000039],[-94.376121521999949,38.908752598000035],[-94.386351077999961,38.904610563000062],[-94.396580040999936,38.900468525000065],[-94.40680840899995,38.896326484000042],[-94.417036182999936,38.89218444100004],[-94.427263362999952,38.888042394000024],[-94.437489949999986,38.88390034400004],[-94.447715941999945,38.879758292000076],[-94.45794134099998,38.875616236000042],[-94.468166145999987,38.871474178000028],[-94.478390357999956,38.867332116000057],[-94.488613976999943,38.86319005200005],[-94.498837001999959,38.859047984000028],[-94.509059434999983,38.854905914000028],[-94.519281273999979,38.85076384100006],[-94.529502520999984,38.846621765000066],[-94.539723174999949,38.842479686000047],[-94.549943236999979,38.83833760300007],[-94.560162705999971,38.834195518000058],[-94.570381582999971,38.830053430000078],[-94.580599866999989,38.825911340000062],[-94.590817559999948,38.821769246000031],[-94.601034660999971,38.817627149000032],[-94.611251169999946,38.813485049000064],[-94.621467086999985,38.809342946000072],[-94.631682412999965,38.805200841000044],[-94.641897146999952,38.801058732000058],[-94.652111289999937,38.796916621000037],[-94.662324841999975,38.792774506000057],[-94.672537801999965,38.788632389000043],[-94.682750171999942,38.78449026800007],[-94.692961950999972,38.780348145000062],[-94.703173138999944,38.776206019000028],[-94.713383735999969,38.772063890000027],[-94.723593742999981,38.767921758000057],[-94.733803159999979,38.763779622000072],[-94.744011986999965,38.759637484000052],[-94.754220222999948,38.755495343000064],[-94.764427868999974,38.75135320000004],[-94.774634925999976,38.747211053000058],[-94.784841392999965,38.743068903000051],[-94.795047269999941,38.738926750000076],[-94.80525255799995,38.734784594000075],[-94.815457255999945,38.730642436000039],[-94.825661364999974,38.726500274000045],[-94.835864884999978,38.722358110000073],[-94.846067815999959,38.718215942000029],[-94.856270157999973,38.714073772000063],[-94.866471910999962,38.709931599000072],[-94.876673074999985,38.705789422000066],[-94.886873650999974,38.701647243000025],[-94.897073638999984,38.697505061000072],[-94.907273037999971,38.693362876000037],[-94.91747184999997,38.689220688000034],[-94.927670072999945,38.685078497000063],[-94.937867707999942,38.680936303000067],[-94.948064754999962,38.676794106000045],[-94.958261214999936,38.672651906000056],[-94.96845708699999,38.668509703000041],[-94.978652371999942,38.664367498000047],[-94.988847068999974,38.660225289000039],[-94.99904117899996,38.656083077000062],[-95.009234702999947,38.65194086300005],[-95.019427638999957,38.64779864500008],[-95.029619987999979,38.643656425000074],[-95.039811750999945,38.639514202000043],[-95.05000292699998,38.635371975000055],[-95.06019351599997,38.631229746000031],[-95.070383518999961,38.627087514000038],[-95.080572935999953,38.622945279000078],[-95.090761766999947,38.618803041000035],[-95.100950011999942,38.614660800000024],[-95.111137670999938,38.610518556000045],[-95.121324743999992,38.606376309000041],[-95.13151123099999,38.602234059000068],[-95.14169713299998,38.59809180600007],[-95.15188244999996,38.593949551000037],[-95.162067180999941,38.589807292000046],[-95.172251327999959,38.58566503000003],[-95.182434888999978,38.581522766000035],[-95.192617864999988,38.577380498000025],[-95.202800256999979,38.573238228000037],[-95.21298206299997,38.56909595500008],[-95.223163285999988,38.564953678000052],[-95.233343923999939,38.560811399000045],[-95.243523976999938,38.556669117000069],[-95.253703445999975,38.552526832000069],[-95.26388233199998,38.548384544000044],[-95.274060632999976,38.54424225300005],[-95.284238349999953,38.540099959000031],[-95.294415483999956,38.535957662000044],[-95.304592033999938,38.531815362000032],[-95.314768000999948,38.527673060000041],[-95.324943383999937,38.523530754000035],[-95.335118183999953,38.519388445000061],[-95.345292400999938,38.515246134000051],[-95.355466034999949,38.511103819000027],[-95.365639085999987,38.506961502000024],[-95.375811554999984,38.502819182000053],[-95.385983440999951,38.498676858000067],[-95.396154743999944,38.494534532000046],[-95.406325464999952,38.490392203000056],[-95.416495602999987,38.486249871000041],[-95.42666515999997,38.482107536000058],[-95.43683413399998,38.477965198000049],[-95.447002525999949,38.473822857000073],[-95.45717033699998,38.469680513000071],[-95.467337565999969,38.465538166000044],[-95.477504212999975,38.461395816000049],[-95.487670278999985,38.457253464000075],[-95.497835763999944,38.45311110800003],[-95.508000667999966,38.448968750000063],[-95.518164989999946,38.444826388000024],[-95.528328730999988,38.440684024000063],[-95.538491891999968,38.436541656000031],[-95.548654471999953,38.432399286000077],[-95.558816470999943,38.428256913000041],[-95.568977889999985,38.424114537000037],[-95.579138727999975,38.419972158000064],[-95.58929898599996,38.415829776000066],[-95.599458664999986,38.411687391000044],[-95.60961776299996,38.407545003000052],[-95.619776280999986,38.403402612000036],[-95.629934218999949,38.399260218000052],[-95.640091577999954,38.395117821000042],[-95.650248356999953,38.390975422000054],[-95.660404556999936,38.386833019000051],[-95.67056017699997,38.382690614000069],[-95.680715218999978,38.378548205000072],[-95.690869680999981,38.37440579400004],[-95.701023563999968,38.37026338000004],[-95.711176868999985,38.366120962000025],[-95.721329594999986,38.361978542000031],[-95.731481741999971,38.357836119000069],[-95.741633310999987,38.353693693000025],[-95.751784300999986,38.34955126400007],[-95.76193471299996,38.345408832000032],[-95.772084546999963,38.341266397000027],[-95.78223380299994,38.337123959000053],[-95.792382481999937,38.332981519000043],[-95.802530581999974,38.328839075000076],[-95.812678104999975,38.324696628000027],[-95.822825050999938,38.320554179000055],[-95.832971417999943,38.316411726000069],[-95.843117208999956,38.312269271000048],[-95.85326242299999,38.308126813000058],[-95.86340705899994,38.303984351000054],[-95.873551118999956,38.299841887000071],[-95.883694601999991,38.295699420000062],[-95.89383750799999,38.291556950000029],[-95.903979836999952,38.287414477000027],[-95.914121589999979,38.283272001000057],[-95.924262766999959,38.279129522000062],[-95.934403367999948,38.274987040000042],[-95.944543391999957,38.270844556000043],[-95.954682840999965,38.266702068000029],[-95.964821712999992,38.262559577000047],[-95.974960009999961,38.25841708400003],[-95.985097731999986,38.254274588000044],[-95.995234876999973,38.250132088000043],[-96.005371447999948,38.245989586000064],[-96.01550744299999,38.24184708100006],[-96.025642862999973,38.237704572000041],[-96.035777707999955,38.233562061000043],[-96.045911977999936,38.229419547000077],[-96.056045672999971,38.225277030000029],[-96.066178793999939,38.22113451000007],[-96.076311339999961,38.216991987000029],[-96.086443311999972,38.212849462000065],[-96.096574708999981,38.20870693300003],[-96.106705531999978,38.204564401000027],[-96.116835780999963,38.200421867000045],[-96.126965455999937,38.196279329000049],[-96.137094556999955,38.192136789000074],[-96.147223084999951,38.187994246000073],[-96.157351038999991,38.183851699000058],[-96.167478418999963,38.179709150000065],[-96.177605225999969,38.175566598000046],[-96.187731459999952,38.171424043000059],[-96.197857119999981,38.167281485000046],[-96.207982207999976,38.163138924000066],[-96.218106721999959,38.15899636000006],[-96.228230663999966,38.154853793000029],[-96.23835403399994,38.15071122300003],[-96.248476829999959,38.146568651000052],[-96.258599053999944,38.14242607500006],[-96.268720705999954,38.138283497000032],[-96.278841785999987,38.134140915000046],[-96.28896229299994,38.129998331000024],[-96.299082228999964,38.125855744000035],[-96.309201592999955,38.12171315300003],[-96.319320384999969,38.117570560000047],[-96.32943860499995,38.113427964000039],[-96.339556253999945,38.109285365000062],[-96.349673331999952,38.10514276300006],[-96.359789837999983,38.101000158000033],[-96.369905772999971,38.096857551000028],[-96.380021136999972,38.092714940000064],[-96.390135930999975,38.088572326000076],[-96.400250152999945,38.084429710000052],[-96.410363804999974,38.08028709000007],[-96.42047688599996,38.076144468000052],[-96.430589396999949,38.072001842000077],[-96.44070133699995,38.067859214000066],[-96.450812706999955,38.06371658300003],[-96.460923506999961,38.059573949000026],[-96.471033736999971,38.055431311000063],[-96.481143396999983,38.051288671000066],[-96.491252487999986,38.047146029000032],[-96.501361008999936,38.043003383000041],[-96.511468959999945,38.038860734000025],[-96.521576341999946,38.03471808200004],[-96.531683154999939,38.030575428000077],[-96.541789397999992,38.026432770000042],[-96.551895072999969,38.022290109000039],[-96.562000178999938,38.018147446000057],[-96.572104714999966,38.01400478000005],[-96.582208682999976,38.009862110000029],[-96.592312082999968,38.005719438000028],[-96.602414913999951,38.00157676300006],[-96.612517176999972,37.997434085000066],[-96.622618870999986,37.993291404000047],[-96.632719996999981,37.98914872000006],[-96.642820555999947,37.985006033000047],[-96.652920545999962,37.980863344000056],[-96.663019968999947,37.976720651000051],[-96.673118823999971,37.972577955000077],[-96.683217111999966,37.968435257000067],[-96.693314831999942,37.964292555000043],[-96.703411984999946,37.96014985100004],[-96.713508569999988,37.956007144000068],[-96.72360458899999,37.951864433000026],[-96.733700040999963,37.947721720000061],[-96.743794924999975,37.943579004000071],[-96.753889243999936,37.939436285000056],[-96.763982994999992,37.935293563000073],[-96.774076179999952,37.931150838000065],[-96.784168798999985,37.927008111000077],[-96.79426085099999,37.922865380000076],[-96.804352337999944,37.918722646000049],[-96.814443257999983,37.914579910000043],[-96.824533611999982,37.91043717000008],[-96.834623400999988,37.906294428000024],[-96.844712623999953,37.902151683000056],[-96.854801280999936,37.898008934000075],[-96.864889372999983,37.893866183000057],[-96.874976899999979,37.889723429000071],[-96.885063860999992,37.88558067200006],[-96.895150256999955,37.881437912000024],[-96.90523608899997,37.877295149000076],[-96.915321354999946,37.873152383000047],[-96.925406056999975,37.869009615000039],[-96.935490193999954,37.864866843000073],[-96.945573766999985,37.860724069000071],[-96.955656774999966,37.856581291000055],[-96.965739218999943,37.852438511000059],[-96.975821098999972,37.84829572700005],[-96.985902413999952,37.844152941000061],[-96.995983165999974,37.840010152000048],[-97.006063353999991,37.835867360000066],[-97.016142977999948,37.831724565000059],[-97.026222038999947,37.827581767000027],[-97.036300535999942,37.823438966000026],[-97.046378469999979,37.819296162000057],[-97.056455840999945,37.815153356000053],[-97.066532647999964,37.811010546000034],[-97.076608892999957,37.806867734000036],[-97.086684573999946,37.802724918000024],[-97.096759692999967,37.798582100000033],[-97.106834248999974,37.794439279000073],[-97.116908242999955,37.790296454000043],[-97.126981673999978,37.786153627000033],[-97.137054542999977,37.782010797000055],[-97.14712684999995,37.777867964000052],[-97.157198593999965,37.773725128000081],[-97.167269776999944,37.769582289000027],[-97.177340397999956,37.765439448000052],[-97.187410456999942,37.761296603000062],[-97.197479953999959,37.757153755000047],[-97.207548889999941,37.753010905000053],[-97.217617263999955,37.748868052000034],[-97.227685077999979,37.744725195000058],[-97.237752329999978,37.740582336000045],[-97.247819020999941,37.736439474000065],[-97.257885150999982,37.732296609000059],[-97.267950719999988,37.728153741000028],[-97.278015727999957,37.724010870000029],[-97.288080175999937,37.719867996000062],[-97.298144063999985,37.715725119000069],[-97.308207390999939,37.711582240000041],[-97.318270157999962,37.707439357000055],[-97.328332363999948,37.703296471000044],[-97.338394010999991,37.699153583000054],[-97.348455097999988,37.695010692000039],[-97.358515624999939,37.690867797000067],[-97.368575591999956,37.686724900000058],[-97.378634999999974,37.682582000000025]]},"properties":{"OID":43,"Product_Type_i":"Semicooked","From_ID":"Retailer4","From_Node":"Chicago Metro Cold Warehouse","From_City_Area":"Hammond (Chicago Metro)","From_State":"IN","From_Latitude":41.637709000000001,"From_Longitude":-87.499498000000003,"Product_Type_j":" Semicooked","To_ID":"Market6","To_Node":"Wichita Consumer Market","To_City_Area":"Wichita","To_State":"KS","To_Latitude":37.682581999999996,"To_Longitude":-97.378635000000003,"Quantity":667.67560000000003,"ORIG_FID":45,"Shape_Length":10.641622082178674}},{"type":"Feature","id":44,"geometry":{"type":"LineString","coordinates":[[-87.49949799999996,41.637709000000029],[-87.511319147999984,41.636188777000029],[-87.523140017999935,41.634668554000029],[-87.534960610999974,41.63314833000004],[-87.54678092499995,41.631628106000051],[-87.558600962999947,41.630107882000061],[-87.570420721999938,41.628587657000026],[-87.582240203999959,41.627067432000047],[-87.594059407999964,41.625547206000078],[-87.605878333999954,41.624026980000053],[-87.617696982999973,41.622506754000028],[-87.629515353999977,41.620986527000071],[-87.641333447999955,41.619466300000056],[-87.653151263999973,41.617946072000052],[-87.664968801999976,41.616425844000048],[-87.676786062999952,41.614905615000055],[-87.688603046999958,41.613385387000051],[-87.700419752999949,41.611865157000068],[-87.71223618199997,41.610344928000075],[-87.724052332999975,41.608824698000035],[-87.735868206999953,41.607304467000063],[-87.747683803999962,41.605784236000034],[-87.759499122999955,41.604264005000061],[-87.771314164999978,41.602743773000043],[-87.783128928999986,41.601223541000024],[-87.794943415999967,41.599703309000063],[-87.806757626999968,41.598183076000055],[-87.818571558999963,41.596662842000057],[-87.830385214999978,41.59514260900005],[-87.842198592999978,41.593622375000052],[-87.854011693999951,41.592102140000065],[-87.865824517999954,41.590581905000079],[-87.877637064999988,41.589061670000035],[-87.889449334999938,41.587541434000059],[-87.901261327999975,41.586021198000026],[-87.91307304299994,41.58450096200005],[-87.924884481999982,41.582980725000027],[-87.93669564299995,41.581460487000072],[-87.948506527999939,41.57994025000005],[-87.960317134999968,41.578420011000048],[-87.972127465999961,41.576899773000036],[-87.983937518999937,41.575379534000035],[-87.99574729599999,41.573859295000034],[-88.00755679599996,41.572339055000043],[-88.01936601899996,41.570818815000052],[-88.031174964999991,41.569298574000072],[-88.042983633999938,41.567778333000035],[-88.054792025999973,41.566258092000055],[-88.06660014199997,41.564737850000029],[-88.078407980999941,41.563217608000059],[-88.090215542999942,41.561697365000043],[-88.102022827999974,41.560177122000027],[-88.113829835999979,41.558656879000068],[-88.125636567999948,41.557136635000063],[-88.137443023999936,41.555616391000058],[-88.149249201999964,41.554096146000063],[-88.161055103999956,41.552575901000068],[-88.172860728999979,41.551055656000074],[-88.184666077999964,41.549535410000033],[-88.196471149999979,41.548015164000049],[-88.208275945999958,41.546494917000075],[-88.220080464999967,41.544974670000045],[-88.231884707999939,41.543454423000071],[-88.243688673999941,41.541934175000051],[-88.255492363999963,41.540413927000031],[-88.267295776999958,41.538893678000079],[-88.279098913999974,41.53737342900007],[-88.290901773999963,41.535853180000061],[-88.302704358999961,41.534332930000062],[-88.314506665999943,41.532812680000063],[-88.326308697999991,41.531292429000075],[-88.338110452999956,41.52977217800003],[-88.349911931999941,41.528251926000053],[-88.361713133999956,41.526731675000065],[-88.373514059999991,41.525211422000041],[-88.385314710999978,41.523691170000063],[-88.39711508399995,41.522170917000039],[-88.408915181999987,41.520650663000026],[-88.420715003999987,41.51913040900007],[-88.432514548999961,41.517610155000057],[-88.444313817999955,41.516089900000054],[-88.456112811999958,41.514569645000051],[-88.467911528999934,41.513049390000049],[-88.479709969999988,41.511529134000057],[-88.491508134999947,41.510008878000065],[-88.503306023999983,41.508488621000026],[-88.515103636999982,41.506968364000045],[-88.526900973999943,41.505448106000074],[-88.538698034999982,41.503927848000046],[-88.550494819999983,41.502407590000075],[-88.562291329999937,41.500887331000058],[-88.574087562999978,41.499367072000041],[-88.585883520999971,41.497846813000081],[-88.597679201999938,41.496326553000074],[-88.609474607999971,41.494806292000078],[-88.621269737999967,41.493286032000071],[-88.633064591999982,41.491765771000075],[-88.64485917099995,41.490245509000033],[-88.656653473999938,41.488725247000048],[-88.668447500999946,41.487204985000062],[-88.680241251999973,41.48568472200003],[-88.692034727999953,41.484164459000056],[-88.703827927999953,41.482644195000034],[-88.715620852999962,41.48112393100007],[-88.727413500999944,41.479603667000049],[-88.739205874999982,41.478083402000038],[-88.750997971999936,41.476563137000028],[-88.762789793999957,41.475042872000074],[-88.774581340999987,41.473522606000074],[-88.78637261199998,41.472002339000028],[-88.798163607999982,41.470482072000038],[-88.809954327999947,41.468961805000049],[-88.821744772999978,41.46744153800006],[-88.833534941999972,41.465921270000081],[-88.845324835999975,41.464401001000056],[-88.857114453999941,41.462880733000077],[-88.868903797999963,41.461360463000062],[-88.880692864999958,41.459840194000037],[-88.892481657999951,41.458319924000079],[-88.904270174999965,41.456799653000076],[-88.916058416999988,41.455279383000061],[-88.927846383999963,41.453759111000068],[-88.939634074999958,41.452238840000064],[-88.951421491999952,41.45071856800007],[-88.963208632999965,41.449198295000031],[-88.974995498999988,41.447678022000048],[-88.986782089999963,41.446157749000065],[-88.998568404999958,41.444637476000025],[-89.010354445999951,41.443117202000053],[-89.022140210999964,41.441596927000035],[-89.033925701999976,41.440076652000073],[-89.045710916999951,41.438556377000054],[-89.057495856999935,41.437036101000047],[-89.069280522999975,41.435515825000039],[-89.081064912999977,41.433995549000031],[-89.092849028999979,41.432475272000033],[-89.104632868999943,41.430954995000036],[-89.116416434999962,41.429434717000049],[-89.128199724999945,41.427914439000062],[-89.139982740999983,41.426394161000076],[-89.151765481999973,41.424873882000043],[-89.163547947999973,41.423353603000066],[-89.175330139999971,41.421833323000044],[-89.187112055999989,41.420313043000078],[-89.198893697999949,41.418792762000066],[-89.210675064999975,41.417272481000055],[-89.222456157999943,41.415752200000043],[-89.234236974999988,41.414231918000041],[-89.246017517999974,41.41271163600004],[-89.257797785999969,41.411191354000039],[-89.269577779999963,41.409671071000048],[-89.281357498999967,41.408150788000057],[-89.293136943999968,41.406630504000077],[-89.30491611299999,41.40511022000004],[-89.316695008999943,41.40358993500007],[-89.328473629999962,41.402069650000044],[-89.34025197599999,41.400549365000074],[-89.352030047999961,41.399029079000059],[-89.36380784499994,41.397508793000043],[-89.375585367999975,41.395988507000027],[-89.387362615999962,41.394468220000078],[-89.399139589999947,41.392947932000027],[-89.410916289999989,41.391427645000078],[-89.422692714999982,41.389907357000027],[-89.434468865999975,41.388387068000043],[-89.446244742999966,41.386866779000059],[-89.458020344999966,41.385346490000074],[-89.469795672999965,41.383826200000044],[-89.481570726999962,41.382305910000071],[-89.493345505999969,41.380785619000051],[-89.505120011999963,41.379265328000031],[-89.516894242999967,41.377745037000068],[-89.52866819999997,41.376224745000059],[-89.540441882999971,41.374704453000049],[-89.552215290999982,41.373184160000051],[-89.56398842599998,41.371663867000052],[-89.575761285999988,41.370143574000053],[-89.587533872999984,41.368623280000065],[-89.599306184999989,41.367102986000077],[-89.611078222999936,41.365582692000032],[-89.622849987999984,41.364062397000055],[-89.634621477999985,41.362542101000031],[-89.646392693999985,41.361021805000064],[-89.658163636999973,41.35950150900004],[-89.66993430499997,41.357981213000073],[-89.681704699999955,41.35646091600006],[-89.693474820999938,41.354940618000057],[-89.705244667999978,41.353420320000055],[-89.717014240999958,41.351900022000052],[-89.728783539999938,41.350379724000049],[-89.740552564999973,41.348859424000068],[-89.752321316999939,41.347339125000076],[-89.764089794999961,41.345818825000038],[-89.775857998999982,41.344298525000056],[-89.787625928999944,41.342778224000028],[-89.799393585999951,41.341257923000057],[-89.811160968999957,41.33973762200003],[-89.822928077999961,41.338217320000069],[-89.834694913999954,41.336697018000052],[-89.846461475999945,41.335176715000046],[-89.858227764999981,41.333656412000039],[-89.869993779999959,41.332136109000032],[-89.881759520999935,41.330615805000036],[-89.893524988999957,41.32909550100004],[-89.905290183999966,41.327575196000055],[-89.917055104999974,41.326054891000069],[-89.928819751999981,41.324534585000038],[-89.940584125999976,41.323014280000052],[-89.952348226999959,41.321493973000031],[-89.964112053999941,41.319973667000056],[-89.975875607999967,41.318453359000046],[-89.987638888999982,41.316933052000024],[-89.999401895999938,41.315412744000071],[-90.011164629999939,41.31389243600006],[-90.022927089999939,41.31237212700006],[-90.034689277999973,41.31085181800006],[-90.04645119199995,41.30933150900006],[-90.05821283299997,41.307811199000071],[-90.06997419999999,41.306290888000035],[-90.081735294999987,41.304770578000046],[-90.093496115999983,41.303250267000067],[-90.105256663999967,41.301729955000042],[-90.117016938999939,41.300209643000073],[-90.128776940999956,41.298689331000048],[-90.14053666999996,41.297169018000034],[-90.152296124999964,41.295648705000076],[-90.164055307999945,41.294128391000072],[-90.175814217999971,41.292608078000058],[-90.187572853999939,41.291087763000064],[-90.199331217999941,41.289567448000071],[-90.211089308999988,41.288047133000077],[-90.222847126999966,41.286526818000027],[-90.234604670999943,41.285006502000044],[-90.246361942999954,41.283486185000072],[-90.258118942999943,41.281965869000032],[-90.269875668999987,41.28044555200006],[-90.281632121999962,41.278925234000042],[-90.293388302999972,41.27740491600008],[-90.30514421099997,41.275884598000061],[-90.316899845999956,41.274364279000054],[-90.328655207999986,41.272843960000046],[-90.340410297999938,41.271323640000048],[-90.352165113999945,41.269803320000051],[-90.363919658999976,41.268283000000054],[-90.375673929999948,41.266762679000067],[-90.387427928999955,41.26524235800008],[-90.39918165499995,41.263722036000047],[-90.410935108999979,41.262201714000071],[-90.42268828999994,41.260681392000038],[-90.434441197999945,41.259161069000072],[-90.446193833999985,41.25764074600005],[-90.457946197999945,41.256120422000038],[-90.46969828899995,41.254600098000026],[-90.481450106999944,41.253079774000071],[-90.493201652999971,41.251559449000069],[-90.504952926999977,41.250039124000068],[-90.51670392799997,41.248518798000077],[-90.528454656999941,41.24699847200003],[-90.540205112999956,41.245478146000039],[-90.551955296999949,41.243957819000059],[-90.563705208999977,41.242437492000079],[-90.575454847999936,41.240917164000052],[-90.587204214999986,41.239396836000026],[-90.598953309999956,41.237876508000056],[-90.610702132999961,41.23635617900004],[-90.622450682999954,41.234835850000024],[-90.634198960999981,41.233315520000076],[-90.645946966999986,41.231795190000071],[-90.657694700999969,41.230274860000065],[-90.669442162999985,41.228754529000071],[-90.68118935199999,41.227234198000076],[-90.692936269999961,41.225713866000035],[-90.704682914999978,41.224193534000051],[-90.716429287999972,41.222673201000077],[-90.72817538999999,41.221152869000036],[-90.739921218999939,41.219632535000073],[-90.751666775999979,41.218112202000043],[-90.76341206099994,41.21659186800008],[-90.775157074999981,41.215071533000071],[-90.786901815999954,41.213551198000062],[-90.798646284999961,41.212030863000052],[-90.810390482999935,41.210510527000054],[-90.822134408999943,41.208990191000055],[-90.83387806199994,41.207469855000056],[-90.84562144399996,41.205949518000068],[-90.857364554999947,41.204429180000034],[-90.869107392999979,41.202908843000046],[-90.880849959999978,41.201388505000068],[-90.892592254999954,41.199868166000044],[-90.904334277999965,41.198347827000077],[-90.916076028999953,41.196827488000054],[-90.927817508999965,41.19530714800004],[-90.939558716999954,41.193786808000027],[-90.951299653999968,41.192266468000071],[-90.963040317999969,41.190746127000068],[-90.974780711999983,41.189225785000076],[-90.986520832999986,41.187705444000073],[-90.998260682999955,41.186185102000024],[-91.010000261999949,41.184664759000043],[-91.021739568999976,41.183144416000061],[-91.033478603999981,41.18162407300008],[-91.045217367999953,41.180103729000052],[-91.056955860999949,41.178583385000024],[-91.068694081999979,41.177063040000064],[-91.080432031999976,41.175542695000047],[-91.092169709999951,41.17402235000003],[-91.103907116999949,41.17250200400008],[-91.115644252999971,41.170981658000073],[-91.12738111699997,41.169461312000067],[-91.139117709999937,41.167940965000071],[-91.150854031999984,41.166420617000028],[-91.162590081999952,41.164900270000032],[-91.174325861999989,41.163379921000057],[-91.186061368999958,41.161859573000072],[-91.19779660599994,41.16033922400004],[-91.209531571999946,41.158818875000065],[-91.221266265999986,41.157298525000044],[-91.233000688999937,41.15577817500008],[-91.244734840999968,41.154257824000069],[-91.256468721999966,41.152737473000059],[-91.268202331999987,41.151217122000048],[-91.279935670999976,41.149696770000048],[-91.291668738999988,41.148176418000048],[-91.303401535999967,41.146656065000059],[-91.31513406199997,41.145135712000069],[-91.32686631699994,41.14361535900008],[-91.338598299999944,41.142095005000044],[-91.350330012999962,41.140574651000065],[-91.362061454999946,41.13905429600004],[-91.373792625999954,41.137533941000072],[-91.385523526999975,41.136013586000047],[-91.397254155999974,41.134493230000032],[-91.408984514999986,41.132972874000075],[-91.420714601999975,41.131452517000071],[-91.432444418999978,41.129932160000067],[-91.444173964999948,41.128411803000063],[-91.455903240999987,41.126891445000069],[-91.467632245999937,41.125371087000076],[-91.479360979999967,41.123850728000036],[-91.491089442999964,41.122330369000053],[-91.502817635999975,41.120810009000024],[-91.514545556999963,41.119289650000042],[-91.526273208999953,41.11776928900008],[-91.538000589999967,41.116248929000051],[-91.549727699999949,41.114728568000032],[-91.561454538999953,41.113208206000024],[-91.573181107999972,41.111687844000073],[-91.584907406999946,41.110167482000065],[-91.596633434999944,41.108647119000068],[-91.608359191999966,41.107126756000071],[-91.620084679999991,41.105606393000073],[-91.631809895999936,41.10408602900003],[-91.643534841999951,41.102565665000043],[-91.65525951799998,41.101045300000067],[-91.666983923999965,41.099524935000034],[-91.678708058999973,41.098004570000057],[-91.690431923999938,41.096484204000035],[-91.702155517999984,41.09496383700008],[-91.713878841999986,41.093443471000057],[-91.725601895999944,41.091923104000045],[-91.737324679999972,41.090402736000044],[-91.749047192999967,41.088882368000043],[-91.760769435999975,41.087362000000041],[-91.77249140899994,41.085841631000051],[-91.784213111999975,41.08432126200006],[-91.795934544999966,41.082800893000069],[-91.807655706999981,41.081280523000032],[-91.819376599999941,41.079760153000052],[-91.831097221999983,41.078239782000026],[-91.84281757399998,41.076719411000056],[-91.854537655999991,41.07519903900004],[-91.866257467999958,41.073678667000024],[-91.877977010999984,41.072158295000065],[-91.889696282999978,41.07063792200006],[-91.901415284999985,41.069117549000055],[-91.913134016999948,41.067597176000049],[-91.92485247999997,41.066076802000055],[-91.936570671999959,41.06455642700007],[-91.948288594999951,41.063036053000076],[-91.960006246999967,41.061515677000045],[-91.971723629999985,41.059995302000061],[-91.98344074299996,41.058474926000031],[-91.995157586999937,41.056954550000057],[-92.006874159999938,41.055434173000037],[-92.018590463999942,41.053913796000074],[-92.030306497999959,41.052393418000065],[-92.042022261999989,41.050873040000056],[-92.053737756999965,41.049352662000047],[-92.065452981999954,41.047832283000048],[-92.077167936999956,41.046311904000049],[-92.088882621999971,41.044791524000061],[-92.100597037999989,41.043271144000073],[-92.112311184999953,41.041750764000028],[-92.124025061999987,41.040230383000051],[-92.135738668999977,41.038710002000073],[-92.14745200699997,41.037189621000039],[-92.159165074999976,41.035669239000072],[-92.170877872999938,41.034148856000058],[-92.182590402999949,41.032628473000045],[-92.194302662999974,41.031108090000032],[-92.206014652999954,41.029587707000076],[-92.217726373999938,41.028067323000073],[-92.22943782599998,41.026546938000081],[-92.241149007999979,41.025026554000078],[-92.252859920999981,41.02350616800004],[-92.264570563999939,41.021985783000048],[-92.276280937999957,41.020465397000066],[-92.287991042999977,41.018945010000039],[-92.299700878999943,41.017424624000057],[-92.311410445999968,41.01590423600004],[-92.32311974299995,41.014383849000069],[-92.334828770999991,41.012863461000052],[-92.346537529999978,41.011343072000045],[-92.358246018999978,41.009822684000028],[-92.36995423999997,41.008302294000032],[-92.381662190999975,41.006781905000025],[-92.393369873999973,41.005261515000029],[-92.405077286999983,41.003741124000044],[-92.41678443099994,41.002220733000058],[-92.428491305999955,41.000700342000073],[-92.440197912999963,40.999179951000031],[-92.451904249999984,40.997659559000056],[-92.463610317999951,40.996139166000034],[-92.475316116999977,40.99461877300007],[-92.487021646999949,40.993098380000049],[-92.49872690899997,40.991577986000038],[-92.510431900999947,40.990057592000028],[-92.522136624999973,40.988537198000074],[-92.533841079999945,40.987016803000074],[-92.545545265999976,40.985496408000074],[-92.557249182999954,40.983976012000028],[-92.56895283099999,40.982455616000038],[-92.580656210999962,40.980935220000049],[-92.592359320999947,40.97941482300007],[-92.604062162999981,40.977894425000045],[-92.615764736999949,40.976374028000066],[-92.627467040999989,40.974853630000041],[-92.639169077999952,40.973333231000026],[-92.650870844999986,40.971812832000069],[-92.662572343999955,40.970292433000054],[-92.674273573999983,40.96877203300005],[-92.685974534999957,40.967251633000046],[-92.69767522799998,40.965731233000042],[-92.709375652999938,40.964210832000049],[-92.721075808999956,40.962690431000055],[-92.732775695999976,40.961170029000073],[-92.744475314999988,40.959649627000033],[-92.756174665999936,40.958129224000061],[-92.767873747999943,40.956608822000078],[-92.779572560999952,40.955088418000059],[-92.791271105999954,40.95356801500003],[-92.802969382999947,40.952047610000079],[-92.81466739199999,40.950527206000061],[-92.826365131999978,40.949006801000053],[-92.838062603999958,40.947486396000045],[-92.849759806999941,40.945965990000047],[-92.861456742999962,40.94444558400005],[-92.87315340899994,40.942925177000063],[-92.884849807999956,40.941404770000076],[-92.896545938999964,40.939884363000033],[-92.908241800999974,40.938363955000057],[-92.919937394999977,40.93684354700008],[-92.931632720999971,40.935323139000047],[-92.943327778999958,40.933802730000025],[-92.955022568999937,40.93228232000007],[-92.966717090999964,40.930761911000047],[-92.978411343999937,40.929241501000035],[-92.990105329999949,40.927721090000034],[-93.001799046999963,40.926200679000033],[-93.013492496999959,40.924680268000031],[-93.025185677999957,40.923159856000041],[-93.036878591999937,40.92163944400005],[-93.048571237999965,40.92011903100007],[-93.06026361499994,40.918598618000033],[-93.071955724999953,40.917078205000053],[-93.083647566999957,40.915557791000026],[-93.095339140999954,40.914037377000056],[-93.107030446999943,40.91251696300003],[-93.11872148499998,40.910996548000071],[-93.130412255999943,40.909476132000066],[-93.142102758999954,40.90795571600006],[-93.153792993999957,40.906435300000055],[-93.165482960999952,40.90491488400005],[-93.177172660999986,40.903394467000055],[-93.188862091999965,40.901874049000071],[-93.200551256999972,40.900353632000076],[-93.212240152999982,40.898833213000046],[-93.223928781999973,40.897312795000062],[-93.235617142999956,40.895792376000031],[-93.247305236999978,40.894271956000068],[-93.258993062999991,40.892751537000038],[-93.27068062099994,40.891231116000029],[-93.282367911999984,40.889710696000066],[-93.294054935999952,40.888190275000056],[-93.30574169099998,40.886669854000047],[-93.317428179999979,40.885149432000048],[-93.32911440099997,40.88362901000005],[-93.340800353999953,40.882108587000062],[-93.352486040999963,40.880588164000073],[-93.364171458999976,40.879067740000039],[-93.375856610999961,40.877547317000051],[-93.387541494999937,40.876026892000027],[-93.399226110999962,40.87450646800005],[-93.410910460999958,40.872986043000026],[-93.422594542999946,40.871465617000069],[-93.434278356999982,40.869945192000046],[-93.44596190499999,40.868424765000043],[-93.45764518499999,40.86690433900003],[-93.469328197999971,40.865383912000027],[-93.481010943999991,40.863863484000035],[-93.492693422999992,40.862343056000043],[-93.504375634999974,40.860822628000051],[-93.516057578999948,40.859302200000059],[-93.527739255999961,40.857781771000077],[-93.539420666999945,40.856261341000049],[-93.551101809999977,40.854740911000079],[-93.562782685999991,40.853220481000051],[-93.574463294999987,40.851700050000034],[-93.586143636999964,40.850179619000073],[-93.597823711999979,40.848659188000056],[-93.609503519999976,40.847138756000049],[-93.621183060999954,40.845618324000043],[-93.63286233599996,40.844097891000047],[-93.644541342999958,40.842577458000051],[-93.656220082999937,40.841057025000055],[-93.667898556999944,40.839536591000069],[-93.679576763999989,40.838016156000037],[-93.691254703999959,40.836495722000052],[-93.702932376999968,40.834975287000077],[-93.714609782999958,40.833454851000056],[-93.726286922999975,40.831934415000035],[-93.737963794999985,40.83041397900007],[-93.749640401999955,40.82889354200006],[-93.761316740999973,40.827373105000049],[-93.772992813999963,40.825852668000039],[-93.784668619999991,40.824332230000039],[-93.796344158999943,40.822811792000039],[-93.80801943199998,40.821291353000049],[-93.819694437999942,40.81977091400006],[-93.831369177999989,40.818250474000081],[-93.843043650999959,40.816730035000035],[-93.854717856999969,40.815209594000066],[-93.866391796999949,40.813689154000031],[-93.878065470999957,40.812168713000062],[-93.889738877999946,40.810648271000048],[-93.901412017999974,40.809127829000033],[-93.913084891999972,40.807607387000076],[-93.924757499999942,40.806086944000072],[-93.936429840999949,40.804566501000068],[-93.948101915999985,40.803046057000074],[-93.959773724999991,40.80152561400007],[-93.971445266999979,40.80000516900003],[-93.983116542999937,40.798484725000037],[-93.994787552999981,40.796964279000065],[-94.006458295999948,40.795443834000025],[-94.018128772999944,40.793923388000053],[-94.029798983999967,40.792402942000081],[-94.041468928999961,40.790882495000062],[-94.053138606999937,40.789362048000044],[-94.06480801899994,40.787841600000036],[-94.076477164999972,40.786321152000028],[-94.088146044999974,40.784800704000077],[-94.099814658999946,40.783280255000079],[-94.111483006999947,40.781759806000025],[-94.123151088999975,40.780239357000028],[-94.134818903999985,40.778718907000041],[-94.146486453999955,40.777198456000065],[-94.158153737999953,40.775678006000078],[-94.169820754999989,40.774157554000055],[-94.181487506999986,40.772637103000079],[-94.193153992999953,40.771116651000057],[-94.204820211999959,40.769596199000034],[-94.216486165999981,40.768075746000079],[-94.228151853999975,40.766555293000067],[-94.23981727599994,40.765034839000066],[-94.251482432999978,40.763514385000065],[-94.263147322999941,40.761993931000063],[-94.274811947999979,40.760473476000072],[-94.286476306999987,40.758953021000025],[-94.298140399999966,40.757432565000045],[-94.309804226999972,40.755912109000064],[-94.321467788999939,40.754391653000027],[-94.333131083999945,40.752871196000058],[-94.344794114999956,40.751350739000031],[-94.35645687899995,40.749830281000072],[-94.36811937799996,40.748309823000056],[-94.379781610999942,40.746789365000041],[-94.39144357899994,40.745268906000035],[-94.403105280999966,40.74374844700003],[-94.414766717999953,40.742227988000025],[-94.426427888999967,40.74070752800003],[-94.438088793999952,40.739187067000046],[-94.449749433999955,40.737666606000062],[-94.461409807999985,40.736146145000077],[-94.473069916999975,40.734625684000036],[-94.484729760999983,40.733105222000063],[-94.496389338999961,40.731584759000043],[-94.508048651999957,40.73006429600008],[-94.51970769899998,40.72854383300006],[-94.531366480999964,40.72702337000004],[-94.543024997999964,40.725502906000031],[-94.554683248999936,40.723982441000032],[-94.566341234999982,40.722461976000034],[-94.577998955999988,40.720941511000035],[-94.589656410999964,40.719421046000036],[-94.601313601999948,40.717900579000059],[-94.612970526999959,40.716380113000071],[-94.624627185999941,40.714859646000036],[-94.636283580999986,40.713339179000059],[-94.647939709999946,40.711818711000035],[-94.659595574999969,40.710298243000068],[-94.671251173999963,40.708777775000044],[-94.682906507999974,40.707257306000031],[-94.694561576999945,40.705736837000075],[-94.70621638099999,40.704216367000072],[-94.717870919999939,40.702695897000069],[-94.729525193999962,40.701175427000067],[-94.741179202999945,40.699654956000074],[-94.752832946999945,40.698134485000026],[-94.764486425999962,40.696614013000044],[-94.77613963999994,40.695093541000062],[-94.787792588999991,40.693573069000024],[-94.799445272999947,40.692052596000053],[-94.811097692999965,40.690532123000025],[-94.822749846999955,40.689011649000065],[-94.834401736999951,40.687491175000048],[-94.846053361999964,40.685970700000041],[-94.857704721999937,40.684450226000081],[-94.869355816999985,40.682929750000028],[-94.881006647999982,40.681409275000078],[-94.892657213999939,40.679888799000025],[-94.904307514999971,40.67836832200004],[-94.915957550999963,40.676847845000054],[-94.927607322999961,40.675327368000069],[-94.939256829999977,40.673806890000037],[-94.950906071999952,40.672286412000062],[-94.962555049999992,40.67076593400003],[-94.974203762999991,40.669245455000066],[-94.985852211999941,40.667724976000045],[-94.997500395999964,40.666204496000034],[-95.009148315999937,40.664684016000081],[-95.020795970999984,40.663163535000081],[-95.032443360999991,40.66164305500007],[-95.044090486999949,40.660122573000081],[-95.055737348999969,40.658602092000081],[-95.06738394599995,40.657081609000045],[-95.079030278999937,40.655561127000055],[-95.090676346999942,40.654040644000077],[-95.102322150999953,40.652520161000041],[-95.113967690999971,40.650999677000073],[-95.125612965999949,40.649479193000047],[-95.13725797699999,40.647958709000079],[-95.148902723999981,40.646438224000065],[-95.160547206999979,40.644917738000061],[-95.172191424999937,40.643397253000046],[-95.183835378999959,40.641876767000042],[-95.195479068999987,40.640356280000049],[-95.207122493999975,40.638835793000055],[-95.21876565599996,40.637315306000062],[-95.230408552999961,40.635794818000079],[-95.242051185999969,40.634274330000039],[-95.253693554999984,40.632753841000067],[-95.265335659999948,40.631233353000027],[-95.276977500999976,40.629712863000066],[-95.288619077999954,40.628192374000037],[-95.300260390999938,40.626671883000029],[-95.311901439999986,40.625151393000067],[-95.323542223999937,40.623630902000059],[-95.33518274499994,40.622110411000051],[-95.346823001999951,40.620589919000054],[-95.358462994999968,40.619069427000056],[-95.370102723999992,40.617548934000069],[-95.381742188999965,40.616028441000026],[-95.393381390999991,40.614507948000039],[-95.405020327999978,40.612987454000063],[-95.41665900199996,40.61146696000003],[-95.42829741099996,40.609946466000054],[-95.439935557999945,40.608425971000031],[-95.451573439999947,40.606905475000076],[-95.463211057999956,40.605384980000053],[-95.474848412999961,40.603864483000052],[-95.486485503999972,40.60234398700004],[-95.49812233199998,40.600823490000039],[-95.509758894999948,40.599302993000038],[-95.521395194999968,40.597782495000047],[-95.533031231999985,40.596261997000056],[-95.544667004999951,40.594741498000076],[-95.556302513999981,40.593220999000039],[-95.56793775999995,40.591700500000059],[-95.579572741999982,40.590180000000032],[-95.591207459999964,40.588659500000063],[-95.602841915999988,40.587138999000047],[-95.614476106999973,40.585618498000031],[-95.626110034999954,40.584097997000072],[-95.637743699999987,40.582577495000066],[-95.64937710099997,40.581056993000061],[-95.66101023899995,40.579536491000056],[-95.672643113999982,40.578015988000061],[-95.684275724999964,40.576495484000077],[-95.695908072999941,40.574974981000025],[-95.707540156999983,40.573454476000052],[-95.719171978999952,40.571933972000068],[-95.730803535999939,40.570413467000037],[-95.742434830999969,40.568892961000074],[-95.754065861999948,40.567372456000044],[-95.765696630999969,40.565851949000034],[-95.77732713599994,40.564331443000071],[-95.788957376999974,40.562810936000062],[-95.800587355999937,40.561290429000053],[-95.812217070999964,40.559769921000054],[-95.823846523999975,40.558249413000055],[-95.835475712999937,40.556728904000067],[-95.847104638999951,40.555208395000079],[-95.858733301999962,40.553687886000034],[-95.870361701999968,40.552167376000057],[-95.881989838999971,40.550646866000079],[-95.893617712999969,40.549126355000055],[-95.905245323999964,40.547605844000032],[-95.916872671999954,40.546085333000065],[-95.928499757999987,40.544564821000051],[-95.940126579999969,40.543044309000038],[-95.951753138999948,40.541523796000035],[-95.963379434999979,40.540003283000033],[-95.975005468999939,40.53848277000003],[-95.986631239999952,40.536962256000038],[-95.99825674799996,40.535441742000046],[-96.009881992999965,40.533921227000064],[-96.021506974999966,40.532400712000026],[-96.033131694999952,40.530880197000045],[-96.044756150999945,40.529359681000074],[-96.05638034499998,40.527839165000046],[-96.068004276999943,40.526318648000029],[-96.07962794599996,40.524798131000068],[-96.091251351999972,40.523277613000062],[-96.10287449499998,40.521757096000044],[-96.114497375999974,40.520236577000048],[-96.126119993999964,40.518716059000042],[-96.13774234899995,40.517195540000046],[-96.149364441999978,40.51567502000006],[-96.160986272999992,40.514154501000064],[-96.172607840999945,40.512633980000032],[-96.18422914599995,40.511113460000047],[-96.195850188999941,40.509592939000072],[-96.207470969999974,40.508072417000051],[-96.219091487999947,40.50655189500003],[-96.230711742999972,40.505031373000065],[-96.242331736999972,40.503510851000044],[-96.253951467999968,40.501990327000044],[-96.265570935999961,40.500469804000033],[-96.277190141999938,40.498949280000033],[-96.288809085999958,40.497428756000033],[-96.300427767999963,40.495908231000044],[-96.312046186999964,40.494387706000055],[-96.323664343999951,40.492867181000065],[-96.335282237999991,40.491346655000029],[-96.346899870999948,40.489826129000051],[-96.358517240999959,40.488305602000025],[-96.370134348999954,40.486785075000057],[-96.381751194999936,40.485264548000032],[-96.393367778999959,40.483744020000074],[-96.404984100999968,40.48222349100007],[-96.416600159999973,40.480702963000056],[-96.428215957999953,40.479182434000052],[-96.439831492999986,40.477661904000058],[-96.451446766999936,40.476141374000065],[-96.46306177799994,40.474620844000071],[-96.474676527999975,40.473100314000078],[-96.486291014999949,40.471579782000049],[-96.497905239999966,40.470059251000066],[-96.509519203999957,40.468538719000037],[-96.521132904999945,40.467018187000065],[-96.532746344999964,40.465497654000046],[-96.544359522999969,40.463977121000028],[-96.555972438999959,40.462456588000066],[-96.567585092999991,40.460936054000058],[-96.579197484999952,40.459415519000061],[-96.590809615999945,40.457894985000053],[-96.60242148399999,40.456374450000055],[-96.614033090999953,40.454853914000068],[-96.625644435999959,40.453333378000025],[-96.63725551999994,40.451812842000038],[-96.648866340999973,40.450292305000062],[-96.660476900999981,40.448771768000029],[-96.672087199999964,40.447251231000052],[-96.68369723699999,40.44573069300003],[-96.695307011999944,40.444210155000064],[-96.70691652499994,40.442689616000052],[-96.718525776999968,40.44116907700004],[-96.730134766999981,40.439648537000039],[-96.74174349599997,40.438127998000027],[-96.753351963999989,40.436607457000036],[-96.764960168999949,40.435086917000035],[-96.776568113999986,40.433566375000055],[-96.788175796999951,40.432045834000064],[-96.799783217999959,40.430525292000027],[-96.811390377999942,40.429004750000047],[-96.822997275999967,40.427484207000077],[-96.834603913999956,40.425963664000051],[-96.846210288999941,40.424443120000035],[-96.857816403999948,40.422922577000065],[-96.86942225699994,40.42140203200006],[-96.881027848999963,40.419881488000044],[-96.892633178999972,40.418360942000049],[-96.904238248999945,40.416840397000044],[-96.915843056999961,40.415319851000049],[-96.927447603999951,40.413799305000055],[-96.939051888999984,40.41227875800007],[-96.950655913999981,40.410758211000029],[-96.962259676999963,40.409237663000056],[-96.973863178999977,40.407717115000025],[-96.985466419999966,40.406196567000052],[-96.997069399999987,40.404676018000032],[-97.008672118999982,40.403155469000069],[-97.020274575999963,40.401634920000049],[-97.031876772999965,40.40011437000004],[-97.043478708999942,40.398593820000031],[-97.055080382999961,40.397073269000032],[-97.066681796999944,40.395552718000033],[-97.078282949999959,40.394032166000045],[-97.089883841999949,40.392511614000057],[-97.101484471999981,40.390991062000069],[-97.113084841999978,40.389470509000034],[-97.124684950999949,40.387949956000057],[-97.136284798999952,40.386429402000033],[-97.147884386999976,40.384908849000055],[-97.159483712999986,40.383388294000042],[-97.17108277899996,40.381867739000029],[-97.182681583999965,40.380347184000073],[-97.194280127999946,40.378826629000059],[-97.205878410999958,40.377306073000057],[-97.217476433999991,40.375785517000054],[-97.229074195999942,40.374264960000062],[-97.240671696999982,40.37274440300007],[-97.252268937999986,40.371223845000031],[-97.263865917999965,40.36970328700005],[-97.275462636999976,40.368182729000068],[-97.28705909599995,40.366662170000041],[-97.298655293999957,40.36514161100007],[-97.310251230999938,40.363621051000052],[-97.321846907999941,40.362100491000035],[-97.333442324999965,40.360579931000075],[-97.345037480999963,40.359059370000068],[-97.356632375999936,40.357538809000062],[-97.368227010999988,40.356018248000055],[-97.379821385999946,40.354497686000059],[-97.391415499999937,40.352977123000073],[-97.403009352999959,40.351456561000077],[-97.414602946999992,40.349935997000046],[-97.426196279999942,40.34841543400006],[-97.437789351999982,40.346894870000028],[-97.449382163999985,40.345374306000053],[-97.460974715999953,40.343853741000032],[-97.472567007999942,40.342333176000068],[-97.484159038999962,40.340812610000057],[-97.495750810999937,40.339292044000047],[-97.507342320999953,40.337771478000036],[-97.51893357199998,40.336250911000036],[-97.530524562999972,40.334730344000036],[-97.542115292999938,40.333209776000047],[-97.553705762999982,40.331689208000057],[-97.565295972999991,40.330168640000068],[-97.576885922999963,40.328648071000032],[-97.588475612999957,40.327127502000053],[-97.600065041999983,40.325606932000028],[-97.611654211999962,40.32408636200006],[-97.623243121999963,40.322565792000034],[-97.634831770999938,40.321045221000077],[-97.64642016099998,40.319524650000062],[-97.658008290999987,40.318004079000048],[-97.669596159999969,40.316483507000044],[-97.681183769999961,40.31496293400005],[-97.692771119999975,40.313442361000057],[-97.704358209999953,40.311921788000063],[-97.715945039999951,40.31040121500007],[-97.727531609999971,40.30888064100003],[-97.739117920999945,40.307360066000058],[-97.75070397099995,40.305839491000029],[-97.762289761999966,40.304318916000057],[-97.773875292999946,40.302798341000027],[-97.785460563999948,40.301277765000066],[-97.79704557599996,40.299757188000058],[-97.808630327999936,40.298236612000039],[-97.82021481999999,40.296716034000042],[-97.831799051999951,40.295195457000034],[-97.84338302499998,40.293674879000037],[-97.854966737999973,40.29215430000005],[-97.866550190999988,40.290633722000052],[-97.878133384999956,40.289113142000076],[-97.889716319999991,40.287592563000032],[-97.901298993999944,40.286071983000056],[-97.912881409999954,40.284551402000034],[-97.92446356499994,40.283030822000057],[-97.936045461999981,40.281510240000046],[-97.947627097999941,40.27998965900008],[-97.959208475999958,40.278469077000068],[-97.970789592999949,40.276948494000067],[-97.982370451999941,40.275427912000055],[-97.993951050999954,40.273907328000064],[-98.005531389999987,40.272386745000063],[-98.017111470999964,40.270866161000072],[-98.028691291999962,40.269345576000035],[-98.040270852999981,40.267824992000044],[-98.051850154999954,40.266304406000074],[-98.063429197999938,40.264783821000037],[-98.075007981999988,40.263263235000068],[-98.086586506999936,40.261742648000052],[-98.098164771999961,40.260222062000025],[-98.109742777999941,40.258701474000077],[-98.121320524999987,40.257180887000061],[-98.132898011999941,40.255660299000056],[-98.144475240999952,40.254139710000061],[-98.156052209999984,40.252619121000066],[-98.16762892099996,40.251098532000071],[-98.179205371999956,40.249577943000077],[-98.190781563999963,40.248057353000036],[-98.20235749699998,40.246536762000062],[-98.213933170999951,40.245016171000032],[-98.225508586999979,40.243495580000058],[-98.237083742999971,40.241974989000028],[-98.248658639999974,40.240454397000065],[-98.260233277999987,40.238933804000055],[-98.271807656999954,40.237413211000046],[-98.283381777999978,40.235892618000037],[-98.294955638999966,40.234372024000038],[-98.306529241999954,40.232851430000039],[-98.318102584999963,40.231330836000041],[-98.329675669999972,40.229810241000052],[-98.341248496999981,40.228289646000064],[-98.352821063999954,40.22676905000003],[-98.364393371999938,40.225248454000052],[-98.375965421999979,40.223727858000075],[-98.387537212999973,40.222207261000051],[-98.399108745999968,40.220686664000027],[-98.410680018999983,40.219166066000071],[-98.422251033999942,40.217645468000057],[-98.433821790999957,40.216124870000044],[-98.445392287999937,40.214604271000042],[-98.456962526999973,40.213083672000039],[-98.468532507999953,40.211563072000047],[-98.480102229999943,40.210042472000055],[-98.491671692999944,40.208521871000073],[-98.503240897999945,40.207001271000024],[-98.514809843999956,40.205480669000053],[-98.526378531999967,40.203960068000072],[-98.537946961999978,40.202439466000044],[-98.549515131999954,40.200918863000027],[-98.561083044999975,40.199398260000066],[-98.572650698999951,40.197877657000049],[-98.584218094999983,40.196357054000032],[-98.595785231999969,40.194836450000025],[-98.607352110999955,40.193315845000029],[-98.618918730999951,40.191795240000033],[-98.630485093999937,40.190274635000037],[-98.64205119799999,40.188754029000052],[-98.65361704299994,40.187233423000066],[-98.665182630999936,40.185712817000081],[-98.676747959999943,40.184192210000049],[-98.68831303099995,40.182671603000074],[-98.699877843999957,40.181150995000053],[-98.711442397999974,40.179630387000032],[-98.723006694999981,40.178109779000067],[-98.734570732999941,40.176589170000057],[-98.746134512999959,40.175068561000046],[-98.757698034999976,40.173547951000046],[-98.769261298999936,40.172027341000046],[-98.780824304999953,40.170506730000056],[-98.79238705299997,40.168986120000056],[-98.803949542999987,40.167465508000078],[-98.815511774999948,40.165944897000031],[-98.827073747999975,40.164424285000052],[-98.838635463999992,40.162903672000027],[-98.850196921999952,40.161383059000059],[-98.861758121999969,40.159862446000034],[-98.873319063999986,40.158341832000076],[-98.884879748999992,40.156821218000061],[-98.896440174999952,40.155300604000047],[-98.908000342999969,40.153779989000043],[-98.919560253999975,40.152259374000039],[-98.931119906999982,40.150738758000045],[-98.942679301999988,40.149218142000052],[-98.954238438999937,40.147697525000069],[-98.965797318999989,40.146176909000076],[-98.977355940999985,40.144656291000047],[-98.98891430499998,40.143135674000064],[-99.000472410999976,40.141615056000035],[-99.01203025999996,40.140094437000073],[-99.023587850999945,40.138573818000054],[-99.035145184999976,40.137053199000036],[-99.04670226099995,40.135532579000028],[-99.058259078999981,40.134011959000077],[-99.069815639999945,40.132491339000069],[-99.081371942999965,40.130970718000071],[-99.092927987999985,40.129450097000074],[-99.104483775999938,40.12792947500003],[-99.116039306999937,40.126408853000044],[-99.127594579999936,40.124888231000057],[-99.139149595999982,40.123367608000081],[-99.15070435399997,40.121846984000058],[-99.162258854999948,40.120326361000025],[-99.173813097999982,40.118805737000059],[-99.185367084999939,40.117285112000047],[-99.196920812999963,40.115764487000035],[-99.208474284999966,40.11424386200008],[-99.220027498999968,40.112723236000079],[-99.231580454999971,40.111202610000078],[-99.243133154999953,40.109681984000076],[-99.254685596999991,40.108161357000029],[-99.266237781999962,40.106640730000038],[-99.277789709999979,40.105120102000058],[-99.289341379999939,40.103599474000077],[-99.300892793999992,40.102078845000051],[-99.312443949999988,40.100558217000071],[-99.323994848999973,40.099037587000055],[-99.335545490999948,40.097516958000028],[-99.347095875999969,40.09599632700008],[-99.358646003999979,40.094475697000064],[-99.37019587399999,40.092955066000059],[-99.381745487999979,40.091434435000053],[-99.393294843999968,40.089913803000059],[-99.404843943999992,40.088393171000064],[-99.41639278699995,40.086872539000069],[-99.427941371999964,40.085351906000028],[-99.439489700999957,40.083831272000054],[-99.451037772999939,40.08231063900007],[-99.462585587999968,40.08079000500004],[-99.474133145999986,40.079269370000077],[-99.485680446999936,40.077748735000057],[-99.49722749099999,40.076228100000037],[-99.508774278999965,40.074707464000028],[-99.520320808999941,40.073186828000075],[-99.531867082999952,40.071666192000066],[-99.543413099999952,40.070145555000067],[-99.554958860999989,40.068624918000069],[-99.566504363999968,40.067104280000081],[-99.578049610999983,40.065583642000036],[-99.589594600999988,40.064063003000058],[-99.601139334999971,40.06254236400008],[-99.612683811999943,40.061021725000046],[-99.624228031999962,40.059501085000079],[-99.635771994999971,40.057980445000055],[-99.647315701999958,40.056459805000031],[-99.65885915299998,40.054939164000075],[-99.670402346999992,40.053418523000062],[-99.681945283999937,40.051897881000059],[-99.693487964999974,40.050377239000056],[-99.705030388999944,40.048856596000064],[-99.716572556999949,40.047335954000062],[-99.728114468999991,40.04581531000008],[-99.739656123999964,40.044294667000031],[-99.751197521999984,40.04277402200006],[-99.762738663999983,40.041253378000079],[-99.77427954999996,40.039732733000051],[-99.785820178999984,40.03821208800008],[-99.797360551999986,40.036691442000063],[-99.808900668999968,40.035170796000045],[-99.820440529999985,40.033650150000028],[-99.831980133999991,40.032129503000078],[-99.843519481999977,40.030608855000025],[-99.855058572999951,40.029088208000076],[-99.866597408999951,40.02756756000008],[-99.87813598799994,40.026046911000037],[-99.889674310999965,40.024526262000052],[-99.901212377999968,40.023005613000066],[-99.912750188999951,40.021484963000034],[-99.924287742999979,40.01996431300006],[-99.935825041999976,40.018443663000028],[-99.947362083999963,40.016923012000063],[-99.958898869999985,40.015402360000053],[-99.970435400999975,40.013881709000032],[-99.981971674999954,40.012361057000078],[-99.99350769299997,40.010840404000078],[-100.00504345499996,40.009319751000078],[-100.01657896099994,40.007799098000078],[-100.02811421199999,40.006278444000031],[-100.03964920599998,40.004757790000042],[-100.05118394499999,40.003237136000052],[-100.06271842699994,40.001716481000074],[-100.07425265399996,40.000195825000048],[-100.08578662499997,39.99867517000007],[-100.09732033999995,39.997154514000044],[-100.10885379899997,39.99563385700003],[-100.12038700199997,39.994113200000072],[-100.13191994999994,39.992592543000058],[-100.14345264199994,39.991071885000053],[-100.15498507799998,39.989551227000049],[-100.16651725799994,39.988030569000045],[-100.17804918299998,39.986509910000052],[-100.18958085199995,39.984989250000069],[-100.20111226499995,39.983468591000076],[-100.21264342299997,39.981947931000036],[-100.22417432499998,39.980427270000064],[-100.23570497199995,39.978906609000035],[-100.24723536299996,39.977385948000062],[-100.25876549799995,39.975865286000044],[-100.27029537799996,39.974344624000025],[-100.28182500199995,39.972823962000064],[-100.29335437099996,39.971303299000056],[-100.30488348399996,39.969782635000058],[-100.31641234199998,39.96826197200005],[-100.32794094399998,39.966741308000053],[-100.33946929099994,39.965220643000066],[-100.35099738299999,39.963699978000079],[-100.36252521899996,39.962179313000036],[-100.37405279999996,39.960658647000059],[-100.38558012499999,39.959137981000026],[-100.39710719499999,39.95761731500005],[-100.40863400999996,39.956096648000027],[-100.42016056899996,39.954575980000072],[-100.43168687399998,39.95305531300005],[-100.44321292299998,39.951534644000049],[-100.45473871599995,39.950013976000037],[-100.46626425499994,39.948493307000035],[-100.47778953799997,39.946972638000034],[-100.48931456599996,39.945451968000043],[-100.50083933899998,39.943931298000052],[-100.51236385699997,39.942410627000072],[-100.52388811999998,39.940889957000024],[-100.53541212799996,39.939369285000055],[-100.54693587999998,39.937848614000075],[-100.55845937799995,39.936327941000059],[-100.56998261999996,39.934807269000032],[-100.58150560699994,39.933286596000073],[-100.59302833999999,39.931765923000057],[-100.60455081699996,39.930245249000052],[-100.61607303999995,39.928724575000047],[-100.62759500699997,39.927203900000052],[-100.63911671999995,39.925683225000057],[-100.65063817799995,39.924162550000062],[-100.66215938099998,39.922641874000078],[-100.67368032899998,39.921121198000037],[-100.68520102199994,39.919600522000053],[-100.69672145999999,39.918079845000079],[-100.70824164299995,39.916559168000049],[-100.71976157199998,39.915038490000029],[-100.73128124599998,39.913517812000066],[-100.74280066499995,39.911997133000057],[-100.75431982999999,39.910476454000047],[-100.76583873899995,39.908955775000038],[-100.77735739499997,39.907435095000039],[-100.78887579499997,39.905914415000041],[-100.80039394099998,39.904393735000042],[-100.81191183199996,39.902873054000054],[-100.82342946799997,39.901352373000066],[-100.83494684999994,39.899831691000031],[-100.84646397699998,39.898311009000054],[-100.85798084999999,39.89679032600003],[-100.86949746799996,39.895269643000063],[-100.88101383199995,39.893748960000039],[-100.89252994099996,39.892228276000026],[-100.90404579599999,39.890707592000069],[-100.91556139599999,39.889186908000056],[-100.92707674199994,39.887666223000053],[-100.93859183299998,39.886145538000051],[-100.95010666999997,39.884624852000059],[-100.96162125299998,39.883104166000066],[-100.97313558099995,39.881583479000028],[-100.98464965499994,39.880062792000047],[-100.99616347499995,39.878542105000065],[-101.00767703999998,39.877021417000037],[-101.01919035099996,39.875500729000066],[-101.03070340799997,39.873980041000038],[-101.04221620999999,39.872459352000078],[-101.05372875899997,39.870938662000071],[-101.06524105299997,39.869417973000054],[-101.07675309199999,39.867897283000048],[-101.08826487799996,39.866376592000051],[-101.09977640999995,39.864855901000055],[-101.11128768699996,39.863335210000059],[-101.12279870999998,39.861814518000074],[-101.13430947999996,39.860293826000031],[-101.14581999499995,39.858773134000046],[-101.15733025599997,39.857252441000071],[-101.16884026299999,39.85573174700005],[-101.18035001599998,39.854211054000075],[-101.19185951499998,39.852690360000054],[-101.20336875999999,39.851169665000043],[-101.21487775099996,39.849648970000032],[-101.22638648799995,39.848128275000079],[-101.23789497099995,39.846607579000079],[-101.24940320099995,39.845086883000079],[-101.26091117599998,39.843566187000079],[-101.27241889799996,39.842045490000032],[-101.28392636499996,39.840524792000053],[-101.29543357899996,39.839004095000064],[-101.30694053999997,39.837483397000028],[-101.31844724599995,39.83596269800006],[-101.32995369799994,39.834441999000035],[-101.34145989699994,39.832921300000066],[-101.35296584199995,39.831400600000052],[-101.36447153399996,39.829879900000037],[-101.37597697099994,39.828359200000079],[-101.38748215599998,39.826838499000075],[-101.39898708599998,39.825317797000025],[-101.41049176299998,39.823797096000078],[-101.42199618599994,39.822276394000028],[-101.43350035499998,39.820755691000045],[-101.44500427099996,39.819234988000062],[-101.45650793399994,39.817714285000079],[-101.46801134299994,39.81619358100005],[-101.47951449799996,39.814672877000078],[-101.49101739999998,39.813152173000049],[-101.50252004799995,39.81163146800003],[-101.51402244299999,39.810110762000079],[-101.52552458499997,39.80859005700006],[-101.53702647299997,39.807069351000052],[-101.54852810799997,39.805548644000055],[-101.56002948899999,39.804027937000058],[-101.57153061699995,39.80250723000006],[-101.58303149199998,39.800986522000073],[-101.59453211299996,39.79946581400003],[-101.60603248099994,39.797945106000043],[-101.61753259599999,39.796424397000067],[-101.62903245699994,39.794903687000044],[-101.64053206499995,39.793382978000068],[-101.65203141999996,39.791862268000045],[-101.66353052199997,39.790341557000033],[-101.67502937099994,39.788820846000078],[-101.68652796599997,39.787300135000066],[-101.69802630799995,39.785779423000065],[-101.70952439699994,39.784258711000064],[-101.72102223299999,39.782737999000062],[-101.73251981599998,39.781217286000071],[-101.74401714599998,39.779696572000034],[-101.75551422299998,39.778175859000044],[-101.76701104699998,39.776655145000063],[-101.77850761699995,39.775134430000037],[-101.79000393499996,39.773613715000067],[-101.80149999999998,39.772093000000041]]},"properties":{"OID":44,"Product_Type_i":"Semicooked","From_ID":"Retailer4","From_Node":"Chicago Metro Cold Warehouse","From_City_Area":"Hammond (Chicago Metro)","From_State":"IN","From_Latitude":41.637709000000001,"From_Longitude":-87.499498000000003,"Product_Type_j":" Semicooked","To_ID":"Market7","To_Node":"Saint Francis Consumer Market","To_City_Area":"Saint Francis","To_State":"KS","To_Latitude":39.772092999999998,"To_Longitude":-101.8015,"Quantity":131.96799999999999,"ORIG_FID":46,"Shape_Length":14.423176195849958}},{"type":"Feature","id":45,"geometry":{"type":"LineString","coordinates":[[-93.304969999999969,38.752990000000068],[-93.316176393999967,38.754934501000037],[-93.327383090999945,38.756879002000062],[-93.338590092999937,38.758823502000041],[-93.349797398999954,38.760768001000031],[-93.361005008999939,38.762712499000031],[-93.37221292299995,38.764656997000031],[-93.383421140999985,38.766601495000032],[-93.394629663999979,38.768545991000053],[-93.40583849099994,38.770490487000075],[-93.417047621999984,38.772434983000039],[-93.428257057999986,38.774379477000025],[-93.439466796999966,38.776323971000068],[-93.45067684199995,38.778268465000053],[-93.46188718999997,38.78021295800005],[-93.473097842999948,38.782157450000057],[-93.484308800999941,38.784101941000074],[-93.495520062999958,38.786046432000035],[-93.506731628999944,38.787990922000063],[-93.517943499999944,38.789935412000034],[-93.529155675999959,38.791879901000073],[-93.540368155999943,38.793824389000065],[-93.551580940999941,38.795768876000068],[-93.562794030999953,38.797713363000071],[-93.574007424999991,38.799657849000027],[-93.585221123999986,38.801602335000041],[-93.596435127999939,38.803546820000065],[-93.607649435999974,38.805491304000043],[-93.618864048999967,38.807435788000078],[-93.630078967999964,38.809380271000066],[-93.641294190999986,38.811324753000065],[-93.652509718999966,38.813269235000064],[-93.66372555199996,38.815213716000073],[-93.674941688999979,38.817158197000026],[-93.686158131999946,38.819102676000057],[-93.697374879999984,38.821047156000077],[-93.70859193299998,38.822991634000061],[-93.71980929099999,38.824936112000046],[-93.731026953999958,38.826880589000041],[-93.742244922999987,38.828825066000036],[-93.753463195999984,38.830769541000052],[-93.764681774999985,38.832714017000058],[-93.775900657999955,38.834658491000027],[-93.787119847999975,38.836602965000054],[-93.798339341999963,38.838547439000024],[-93.809559141999955,38.840491911000072],[-93.820779246999962,38.842436383000063],[-93.831999656999983,38.844380854000065],[-93.843220372999951,38.846325325000066],[-93.854441393999991,38.848269795000078],[-93.865662720999978,38.850214265000034],[-93.876884353999969,38.852158733000067],[-93.888106290999986,38.854103201000044],[-93.899328534999938,38.856047669000077],[-93.910551083999962,38.857992136000064],[-93.921773937999944,38.859936602000062],[-93.932997097999987,38.86188106700007],[-93.944220563999977,38.863825532000078],[-93.955444335999971,38.86576999600004],[-93.966668412999979,38.867714460000059],[-93.977892795999992,38.869658923000031],[-93.989117484999952,38.871603385000071],[-94.000342478999983,38.873547847000054],[-94.01156777999995,38.875492308000048],[-94.022793385999989,38.877436768000052],[-94.034019298999965,38.879381228000057],[-94.045245516999955,38.881325687000071],[-94.05647204099995,38.88327014500004],[-94.067698870999948,38.885214603000065],[-94.07892600699995,38.887159060000045],[-94.090153449999946,38.889103516000034],[-94.101381197999956,38.891047972000024],[-94.11260925299996,38.892992427000024],[-94.123837612999978,38.894936881000035],[-94.13506627999999,38.896881335000046],[-94.146295252999948,38.898825788000067],[-94.157524531999968,38.900770241000032],[-94.168754117999981,38.902714693000064],[-94.179984008999952,38.90465914400005],[-94.191214207999963,38.906603595000036],[-94.202444711999988,38.908548044000042],[-94.213675522999949,38.910492494000039],[-94.224906639999972,38.912436942000056],[-94.236138063999988,38.914381390000074],[-94.247369793999951,38.916325838000034],[-94.258601830999964,38.918270284000073],[-94.269834173999982,38.920214730000055],[-94.281066822999946,38.922159176000036],[-94.292299779999951,38.924103620000039],[-94.303533042999959,38.926048064000042],[-94.314766611999971,38.927992508000045],[-94.326000488999966,38.929936951000059],[-94.337234671999965,38.931881393000026],[-94.348469160999969,38.933825834000061],[-94.359703957999955,38.935770275000039],[-94.370939060999945,38.937714715000027],[-94.382174470999985,38.939659155000072],[-94.393410187999962,38.941603594000071],[-94.404646211999989,38.943548032000081],[-94.415882542999952,38.945492469000044],[-94.427119179999977,38.947436906000064],[-94.438356124999984,38.949381343000027],[-94.449593376999985,38.951325778000069],[-94.46083093499999,38.953270213000053],[-94.472068800999978,38.955214648000037],[-94.483306973999959,38.957159081000043],[-94.49454545399999,38.959103514000049],[-94.505784240999958,38.961047947000054],[-94.517023335999966,38.962992378000024],[-94.528262736999977,38.964936809000051],[-94.539502445999972,38.966881240000077],[-94.55074246199996,38.968825670000058],[-94.561982784999941,38.970770099000049],[-94.573223415999962,38.972714527000051],[-94.584464353999977,38.974658955000052],[-94.595705598999984,38.976603382000064],[-94.606947151999975,38.978547809000077],[-94.618189011999959,38.980492235000042],[-94.629431179999983,38.982436660000076],[-94.64067365599999,38.984381084000063],[-94.651916437999944,38.98632550800005],[-94.663159528999984,38.988269932000037],[-94.67440292699996,38.990214354000045],[-94.685646631999987,38.992158776000053],[-94.696890645999986,38.994103198000062],[-94.708134966999978,38.996047618000034],[-94.719379594999964,38.997992038000064],[-94.730624531999979,38.999936458000036],[-94.741869775999987,39.00188087600003],[-94.753115327999978,39.00382529400008],[-94.764361187999953,39.005769712000074],[-94.775607354999977,39.007714129000078],[-94.786853830999974,39.009658545000036],[-94.798100613999964,39.011602960000062],[-94.809347705999983,39.01354737500003],[-94.820595104999938,39.015491789000066],[-94.83184281299998,39.017436203000045],[-94.843090827999958,39.019380616000035],[-94.854339151999966,39.021325028000035],[-94.865587783999956,39.023269440000036],[-94.87683672299994,39.025213850000057],[-94.888085970999953,39.027158261000068],[-94.899335526999948,39.029102670000043],[-94.910585391999973,39.031047079000075],[-94.921835563999991,39.03299148800005],[-94.933086044999982,39.034935895000046],[-94.944336834999945,39.036880302000043],[-94.955587931999958,39.038824709000039],[-94.966839337999943,39.040769115000046],[-94.978091052999957,39.042713520000063],[-94.989343074999965,39.044657924000035],[-95.000595406999992,39.046602328000063],[-95.011848045999955,39.048546731000044],[-95.023100994999936,39.050491133000037],[-95.034354250999968,39.052435535000029],[-95.045607816999961,39.054379936000032],[-95.056861690999938,39.056324337000035],[-95.068115872999954,39.058268737000049],[-95.079370364999988,39.060213136000073],[-95.090625164999949,39.06215753500004],[-95.101880272999949,39.064101933000074],[-95.113135690999968,39.066046330000063],[-95.12439141699997,39.067990727000051],[-95.135647451999944,39.069935122000061],[-95.146903795999947,39.07187951800006],[-95.158160448999979,39.073823913000069],[-95.169417410999984,39.075768307000033],[-95.180674680999971,39.077712700000063],[-95.191932260999977,39.079657093000037],[-95.203190149999955,39.081601485000078],[-95.214448346999973,39.083545876000073],[-95.225706853999952,39.085490267000068],[-95.236965669999961,39.087434657000074],[-95.248224794999942,39.089379047000079],[-95.259484228999952,39.091323435000049],[-95.270743971999991,39.093267824000066],[-95.282004024999992,39.095212211000046],[-95.293264385999976,39.097156598000026],[-95.304525056999978,39.099100984000074],[-95.315786036999953,39.101045370000065],[-95.327047326999946,39.102989755000067],[-95.338308925999968,39.104934139000079],[-95.349570833999962,39.106878523000034],[-95.360833051999975,39.108822906000057],[-95.372095578999961,39.110767288000034],[-95.383358415999965,39.112711670000067],[-95.394621561999941,39.114656051000054],[-95.405885017999935,39.116600431000052],[-95.417148782999959,39.118544811000049],[-95.428412857999945,39.120489190000058],[-95.439677241999959,39.122433568000076],[-95.450941936999982,39.124377946000038],[-95.462206939999987,39.126322323000068],[-95.473472253999944,39.12826670000004],[-95.484737876999986,39.130211075000034],[-95.496003809999991,39.132155451000074],[-95.507270052999957,39.134099825000078],[-95.518536605999941,39.136044199000025],[-95.529803468999944,39.13798857200004],[-95.541070640999976,39.139932945000055],[-95.55233812299997,39.14187731700008],[-95.563605915999972,39.14382168800006],[-95.574874017999946,39.145766058000049],[-95.586142430999985,39.147710428000039],[-95.597411152999939,39.149654798000029],[-95.608680184999969,39.15159916600004],[-95.61994952799995,39.15354353400005],[-95.631219180999949,39.155487902000061],[-95.642489143999967,39.157432269000026],[-95.653759416999947,39.159376635000058],[-95.665029999999945,39.161321000000044]]},"properties":{"OID":45,"Product_Type_i":"Cooked","From_ID":"Farm1","From_Node":"Midwest Poultry Farm","From_City_Area":"Near Sedalia","From_State":"MO","From_Latitude":38.752989999999997,"From_Longitude":-93.304969999999997,"Product_Type_j":" Cooked","To_ID":"Processor3","To_Node":"Kansas City Processing Hub","To_City_Area":"Topeka","To_State":"KS","To_Latitude":39.161321000000001,"To_Longitude":-95.665030000000002,"Quantity":4000,"ORIG_FID":47,"Shape_Length":2.3951237680758615}},{"type":"Feature","id":46,"geometry":{"type":"LineString","coordinates":[[-89.412879999999973,40.820070000000044],[-89.414960544999985,40.811258696000039],[-89.41704081499995,40.802447379000057],[-89.419120809999981,40.793636048000053],[-89.421200529999965,40.784824704000073],[-89.423279974999957,40.77601334600007],[-89.425359144999959,40.767201975000035],[-89.42743803999997,40.758390590000033],[-89.429516661999969,40.749579192000056],[-89.431595007999988,40.740767780000056],[-89.433673080999938,40.731956355000079],[-89.435750879999944,40.723144916000081],[-89.437828403999958,40.714333464000049],[-89.439905654999961,40.705521998000052],[-89.441982630999973,40.696710519000078],[-89.444059334999963,40.687899026000025],[-89.446135763999962,40.679087520000053],[-89.448211920999938,40.670276000000058],[-89.45028780399997,40.66146446700003],[-89.45236341399999,40.652652921000026],[-89.454438749999952,40.643841360000067],[-89.456513813999948,40.635029787000065],[-89.458588604999989,40.626218200000039],[-89.46066312399995,40.617406599000049],[-89.462737369999957,40.608594985000025],[-89.464811342999951,40.599783357000035],[-89.46688504499997,40.59097171600007],[-89.468958473999976,40.582160061000025],[-89.47103163099996,40.57334839300006],[-89.473104515999978,40.564536712000063],[-89.475177128999974,40.555725017000043],[-89.477249469999947,40.546913308000057],[-89.479321539999944,40.538101586000039],[-89.481393338999965,40.529289851000044],[-89.483464865999963,40.520478102000027],[-89.485536121999985,40.511666339000044],[-89.487607106999974,40.502854564000074],[-89.48967781999994,40.494042774000036],[-89.491748262999977,40.485230971000078],[-89.49381843599997,40.476419155000031],[-89.49588833699994,40.467607325000074],[-89.49795796799998,40.458795482000028],[-89.500027328999977,40.449983625000073],[-89.50209641899994,40.441171755000028],[-89.504165239999963,40.432359871000074],[-89.506233789999953,40.42354797400003],[-89.508302069999957,40.414736063000078],[-89.510370080999962,40.405924139000035],[-89.512437821999981,40.397112201000027],[-89.514505292999957,40.388300250000043],[-89.516572494999991,40.379488286000026],[-89.518639426999982,40.370676308000043],[-89.520706090999965,40.361864316000037],[-89.522772484999962,40.353052311000056],[-89.524838609999961,40.344240293000041],[-89.526904466999952,40.335428261000061],[-89.528970054999945,40.326616215000058],[-89.531035373999941,40.317804157000069],[-89.533100424999986,40.308992084000067],[-89.535165206999977,40.300179998000033],[-89.53722972099996,40.291367899000079],[-89.539293966999935,40.282555787000035],[-89.541357944999959,40.273743660000036],[-89.543421654999975,40.264931521000051],[-89.545485096999982,40.256119368000043],[-89.547548271999972,40.247307201000069],[-89.549611178999953,40.238495021000062],[-89.551673818999973,40.22968282800008],[-89.553736190999985,40.220870621000074],[-89.555798295999978,40.212058400000046],[-89.557860133999952,40.203246166000042],[-89.559921705999955,40.194433919000062],[-89.561983009999949,40.185621658000059],[-89.564044047999971,40.17680938400008],[-89.566104818999975,40.167997096000079],[-89.56816532299996,40.159184795000044],[-89.570225560999972,40.150372481000034],[-89.572285532999956,40.141560153000057],[-89.574345238999967,40.132747811000058],[-89.57640467899995,40.123935456000027],[-89.57846385299996,40.115123088000075],[-89.580522760999941,40.106310706000045],[-89.582581403999939,40.097498311000038],[-89.584639780999964,40.088685902000066],[-89.586697891999961,40.07987348000006],[-89.588755737999975,40.071061044000032],[-89.590813318999949,40.062248595000028],[-89.59287063499994,40.053436133000048],[-89.594927685999949,40.044623657000045],[-89.596984472999964,40.035811167000077],[-89.599040993999949,40.026998664000075],[-89.601097250999942,40.018186148000041],[-89.603153242999952,40.009373618000041],[-89.605208970999968,40.000561075000064],[-89.60726443499999,39.991748518000065],[-89.609319634999963,39.982935948000033],[-89.611374569999953,39.974123365000025],[-89.613429241999938,39.965310768000052],[-89.615483649999987,39.956498158000045],[-89.617537793999986,39.947685534000072],[-89.619591674999981,39.938872897000067],[-89.621645291999982,39.930060246000039],[-89.62369864599998,39.921247582000035],[-89.625751735999984,39.912434904000065],[-89.627804563999973,39.903622213000062],[-89.629857128999959,39.894809509000027],[-89.631909429999951,39.885996791000025],[-89.633961468999985,39.877184060000047],[-89.636013245999948,39.868371315000047],[-89.638064758999974,39.859558557000071],[-89.640116010999975,39.850745785000072],[-89.642166999999972,39.84193300000004]]},"properties":{"OID":46,"Product_Type_i":"Cooked","From_ID":"Farm5","From_Node":"Prairie State Poultry","From_City_Area":"Central Illinois","From_State":"IL","From_Latitude":40.820070000000001,"From_Longitude":-89.412880000000001,"Product_Type_j":" Cooked","To_ID":"Processor1","To_Node":"Springfield Processor","To_City_Area":"Springfield","To_State":"IL","To_Latitude":39.841932999999997,"To_Longitude":-89.642167000000001,"Quantity":53658.159699999997,"ORIG_FID":48,"Shape_Length":1.0046518826021895}},{"type":"Feature","id":47,"geometry":{"type":"LineString","coordinates":[[-89.412879999999973,40.820070000000044],[-89.405065341999943,40.813661061000062],[-89.397251434999987,40.80725211400005],[-89.389438279999979,40.800843161000046],[-89.381625876999976,40.794434200000069],[-89.37381422499999,40.788025232000052],[-89.366003323999962,40.781616257000053],[-89.35819317399995,40.775207275000071],[-89.350383773999965,40.768798286000049],[-89.34257512399995,40.762389289000055],[-89.33476722499995,40.755980286000067],[-89.326960074999988,40.749571275000051],[-89.319153674999939,40.743162257000051],[-89.311348023999983,40.736753232000069],[-89.303543121999951,40.730344200000047],[-89.295738968999956,40.723935161000043],[-89.287935563999952,40.717526114000066],[-89.280132907999985,40.711117061000039],[-89.272330999999951,40.704708000000039]]},"properties":{"OID":47,"Product_Type_i":"Cooked","From_ID":"Farm5","From_Node":"Prairie State Poultry","From_City_Area":"Central Illinois","From_State":"IL","From_Latitude":40.820070000000001,"From_Longitude":-89.412880000000001,"Product_Type_j":" Cooked","To_ID":"Processor5","To_Node":"Arthur Poultry Processing","To_City_Area":"Peoria","To_State":"IL","To_Latitude":40.704707999999997,"To_Longitude":-89.272330999999994,"Quantity":4000,"ORIG_FID":49,"Shape_Length":0.18183073025699287}},{"type":"Feature","id":48,"geometry":{"type":"LineString","coordinates":[[-89.642166999999972,39.84193300000004],[-89.653449469999941,39.839673560000051],[-89.664731569999958,39.837414120000062],[-89.676013299999966,39.835154679000027],[-89.687294660999953,39.83289523600007],[-89.698575651999988,39.830635793000056],[-89.709856273999947,39.828376349000052],[-89.721136525999952,39.826116905000049],[-89.732416407999949,39.823857459000067],[-89.743695920999983,39.821598012000038],[-89.75497506499994,39.819338565000066],[-89.766253838999944,39.817079116000059],[-89.777532243999985,39.814819667000052],[-89.78881027999995,39.812560217000055],[-89.800087946999952,39.810300766000069],[-89.811365243999944,39.808041314000036],[-89.822642171999973,39.805781861000071],[-89.833918730999983,39.80352240700006],[-89.845194920999973,39.801262953000048],[-89.856470741999942,39.799003497000058],[-89.867746193999949,39.796744041000068],[-89.879021276999936,39.794484584000031],[-89.890295990999959,39.792225126000062],[-89.901570335999963,39.789965667000047],[-89.912844311999947,39.787706207000042],[-89.924117919999958,39.785446746000048],[-89.935391158999948,39.783187284000064],[-89.946664028999976,39.780927822000081],[-89.957936529999984,39.778668359000051],[-89.969208662999961,39.776408894000042],[-89.980480426999975,39.774149429000033],[-89.991751822999959,39.771889963000035],[-90.003022849999979,39.769630496000048],[-90.01429350899997,39.767371028000071],[-90.02556379899994,39.765111560000037],[-90.036833720999937,39.762852090000081],[-90.04810327499996,39.760592620000068],[-90.059372460999953,39.758333148000077],[-90.070641277999982,39.756073676000028],[-90.081909726999982,39.753814203000047],[-90.09317780799995,39.751554729000077],[-90.104445519999956,39.74929525400006],[-90.115712864999978,39.747035778000054],[-90.126979840999979,39.744776302000048],[-90.13824644999994,39.742516824000063],[-90.149512690999984,39.740257346000078],[-90.160778562999951,39.737997867000047],[-90.172044067999991,39.735738386000037],[-90.183309204999944,39.733478905000027],[-90.194573974999969,39.731219424000074],[-90.205838375999974,39.728959941000028],[-90.217102409999939,39.726700457000049],[-90.228366075999986,39.724440972000025],[-90.239629373999946,39.722181487000057],[-90.250892304999979,39.719922001000043],[-90.262154868999971,39.71766251300005],[-90.27341706499999,39.715403025000057],[-90.284678892999978,39.713143536000075],[-90.295940353999981,39.710884047000036],[-90.307201447999944,39.708624556000075],[-90.31846217399999,39.706365064000067],[-90.329722532999938,39.70410557200006],[-90.340982524999959,39.701846078000074],[-90.352242149999938,39.699586584000031],[-90.363501406999944,39.697327089000055],[-90.374760296999966,39.695067593000033],[-90.386018820999936,39.692808096000078],[-90.39727697699999,39.690548598000078],[-90.408534765999946,39.688289099000031],[-90.419792187999974,39.68602960000004],[-90.431049242999961,39.683770099000071],[-90.442305931999954,39.681510598000045],[-90.453562252999973,39.67925109600003],[-90.46481820799994,39.676991593000025],[-90.47607379599998,39.674732089000031],[-90.487329017999969,39.672472584000047],[-90.498583871999983,39.670213078000074],[-90.509838359999947,39.667953572000044],[-90.521092481999972,39.665694064000036],[-90.532346236999956,39.663434556000027],[-90.543599624999956,39.661175047000029],[-90.554852646999962,39.658915536000052],[-90.566105302999972,39.656656025000075],[-90.577357591999942,39.654396514000041],[-90.588609514999973,39.652137001000028],[-90.599861070999964,39.649877487000026],[-90.61111226099996,39.647617973000024],[-90.622363084999961,39.645358457000043],[-90.633613542999967,39.643098941000062],[-90.644863634999979,39.640839424000035],[-90.656113360999939,39.638579906000075],[-90.667362719999971,39.636320387000069],[-90.678611713999942,39.634060867000073],[-90.689860340999985,39.631801346000032],[-90.701108602999966,39.629541824000057],[-90.712356498999952,39.627282302000026],[-90.723604028999944,39.625022779000062],[-90.73485119299994,39.622763254000063],[-90.746097991999989,39.620503729000063],[-90.757344423999939,39.618244203000074],[-90.768590490999941,39.615984676000039],[-90.779836192999937,39.613725149000061],[-90.79108152799995,39.611465620000047],[-90.802326498999946,39.609206090000043],[-90.813571102999958,39.60694656000004],[-90.824815342999955,39.604687029000047],[-90.836059215999967,39.602427496000075],[-90.847302724999963,39.600167963000047],[-90.858545867999965,39.597908430000075],[-90.869788645999961,39.595648895000068],[-90.881031057999962,39.593389359000071],[-90.892273104999958,39.591129822000028],[-90.903514787999939,39.588870285000041],[-90.914756103999991,39.586610747000066],[-90.925997055999972,39.584351207000054],[-90.937237642999946,39.582091667000043],[-90.948477864999973,39.579832126000042],[-90.959717721999937,39.577572584000052],[-90.970957212999963,39.575313042000062],[-90.982196339999973,39.573053498000036],[-90.993435102999968,39.570793953000077],[-91.004673499999967,39.568534408000062],[-91.015911531999961,39.566274862000057],[-91.02714919999994,39.564015315000063],[-91.03838650299997,39.561755767000079],[-91.049623441999984,39.559496218000049],[-91.060860014999946,39.55723666800003],[-91.072096224999939,39.554977117000078],[-91.083332068999937,39.552717566000069],[-91.094567549999965,39.550458013000025],[-91.105802664999942,39.548198460000037],[-91.117037416999949,39.54593890600006],[-91.128271803999951,39.543679351000037],[-91.139505826999937,39.541419795000024],[-91.150739484999974,39.539160238000079],[-91.161972778999939,39.536900680000031],[-91.173205708999944,39.53464112100005],[-91.184438274999991,39.532381562000069],[-91.195670476999965,39.530122002000041],[-91.20690231399999,39.527862440000035],[-91.218133787999989,39.525602878000029],[-91.229364897999972,39.523343315000034],[-91.240595642999949,39.521083751000049],[-91.251826024999957,39.518824187000064],[-91.263056042999949,39.516564621000043],[-91.274285696999982,39.514305054000033],[-91.285514986999942,39.51204548700008],[-91.29674391399999,39.50978591900008],[-91.307972476999964,39.507526349000045],[-91.31920067599998,39.505266779000067],[-91.33042851099998,39.503007208000042],[-91.341655982999953,39.500747637000075],[-91.352883091999956,39.498488064000071],[-91.364109836999944,39.496228490000078],[-91.375336217999973,39.493968916000028],[-91.386562235999975,39.491709340000057],[-91.39778789099995,39.489449764000028],[-91.409013181999967,39.487190187000067],[-91.420238109999957,39.48493060900006],[-91.431462674999977,39.482671030000063],[-91.442686875999982,39.480411451000066],[-91.45391071499995,39.478151870000033],[-91.465134189999958,39.475892288000068],[-91.47635730199994,39.473632706000046],[-91.487580050999952,39.471373123000035],[-91.498802436999938,39.469113539000034],[-91.510024459999954,39.466853954000044],[-91.521246119999944,39.464594368000064],[-91.532467417999953,39.462334781000038],[-91.543688351999947,39.46007519300008],[-91.55490892399996,39.457815605000064],[-91.566129132999947,39.45555601500007],[-91.577348978999964,39.453296425000076],[-91.588568461999955,39.451036834000035],[-91.599787582999966,39.448777242000062],[-91.61100634099995,39.446517649000043],[-91.622224736999954,39.444258055000034],[-91.633442769999988,39.441998460000036],[-91.644660440999985,39.439738864000049],[-91.655877748999956,39.437479268000061],[-91.667094694999946,39.435219671000027],[-91.678311277999967,39.432960072000071],[-91.689527498999951,39.430700473000059],[-91.700743357999954,39.428440873000056],[-91.711958854999978,39.426181272000065],[-91.723173988999974,39.423921671000073],[-91.734388760999991,39.421662068000046],[-91.745603170999971,39.419402464000029],[-91.756817219999959,39.41714286000007],[-91.768030905999979,39.414883255000063],[-91.779244229999961,39.412623649000068],[-91.790457191999963,39.410364042000026],[-91.801669791999984,39.408104434000052],[-91.812882029999969,39.405844825000031],[-91.824093906999963,39.403585215000078],[-91.835305421999976,39.401325605000068],[-91.846516574999953,39.399065993000079],[-91.857727365999949,39.396806381000033],[-91.868937794999965,39.394546768000055],[-91.880147862999991,39.392287153000041],[-91.891357569999968,39.390027539000073],[-91.902566914999966,39.387767923000069],[-91.913775897999983,39.385508306000077],[-91.924984519999953,39.383248688000037],[-91.936192779999942,39.380989070000055],[-91.947400678999941,39.378729450000037],[-91.958608216999949,39.376469830000076],[-91.969815393999966,39.374210209000069],[-91.981022208999946,39.371950587000072],[-91.992228662999992,39.369690964000029],[-92.00343475599999,39.367431340000053],[-92.014640486999951,39.365171716000077],[-92.025845857999968,39.362912090000066],[-92.037050866999948,39.360652464000054],[-92.048255515999983,39.358392837000054],[-92.059459802999982,39.356133208000074],[-92.070663729999978,39.353873579000037],[-92.081867295999984,39.351613949000068],[-92.093070499999953,39.349354319000042],[-92.104273343999978,39.347094687000038],[-92.115475827999944,39.344835054000043],[-92.126677949999987,39.342575421000049],[-92.137879711999972,39.340315787000065],[-92.149081112999966,39.338056151000046],[-92.160282153999958,39.335796515000027],[-92.17148283399996,39.333536878000075],[-92.182683152999971,39.331277241000066],[-92.19388311199998,39.329017602000079],[-92.205082710999989,39.326757962000045],[-92.216281948999949,39.324498322000068],[-92.227480826999965,39.322238680000055],[-92.238679343999991,39.319979038000042],[-92.249877500999958,39.31771939500004],[-92.26107529799998,39.315459751000049],[-92.272272734999945,39.313200106000068],[-92.283469811999964,39.31094046000004],[-92.294666527999937,39.30868081400007],[-92.305862883999964,39.306421166000064],[-92.31705888099998,39.304161518000058],[-92.328254516999948,39.301901869000062],[-92.339449792999972,39.299642218000031],[-92.350644709999983,39.297382567000056],[-92.361839265999947,39.295122915000036],[-92.373033462999956,39.292863263000072],[-92.384227299999964,39.290603609000073],[-92.39542077699997,39.288343954000027],[-92.406613894999964,39.286084299000038],[-92.417806651999967,39.283824643000059],[-92.428999050999948,39.281564985000045],[-92.440191088999939,39.279305327000031],[-92.451382767999974,39.277045668000028],[-92.46257408799994,39.274786009000024],[-92.473765047999962,39.272526348000042],[-92.484955647999982,39.27026668600007],[-92.49614588899999,39.268007024000042],[-92.507335770999987,39.265747360000034],[-92.518525293999971,39.263487696000027],[-92.529714456999955,39.26122803100003],[-92.540903260999983,39.258968365000044],[-92.552091705999942,39.256708698000068],[-92.563279790999957,39.254449030000046],[-92.574467517999949,39.252189362000024],[-92.58565488499994,39.24992969200008],[-92.596841893999965,39.247670022000079],[-92.608028542999989,39.245410351000032],[-92.61921483399999,39.243150679000053],[-92.63040076499999,39.240891005000037],[-92.641586337999968,39.238631332000068],[-92.65277155199999,39.236371657000063],[-92.663956406999944,39.234111981000069],[-92.675140902999942,39.231852305000075],[-92.686325040999975,39.229592627000045],[-92.697508819999939,39.227332949000072],[-92.708692239999948,39.225073270000053],[-92.719875301999991,39.222813590000044],[-92.731058005999955,39.220553909000046],[-92.742240349999975,39.218294227000058],[-92.753422335999971,39.216034544000024],[-92.764603963999946,39.213774861000047],[-92.775785233999954,39.211515176000034],[-92.786966144999951,39.209255491000079],[-92.798146697999982,39.206995805000076],[-92.809326891999945,39.204736118000028],[-92.820506728999987,39.202476430000047],[-92.831686206999962,39.200216741000077],[-92.84286532699997,39.19795705100006],[-92.854044088999956,39.195697360000054],[-92.865222491999987,39.193437669000048],[-92.876400537999984,39.191177977000052],[-92.88757822599996,39.188918283000078],[-92.898755555999969,39.186658589000047],[-92.909932527999956,39.184398894000026],[-92.921109141999978,39.182139198000073],[-92.932285397999976,39.179879502000063],[-92.943461296999942,39.177619804000074],[-92.954636837999942,39.175360105000038],[-92.965812020999977,39.17310040600006],[-92.976986845999988,39.170840706000035],[-92.988161313999967,39.168581005000078],[-92.99933542399998,39.166321303000075],[-93.01050917699996,39.164061600000025],[-93.021682571999975,39.161801896000043],[-93.032855609999956,39.159542191000071],[-93.044028289999972,39.157282486000042],[-93.055200612999954,39.155022779000035],[-93.066372577999971,39.152763072000027],[-93.077544186999944,39.150503364000031],[-93.088715437999952,39.148243655000044],[-93.099886330999936,39.145983945000069],[-93.111056867999991,39.143724234000047],[-93.122227047999957,39.141464522000035],[-93.133396869999956,39.139204810000081],[-93.144566334999979,39.136945096000034],[-93.155735443999959,39.134685382000043],[-93.166904194999972,39.132425667000064],[-93.178072588999953,39.130165951000038],[-93.189240626999947,39.127906234000079],[-93.200408306999975,39.125646516000074],[-93.21157563099996,39.12338679700008],[-93.222742597999968,39.12112707700004],[-93.233909208999989,39.118867357000056],[-93.245075461999988,39.116607636000026],[-93.256241358999944,39.114347913000074],[-93.267406899999969,39.112088190000065],[-93.278572082999972,39.109828466000067],[-93.289736910999977,39.10756874100008],[-93.30090138099996,39.105309016000035],[-93.312065495999946,39.103049289000069],[-93.323229252999965,39.100789561000056],[-93.334392654999988,39.098529833000043],[-93.345555699999977,39.096270104000041],[-93.35671838899998,39.09401037400005],[-93.367880721999938,39.091750643000069],[-93.379042697999978,39.089490911000041],[-93.390204317999974,39.087231178000025],[-93.401365581999983,39.084971444000075],[-93.412526489999948,39.082711710000069],[-93.423687041999983,39.080451974000027],[-93.434847237999975,39.078192238000042],[-93.44600707799998,39.075932501000068],[-93.457166561999941,39.073672763000047],[-93.468325689999972,39.071413024000037],[-93.479484461999959,39.069153284000038],[-93.49064287899995,39.066893543000049],[-93.501800938999963,39.06463380200006],[-93.51295864399998,39.062374059000035],[-93.524115992999953,39.060114316000067],[-93.535272986999985,39.057854572000053],[-93.546429624999973,39.05559482700005],[-93.557585906999975,39.053335081000057],[-93.568741833999979,39.051075334000075],[-93.579897405999986,39.048815586000046],[-93.59105262099996,39.046555838000074],[-93.602207481999983,39.044296088000067],[-93.613361986999962,39.042036338000059],[-93.624516136999944,39.039776587000063],[-93.635669930999939,39.037516835000076],[-93.646823369999936,39.035257082000044],[-93.657976453999936,39.032997328000079],[-93.669129182999939,39.030737573000067],[-93.680281556999944,39.028477817000066],[-93.691433574999962,39.026218061000066],[-93.702585238999973,39.023958303000029],[-93.713736546999939,39.021698545000049],[-93.724887500999955,39.01943878600008],[-93.736038098999984,39.017179026000065],[-93.747188342999948,39.01491926500006],[-93.758338231999971,39.012659503000066],[-93.769487765999941,39.010399741000072],[-93.780636944999969,39.008139977000042],[-93.79178576999999,39.005880213000069],[-93.802934238999967,39.003620448000049],[-93.814082354999982,39.00136068200004],[-93.825230114999954,38.999100915000042],[-93.836377520999974,38.996841147000055],[-93.847524571999941,38.994581378000078],[-93.858671268999956,38.992321608000054],[-93.869817611999963,38.990061838000031],[-93.880963599999973,38.987802066000029],[-93.892109232999985,38.985542294000027],[-93.903254512999979,38.983282521000035],[-93.914399437999975,38.981022747000054],[-93.925544007999974,38.978762972000027],[-93.936688224999955,38.976503196000067],[-93.947832086999938,38.974243419000061],[-93.95897559499997,38.971983642000055],[-93.970118749999983,38.96972386300007],[-93.981261549999942,38.967464084000028],[-93.99240399599995,38.965204304000054],[-94.00354608799995,38.962944523000033],[-94.014687825999943,38.96068474100008],[-94.025829209999984,38.95842495800008],[-94.03697023999996,38.956165174000034],[-94.048110916999974,38.953905390000045],[-94.059251238999991,38.951645604000078],[-94.07039120799999,38.949385818000053],[-94.081530823999969,38.947126031000039],[-94.092670084999952,38.944866243000035],[-94.103808992999973,38.942606454000043],[-94.114947547999975,38.94034666400006],[-94.12608574799998,38.938086873000032],[-94.137223595999956,38.93582708200006],[-94.14836108999998,38.933567289000052],[-94.15949822999994,38.931307496000045],[-94.170635016999938,38.929047702000048],[-94.181771450999975,38.926787906000072],[-94.192907530999946,38.92452811000004],[-94.204043257999956,38.922268314000064],[-94.215178631999947,38.920008516000053],[-94.226313652999977,38.917748717000052],[-94.237448320999988,38.915488918000051],[-94.248582634999991,38.913229117000071],[-94.259716596999965,38.910969316000035],[-94.270850204999988,38.908709514000066],[-94.281983459999935,38.90644971100005],[-94.293116362999967,38.904189907000045],[-94.304248911999991,38.901930102000051],[-94.315381108999986,38.899670297000057],[-94.326512952999963,38.897410490000027],[-94.337644443999977,38.895150683000054],[-94.348775581999973,38.892890875000035],[-94.35990636799994,38.890631065000036],[-94.371036799999956,38.888371255000038],[-94.382166880999989,38.88611144500004],[-94.393296607999957,38.883851633000063],[-94.404425983999943,38.88159182000004],[-94.415555005999977,38.879332007000073],[-94.426683675999982,38.877072192000071],[-94.437811993999958,38.874812377000069],[-94.448939958999972,38.872552561000077],[-94.460067571999957,38.870292744000039],[-94.47119483299997,38.868032926000069],[-94.482321740999964,38.865773107000052],[-94.493448296999986,38.863513287000046],[-94.504574500999979,38.86125346700004],[-94.515700352999943,38.858993645000055],[-94.526825851999945,38.85673382300007],[-94.537950999999964,38.854474000000039]]},"properties":{"OID":48,"Product_Type_i":"Cooked","From_ID":"Processor1","From_Node":"Springfield Processor","From_City_Area":"Springfield","From_State":"IL","From_Latitude":39.841932999999997,"From_Longitude":-89.642167000000001,"Product_Type_j":" Cooked","To_ID":"Warehouse2","To_Node":"Kansas City Cold Storage Hub","To_City_Area":"Kansas City","To_State":"MO","To_Latitude":38.854474000000003,"To_Longitude":-94.537951000000007,"Quantity":53545.706899999997,"ORIG_FID":50,"Shape_Length":4.9943760465073694}},{"type":"Feature","id":49,"geometry":{"type":"LineString","coordinates":[[-89.642166999999972,39.84193300000004],[-89.634335943999986,39.848585055000058],[-89.62650413199998,39.855237102000046],[-89.618671563999953,39.861889141000063],[-89.610838239999964,39.86854117300004],[-89.603004158999966,39.875193197000044],[-89.595169320999958,39.881845213000076],[-89.58733372599994,39.888497222000069],[-89.57949737399997,39.895149223000033],[-89.571660263999945,39.90180121700007],[-89.563822396999967,39.908453203000079],[-89.555983770999944,39.915105181000058],[-89.548144386999979,39.921757151000065],[-89.540304243999969,39.928409114000033],[-89.532463341999971,39.935061069000028],[-89.524621681999974,39.941713017000041],[-89.516779261999943,39.948364957000081],[-89.508936081999991,39.955016889000035],[-89.501092141999948,39.961668814000063],[-89.493247442999973,39.968320731000063],[-89.485401981999985,39.974972640000033],[-89.477555761999952,39.981624542000077],[-89.469708779999962,39.988276436000035],[-89.461861036999949,39.994928322000078],[-89.454012532999968,40.001580201000024],[-89.446163266999974,40.008232072000055],[-89.438313239999957,40.014883935000057],[-89.430462449999936,40.021535791000076],[-89.42261089699997,40.028187639000066],[-89.41475858199999,40.034839479000027],[-89.406905504999941,40.041491312000062],[-89.399051663999956,40.048143137000068],[-89.391197058999978,40.054794954000045],[-89.383341690999941,40.061446764000038],[-89.375485558999969,40.06809856600006],[-89.367628662999948,40.074750360000053],[-89.359771001999945,40.081402147000063],[-89.35191257699995,40.088053926000043],[-89.344053386999974,40.094705697000052],[-89.33619343099997,40.101357461000077],[-89.328332709999984,40.108009217000074],[-89.32047122299997,40.114660966000031],[-89.312608970999975,40.121312706000026],[-89.304745951999962,40.127964440000028],[-89.296882166999978,40.134616165000068],[-89.289017614999977,40.141267883000069],[-89.281152295999959,40.14791959300004],[-89.273286208999991,40.154571295000039],[-89.265419355999938,40.161222990000056],[-89.257551733999946,40.167874677000043],[-89.249683344999937,40.174526357000047],[-89.241814186999989,40.181178028000033],[-89.233944259999987,40.187829692000037],[-89.226073564999979,40.194481349000057],[-89.218202100999974,40.201132998000048],[-89.210329867999974,40.207784639000067],[-89.202456864999988,40.214436272000057],[-89.194583091999959,40.221087898000064],[-89.186708548999945,40.227739516000042],[-89.178833235999946,40.234391127000038],[-89.170957152999961,40.241042729000071],[-89.163080297999954,40.247694324000065],[-89.155202672999962,40.254345912000076],[-89.147324275999949,40.260997492000058],[-89.139445106999972,40.267649064000068],[-89.131565166999962,40.274300628000049],[-89.123684454999989,40.280952185000046],[-89.115802969999947,40.287603734000072],[-89.107920711999952,40.294255275000069],[-89.100037681999936,40.300906809000026],[-89.092153878999966,40.307558335000067],[-89.084269301999939,40.314209854000069],[-89.076383950999968,40.320861364000052],[-89.068497826999987,40.327512867000053],[-89.060610928999949,40.33416436300007],[-89.052723255999979,40.34081585000007],[-89.044834807999962,40.347467330000029],[-89.036945584999955,40.354118803000063],[-89.029055587999949,40.360770267000078],[-89.021164813999974,40.367421724000053],[-89.013273264999953,40.374073174000046],[-89.005380939999952,40.380724615000076],[-88.997487838999973,40.387376049000068],[-88.989593961999958,40.394027476000076],[-88.981699306999985,40.400678894000066],[-88.973803875999977,40.407330305000073],[-88.965907666999954,40.413981709000041],[-88.958010680999962,40.420633104000046],[-88.950112916999956,40.427284492000069],[-88.942214374999935,40.433935873000053],[-88.934315053999967,40.440587245000074],[-88.926414955999974,40.447238610000056],[-88.918514077999987,40.453889967000066],[-88.910612420999939,40.460541317000036],[-88.902709984999944,40.467192659000034],[-88.894806768999956,40.47384399300006],[-88.886902772999974,40.480495319000056],[-88.878997997999988,40.48714663800007],[-88.871092441999963,40.493797949000054],[-88.863186104999954,40.500449253000056],[-88.855278986999963,40.507100549000029],[-88.847371087999989,40.513751837000029],[-88.839462407999974,40.520403117000058],[-88.831552945999988,40.527054390000046],[-88.823642701999972,40.533705655000063],[-88.815731675999984,40.54035691200005],[-88.807819867999967,40.547008162000054],[-88.799907275999942,40.55365940400003],[-88.791993901999945,40.560310638000033],[-88.784079743999939,40.566961865000053],[-88.776164802999972,40.573613084000044],[-88.768249078999986,40.580264295000063],[-88.760332569999946,40.586915499000042],[-88.752415275999965,40.59356669500005],[-88.744497198999966,40.600217883000028],[-88.73657833599998,40.60686906400008],[-88.728658688999985,40.613520237000046],[-88.720738255999947,40.62017140200004],[-88.712817036999979,40.626822559000061],[-88.704895032999957,40.633473709000043],[-88.696972241999958,40.640124851000053],[-88.689048664999973,40.64677598600008],[-88.681124300999954,40.653427113000077],[-88.673199150999949,40.660078232000046],[-88.665273212999978,40.666729343000043],[-88.657346487999973,40.673380447000056],[-88.649418974999946,40.680031543000041],[-88.641490673999954,40.686682631000053],[-88.633561584999939,40.693333712000026],[-88.625631707999958,40.699984785000026],[-88.617701040999975,40.706635850000055],[-88.60976958599997,40.713286908000043],[-88.601837340999964,40.71993795800006],[-88.593904306999946,40.726589000000047],[-88.585970482999983,40.733240034000062],[-88.578035868999962,40.739891061000037],[-88.570100464999939,40.74654208000004],[-88.562164269999982,40.75319309200006],[-88.554227283999978,40.759844096000052],[-88.546289506999983,40.766495092000071],[-88.538350937999951,40.77314608000006],[-88.530411577999985,40.779797061000068],[-88.522471425999981,40.786448034000045],[-88.514530481999941,40.793098999000051],[-88.506588744999988,40.799749957000074],[-88.498646215999941,40.806400907000068],[-88.49070289399998,40.813051849000033],[-88.482758777999948,40.819702784000071],[-88.474813868999945,40.826353710000035],[-88.466868165999983,40.833004630000062],[-88.458921668999949,40.83965554100007],[-88.450974377999955,40.846306445000039],[-88.443026291999956,40.852957341000035],[-88.435077410999952,40.85960822900006],[-88.427127734999942,40.866259110000044],[-88.419177263999984,40.872909983000056],[-88.411225996999974,40.87956084800004],[-88.403273934999959,40.88621170600004],[-88.395321075999959,40.892862556000068],[-88.387367419999975,40.899513398000067],[-88.37941296799994,40.906164233000027],[-88.371457718999977,40.912815060000071],[-88.363501672999973,40.919465879000029],[-88.355544828999939,40.926116690000072],[-88.347587187999977,40.932767494000075],[-88.339628747999939,40.939418290000049],[-88.331669509999983,40.94606907800005],[-88.323709473999941,40.952719859000069],[-88.315748638999935,40.959370632000059],[-88.307787003999977,40.966021397000077],[-88.299824569999942,40.972672155000055],[-88.291861336999943,40.97932290500006],[-88.283897303999936,40.985973647000037],[-88.275932469999987,40.992624381000041],[-88.267966835999971,40.999275108000063],[-88.260000401999946,41.005925827000056],[-88.25203316599999,41.012576539000065],[-88.244065128999978,41.019227242000056],[-88.236096290999967,41.025877938000065],[-88.228126650999968,41.032528627000033],[-88.220156207999935,41.03917930700004],[-88.21218496399996,41.045829980000065],[-88.20421291699995,41.05248064500006],[-88.196240066999962,41.059131303000072],[-88.188266413999941,41.065781953000055],[-88.180291956999952,41.072432595000066],[-88.172316696999985,41.079083229000048],[-88.164340632999938,41.085733856000047],[-88.156363763999991,41.092384475000074],[-88.148386091999953,41.099035086000072],[-88.140407613999969,41.10568568900004],[-88.132428331999961,41.112336285000026],[-88.12444824399995,41.118986874000029],[-88.116467349999937,41.125637454000071],[-88.108485650999967,41.132288027000072],[-88.100503145999937,41.138938592000045],[-88.092519833999972,41.145589149000045],[-88.084535715999948,41.152239699000063],[-88.076550790999988,41.158890241000051],[-88.06856505799999,41.165540775000068],[-88.060578518999989,41.172191302000044],[-88.05259117099996,41.178841820000059],[-88.04460301599994,41.185492332000081],[-88.036614051999948,41.192142835000027],[-88.028624279999974,41.198793331000047],[-88.020633697999983,41.205443819000038],[-88.012642307999954,41.212094299000057],[-88.004650108999954,41.218744772000036],[-87.996657099999936,41.225395236000054],[-87.988663280999958,41.232045694000078],[-87.980668651999963,41.238696143000027],[-87.972673211999961,41.24534658500005],[-87.964676961999942,41.251997019000044],[-87.956679900999973,41.258647445000065],[-87.948682027999951,41.265297864000047],[-87.940683343999979,41.271948275000057],[-87.932683848999943,41.278598678000037],[-87.924683540999979,41.285249074000035],[-87.916682420999962,41.291899461000071],[-87.908680487999959,41.298549842000057],[-87.90067774299996,41.305200214000081],[-87.892674183999986,41.311850579000065],[-87.88466981199997,41.318500936000078],[-87.876664625999979,41.325151285000061],[-87.868658625999956,41.331801626000072],[-87.860651811999958,41.338451960000043],[-87.852644183999985,41.345102286000042],[-87.844635739999944,41.351752605000058],[-87.836626481999986,41.358402916000045],[-87.828616407999959,41.36505321900006],[-87.820605518999969,41.371703514000046],[-87.812593813999968,41.37835380100006],[-87.804581291999966,41.385004081000034],[-87.796567954999944,41.391654354000025],[-87.788553799999988,41.398304618000054],[-87.780538828999966,41.404954875000044],[-87.772523039999953,41.411605124000062],[-87.764506433999941,41.41825536500005],[-87.756489009999939,41.424905599000056],[-87.748470767999947,41.431555825000032],[-87.740451707999966,41.438206043000037],[-87.73243182899995,41.444856253000069],[-87.724411130999954,41.451506456000061],[-87.716389613999979,41.458156651000024],[-87.708367276999979,41.464806838000072],[-87.700344120999944,41.471457018000081],[-87.69232014499994,41.47810719000006],[-87.684295347999978,41.484757354000067],[-87.676269730999991,41.491407510000045],[-87.668243292999989,41.49805765900004],[-87.660216033999973,41.504707800000062],[-87.652187953999942,41.511357933000056],[-87.644159051999964,41.518008059000067],[-87.636129327999981,41.524658177000049],[-87.628098781999938,41.531308287000058],[-87.620067413999948,41.537958389000039],[-87.612035221999975,41.544608484000037],[-87.60400220799994,41.551258571000062],[-87.59596836999998,41.557908651000048],[-87.587933708999969,41.564558722000072],[-87.579898223999976,41.571208786000057],[-87.571861914999943,41.577858842000069],[-87.563824780999937,41.584508891000041],[-87.555786822999949,41.591158931000052],[-87.547748038999941,41.59780896400008],[-87.539708430999951,41.604458989000079],[-87.531667996999943,41.611109007000039],[-87.523626736999972,41.617759017000026],[-87.515584650999983,41.624409019000041],[-87.507541738999976,41.631059013000026],[-87.49949799999996,41.637709000000029]]},"properties":{"OID":49,"Product_Type_i":"Cooked","From_ID":"Processor1","From_Node":"Springfield Processor","From_City_Area":"Springfield","From_State":"IL","From_Latitude":39.841932999999997,"From_Longitude":-89.642167000000001,"Product_Type_j":" Cooked","To_ID":"Warehouse3","To_Node":"Chicago Metro Cold Warehouse","To_City_Area":"Hammond (Chicago Metro)","To_State":"IN","To_Latitude":41.637709000000001,"To_Longitude":-87.499498000000003,"Quantity":112.4528,"ORIG_FID":51,"Shape_Length":2.7957036223102532}},{"type":"Feature","id":50,"geometry":{"type":"LineString","coordinates":[[-95.665029999999945,39.161321000000044],[-95.653532892999976,39.160474173000068],[-95.64203592299998,39.159627345000047],[-95.630539091999935,39.158780518000071],[-95.619042397999976,39.15793369000005],[-95.607545841999979,39.157086862000028],[-95.596049423999943,39.156240034000064],[-95.584553142999937,39.155393206000042],[-95.573057000999938,39.154546378000077],[-95.561560995999969,39.153699549000066],[-95.550065128999961,39.152852721000045],[-95.538569399999972,39.152005892000034],[-95.527073807999955,39.151159064000069],[-95.515578353999956,39.150312235000058],[-95.504083037999976,39.149465406000047],[-95.492587859999958,39.148618577000036],[-95.481092819999958,39.147771748000025],[-95.469597916999987,39.146924918000025],[-95.458103151999978,39.146078089000071],[-95.446608524999988,39.14523125900007],[-95.435114035999959,39.14438442900007],[-95.423619683999959,39.143537600000059],[-95.412125469999978,39.142690770000058],[-95.400631393999959,39.141843940000058],[-95.389137454999968,39.140997109000068],[-95.377643653999939,39.140150279000068],[-95.366149990999986,39.139303449000067],[-95.354656464999948,39.138456618000077],[-95.343163077999975,39.137609787000031],[-95.331669826999985,39.13676295700003],[-95.320176714999945,39.135916126000041],[-95.308683739999935,39.135069295000051],[-95.297190902999944,39.134222463000071],[-95.285698203999971,39.133375632000025],[-95.27420564199997,39.132528801000035],[-95.262713217999988,39.131681969000056],[-95.251220930999978,39.130835138000066],[-95.239728781999986,39.12998830600003],[-95.228236770999956,39.12914147400005],[-95.216744896999955,39.128294642000071],[-95.205253160999973,39.127447810000035],[-95.193761561999963,39.126600977000066],[-95.182270101999961,39.12575414500003],[-95.170778777999942,39.124907312000062],[-95.159287592999988,39.124060480000026],[-95.147796544999949,39.123213647000057],[-95.136305633999939,39.122366814000031],[-95.124814860999948,39.121519981000063],[-95.113324225999975,39.120673148000037],[-95.101833727999974,39.119826315000068],[-95.090343367999935,39.118979481000054],[-95.078853144999982,39.118132648000028],[-95.067363059999991,39.11728581400007],[-95.055873111999972,39.116438980000055],[-95.044383301999972,39.11559214600004],[-95.032893628999943,39.114745312000025],[-95.02140409399999,39.113898478000067],[-95.009914696999942,39.113051644000052],[-94.99842543699998,39.112204810000037],[-94.98693631399999,39.111357975000033],[-94.975447328999962,39.110511140000028],[-94.963958481999953,39.10966430600007],[-94.952469771999972,39.108817471000066],[-94.940981198999964,39.107970636000061],[-94.929492763999974,39.107123801000057],[-94.918004466999946,39.106276965000063],[-94.906516305999958,39.105430130000059],[-94.895028283999977,39.104583294000065],[-94.88354039799998,39.103736459000061],[-94.87205265099999,39.102889623000067],[-94.860565039999983,39.102042787000073],[-94.849077566999938,39.101195951000079],[-94.837590231999968,39.100349115000029],[-94.826103033999971,39.099502279000035],[-94.814615972999945,39.098655443000041],[-94.803129049999939,39.097808606000058],[-94.791642263999961,39.096961769000075],[-94.780155615999945,39.096114933000024],[-94.768669104999958,39.095268096000041],[-94.757182730999943,39.094421259000057],[-94.745696494999947,39.093574422000074],[-94.73421039599998,39.092727585000034],[-94.722724433999986,39.091880747000062],[-94.711238609999953,39.091033910000078],[-94.699752922999949,39.090187072000049],[-94.688267373999963,39.089340234000076],[-94.67678196199995,39.088493397000036],[-94.665296686999966,39.087646559000063],[-94.653811548999954,39.086799721000034],[-94.642326548999961,39.085952882000072],[-94.630841686999986,39.085106044000042],[-94.619356960999937,39.08425920600007],[-94.607872372999964,39.083412367000051],[-94.596387921999963,39.082565528000032],[-94.58490360899998,39.08171868900007],[-94.57341943199998,39.080871850000051],[-94.561935392999942,39.080025011000032],[-94.550451491999979,39.07917817200007],[-94.538967726999942,39.078331333000051],[-94.527484099999981,39.077484493000043],[-94.516000609999992,39.076637654000081],[-94.504517257999964,39.075790814000072],[-94.493034042999966,39.074943974000064],[-94.48155096399995,39.074097134000056],[-94.470068023999943,39.073250294000047],[-94.458585219999975,39.072403454000039],[-94.447102553999969,39.071556614000031],[-94.435620023999945,39.070709773000033],[-94.424137632999987,39.069862933000024],[-94.412655377999954,39.069016092000027],[-94.40117325999995,39.068169251000029],[-94.389691279999965,39.067322411000077],[-94.378209436999953,39.066475569000033],[-94.366727730999969,39.065628728000036],[-94.355246161999958,39.064781887000038],[-94.343764730999965,39.06393504600004],[-94.332283435999955,39.063088204000053],[-94.320802278999963,39.062241362000066],[-94.309321258999944,39.061394521000068],[-94.297840375999954,39.060547679000081],[-94.286359630999982,39.059700837000037],[-94.274879021999936,39.05885399400006],[-94.263398549999977,39.058007152000073],[-94.251918215999979,39.057160310000029],[-94.240438018999953,39.056313467000052],[-94.228957958999956,39.055466625000065],[-94.217478035999989,39.054619782000032],[-94.205998249999936,39.053772939000055],[-94.19451860099997,39.052926096000078],[-94.183039089999966,39.052079253000045],[-94.171559714999944,39.051232410000068],[-94.160080477999941,39.050385566000045],[-94.148601376999977,39.049538723000069],[-94.137122413999975,39.048691879000046],[-94.125643587999946,39.04784503500008],[-94.114164898999945,39.046998191000057],[-94.102686346999974,39.046151347000034],[-94.091207931999975,39.045304503000068],[-94.079729653999948,39.044457659000045],[-94.06825151299995,39.043610815000079],[-94.056773508999981,39.042763970000067],[-94.045295641999985,39.041917125000055],[-94.033817911999961,39.041070281000032],[-94.022340318999966,39.040223436000076],[-94.010862862999943,39.039376591000064],[-93.999385543999949,39.038529746000052],[-93.987908361999985,39.03768290000005],[-93.976431317999982,39.036836055000038],[-93.964954409999962,39.035989210000025],[-93.953477638999971,39.03514236400008],[-93.942001004999952,39.034295518000079],[-93.930524507999962,39.033448672000077],[-93.919048147999945,39.032601826000075],[-93.907571924999957,39.031754980000073],[-93.89609583899994,39.030908134000072],[-93.884619889999954,39.03006128800007],[-93.873144077999939,39.029214441000079],[-93.861668402999953,39.028367595000077],[-93.850192863999951,39.027520748000029],[-93.838717462999966,39.026673901000038],[-93.827242198999954,39.025827054000047],[-93.815767070999982,39.024980207000056],[-93.804292080999971,39.024133360000064],[-93.792817226999944,39.023286513000073],[-93.781342509999945,39.022439665000036],[-93.769867929999975,39.021592817000055],[-93.758393486999978,39.020745970000064],[-93.746919180999953,39.019899122000027],[-93.735445011999957,39.019052274000046],[-93.723970978999944,39.018205426000065],[-93.712497083999949,39.017358578000028],[-93.701023324999937,39.016511729000058],[-93.689549702999955,39.015664881000077],[-93.678076217999944,39.014818032000051],[-93.666602869999963,39.01397118400007],[-93.655129658999954,39.013124335000043],[-93.643656583999984,39.012277486000073],[-93.632183646999977,39.011430637000046],[-93.620710845999952,39.010583788000076],[-93.609238181999956,39.00973693800006],[-93.597765653999943,39.008890089000033],[-93.586293263999949,39.008043239000074],[-93.574821009999937,39.007196390000047],[-93.563348892999954,39.006349540000031],[-93.551876912999944,39.005502690000071],[-93.540405069999963,39.004655840000055],[-93.528933363999954,39.003808990000039],[-93.517461793999985,39.002962139000033],[-93.505990360999988,39.002115289000074],[-93.494519064999963,39.001268439000057],[-93.483047904999978,39.000421588000052],[-93.471576881999965,38.999574737000046],[-93.460105995999982,38.99872788600004],[-93.44863524699997,38.997881035000034],[-93.437164633999942,38.997034184000029],[-93.425694158999988,38.99618733300008],[-93.414223818999972,38.995340481000028],[-93.402753616999973,38.994493630000079],[-93.391283550999958,38.993646778000027],[-93.379813621999972,38.992799926000032],[-93.368343829999958,38.991953074000037],[-93.356874173999984,38.991106222000042],[-93.345404654999982,38.990259370000047],[-93.333935272999952,38.989412518000051],[-93.322466026999962,38.988565666000056],[-93.310996917999944,38.987718813000072],[-93.299527945999955,38.98687196000003],[-93.288059109999949,38.986025108000035],[-93.276590410999972,38.985178255000051],[-93.265121848999968,38.984331402000066],[-93.253653422999946,38.983484549000025],[-93.242185133999953,38.982637695000051],[-93.230716980999944,38.981790842000066],[-93.219248964999963,38.980943989000025],[-93.207781085999954,38.980097135000051],[-93.196313343999975,38.979250281000077],[-93.184845736999989,38.978403427000046],[-93.173378267999965,38.977556573000072],[-93.16191093499998,38.976709719000041],[-93.150443738999968,38.975862865000067],[-93.138976678999938,38.975016011000037],[-93.127509755999938,38.974169156000073],[-93.116042968999977,38.973322301000053],[-93.104576318999989,38.972475447000079],[-93.093109804999983,38.971628592000059],[-93.081643428999939,38.970781737000038],[-93.070177187999946,38.969934882000075],[-93.058711083999981,38.969088027000055],[-93.047245116999989,38.968241171000045],[-93.035779285999979,38.967394316000025],[-93.024313591999942,38.966547460000072],[-93.012848033999944,38.965700604000062],[-93.001382612999976,38.964853749000042],[-92.98991732799999,38.964006893000033],[-92.978452178999987,38.96316003700008],[-92.966987167999946,38.962313180000081],[-92.955522291999955,38.961466324000071],[-92.944057552999936,38.960619468000061],[-92.932592950999947,38.959772611000062],[-92.92112848499994,38.958925754000063],[-92.909664155999963,38.958078897000064],[-92.898199962999968,38.957232041000054],[-92.886735905999956,38.956385183000066],[-92.875271985999973,38.955538326000067],[-92.863808201999973,38.954691469000068],[-92.852344554999945,38.953844611000079],[-92.840881043999957,38.95299775400008],[-92.829417669999941,38.952150896000035],[-92.817954431999965,38.951304038000046],[-92.806491329999972,38.950457180000058],[-92.795028364999951,38.949610322000069],[-92.783565535999969,38.948763464000081],[-92.77210284399996,38.947916606000035],[-92.760640287999991,38.947069747000057],[-92.749177867999947,38.946222889000069],[-92.737715584999989,38.945376030000034],[-92.726253437999958,38.944529171000056],[-92.714791426999966,38.943682313000068],[-92.703329552999946,38.942835453000043],[-92.691867814999966,38.941988594000065],[-92.680406213999959,38.941141735000031],[-92.668944748999991,38.940294876000053],[-92.657483419999949,38.939448016000028],[-92.646022226999946,38.938601156000061],[-92.634561170999973,38.937754297000026],[-92.623100250999983,38.936907437000059],[-92.611639467999964,38.936060577000035],[-92.600178820999986,38.935213717000067],[-92.58871830999999,38.934366856000054],[-92.577257934999977,38.93351999600003],[-92.565797696999937,38.932673135000073],[-92.554337594999936,38.931826275000049],[-92.542877628999975,38.930979414000035],[-92.531417798999939,38.930132553000078],[-92.51995810599999,38.929285692000065],[-92.508498548999967,38.928438831000051],[-92.497039127999983,38.927591970000037],[-92.485579843999972,38.926745108000034],[-92.474120695999943,38.925898247000077],[-92.462661683999954,38.925051385000074],[-92.451202807999948,38.924204523000071],[-92.439744067999982,38.923357661000068],[-92.428285464999988,38.922510799000065],[-92.416826997999976,38.921663937000062],[-92.405368666999948,38.920817075000059],[-92.393910471999959,38.919970213000056],[-92.382452413999943,38.919123350000064],[-92.370994490999976,38.91827648800006],[-92.359536704999982,38.917429625000068],[-92.348079054999971,38.916582762000075],[-92.336621540999943,38.915735899000026],[-92.325164163999943,38.914889036000034],[-92.313706921999938,38.914042173000041],[-92.302249816999961,38.913195309000059],[-92.290792847999967,38.912348446000067],[-92.279336014999956,38.911501582000028],[-92.267879317999984,38.910654718000046],[-92.256422756999939,38.909807855000054],[-92.244966332999979,38.908960991000072],[-92.233510043999956,38.908114127000033],[-92.222053891999963,38.907267262000062],[-92.210597875999952,38.90642039800008],[-92.199141994999991,38.905573534000041],[-92.187686250999946,38.90472666900007],[-92.17623064299994,38.903879804000042],[-92.164775170999974,38.90303293900007],[-92.15331983599998,38.902186074000042],[-92.14186463599998,38.901339209000071],[-92.130409571999962,38.900492344000043],[-92.118954644999974,38.899645479000071],[-92.107499852999979,38.898798613000054],[-92.096045197999956,38.897951748000025],[-92.084590677999984,38.897104882000065],[-92.073136294999983,38.896258016000047],[-92.061682046999977,38.895411150000029],[-92.050227935999942,38.894564284000069],[-92.038773960999947,38.893717418000051],[-92.027320121999935,38.892870552000034],[-92.015866417999973,38.892023685000026],[-92.004412850999984,38.891176819000066],[-91.992959419999977,38.890329952000059],[-91.981506123999964,38.889483085000052],[-91.970052964999979,38.888636218000045],[-91.958599941999978,38.887789351000038],[-91.947147054999959,38.886942484000031],[-91.935694302999991,38.88609561700008],[-91.924241687999938,38.885248749000027],[-91.912789207999936,38.884401882000077],[-91.901336864999962,38.883555014000081],[-91.889884656999982,38.882708146000027],[-91.878432585999974,38.881861278000031],[-91.866980649999959,38.881014410000034],[-91.855528850999974,38.880167542000038],[-91.844077186999982,38.879320674000041],[-91.832625658999973,38.878473806000045],[-91.821174266999947,38.877626937000059],[-91.80972301099996,38.876780068000073],[-91.798271890999956,38.875933200000077],[-91.786820906999935,38.875086331000034],[-91.775370057999965,38.874239462000048],[-91.763919345999966,38.873392593000062],[-91.752468768999961,38.87254572300003],[-91.741018328999985,38.871698854000044],[-91.729568023999946,38.870851984000069],[-91.718117854999946,38.870005115000026],[-91.706667821999986,38.869158245000051],[-91.695217923999962,38.868311375000076],[-91.683768162999968,38.867464505000044],[-91.672318537999956,38.866617635000068],[-91.660869047999938,38.865770765000036],[-91.64941969399996,38.864923894000071],[-91.637970475999964,38.864077024000039],[-91.626521393999951,38.863230153000075],[-91.615072446999989,38.862383282000053],[-91.603623636999941,38.861536412000078],[-91.592174961999945,38.860689541000056],[-91.580726422999987,38.859842669000045],[-91.569278018999967,38.85899579800008],[-91.557829751999975,38.858148927000059],[-91.546381619999977,38.857302055000048],[-91.534933623999962,38.856455184000026],[-91.523485763999986,38.855608312000072],[-91.512038039999936,38.854761440000061],[-91.500590450999937,38.85391456800005],[-91.489142997999977,38.853067696000039],[-91.477695680999943,38.852220824000028],[-91.466248499999949,38.851373952000074],[-91.454801453999949,38.850527079000074],[-91.443354543999988,38.849680206000073],[-91.431907769999953,38.848833334000062],[-91.420461131999957,38.847986461000062],[-91.409014628999955,38.847139588000061],[-91.397568261999936,38.846292715000061],[-91.386122029999967,38.845445842000061],[-91.374675934999971,38.844598968000071],[-91.363229974999967,38.84375209500007],[-91.351784149999958,38.84290522100008],[-91.340338461999977,38.84205834800008],[-91.32889290899999,38.841211474000033],[-91.317447490999939,38.840364600000044],[-91.306002209999974,38.839517726000054],[-91.294557063999946,38.838670852000064],[-91.283112052999968,38.837823977000028],[-91.271667178999962,38.836977103000038],[-91.26022243999995,38.836130228000059],[-91.248777835999988,38.835283354000069],[-91.237333367999952,38.834436479000033],[-91.225889035999955,38.833589604000053],[-91.214444839999942,38.832742729000074],[-91.203000778999979,38.831895854000038],[-91.191556852999952,38.831048978000069],[-91.180113062999965,38.830202103000033],[-91.168669408999961,38.829355227000065],[-91.157225890999939,38.828508352000028],[-91.145782507999968,38.82766147600006],[-91.13433925999999,38.826814600000034],[-91.122896147999938,38.825967724000066],[-91.111453171999983,38.82512084800004],[-91.100010330999964,38.824273971000025],[-91.088567625999985,38.823427095000056],[-91.077125055999943,38.822580218000041],[-91.06568262199994,38.821733342000073],[-91.054240322999988,38.820886465000058],[-91.042798159999961,38.820039588000043],[-91.031356132999974,38.819192711000028],[-91.019914240999981,38.81834583400007],[-91.008472483999981,38.817498957000055],[-90.997030862999964,38.81665207900005],[-90.985589377999986,38.815805202000035],[-90.974148027999945,38.814958324000031],[-90.962706812999954,38.814111446000027],[-90.951265733999946,38.813264568000079],[-90.939824789999989,38.812417690000075],[-90.928383981999957,38.81157081200007],[-90.916943309999965,38.810723934000066],[-90.905502771999977,38.809877056000062],[-90.894062370999961,38.809030177000068],[-90.88262210399995,38.808183298000074],[-90.871181973999967,38.80733642000007],[-90.859741977999988,38.806489541000076],[-90.848302117999935,38.805642662000025],[-90.836862393999979,38.804795783000031],[-90.82542280399997,38.803948904000038],[-90.81398335099999,38.803102024000054],[-90.802544031999957,38.802255145000061],[-90.791104848999964,38.801408265000077],[-90.779665801999954,38.800561385000037],[-90.768226889999937,38.799714505000054],[-90.756788112999971,38.798867625000071],[-90.745349471999987,38.798020745000031],[-90.733910965999939,38.797173865000047],[-90.722472594999942,38.796326985000064],[-90.711034359999985,38.795480104000035],[-90.699596259999964,38.794633224000052],[-90.688158294999937,38.793786343000079],[-90.676720465999949,38.792939462000049],[-90.665282771999955,38.792092581000077],[-90.653845213999944,38.791245700000047],[-90.642407789999936,38.790398819000075],[-90.630970501999968,38.789551938000045],[-90.619533349999983,38.788705056000026],[-90.608096332999935,38.787858175000054],[-90.596659450999937,38.787011293000035],[-90.585222703999989,38.786164411000073],[-90.573786092999967,38.785317529000054],[-90.562349616999938,38.784470647000035],[-90.55091327599996,38.783623765000073],[-90.539477069999975,38.782776882000064],[-90.528040999999973,38.781930000000045]]},"properties":{"OID":50,"Product_Type_i":"Cooked","From_ID":"Processor3","From_Node":"Kansas City Processing Hub","From_City_Area":"Topeka","From_State":"KS","From_Latitude":39.161321000000001,"From_Longitude":-95.665030000000002,"Product_Type_j":" Cooked","To_ID":"Warehouse1","To_Node":"St. Louis Regional Cold DC","To_City_Area":"O'Fallon","To_State":"MO","To_Latitude":38.781930000000003,"To_Longitude":-90.528041000000002,"Quantity":4000,"ORIG_FID":52,"Shape_Length":5.1509798936600619}},{"type":"Feature","id":51,"geometry":{"type":"LineString","coordinates":[[-89.272330999999951,40.704708000000039],[-89.262658348999935,40.709834793000027],[-89.252984955999978,40.714961582000058],[-89.243310819999977,40.720088366000027],[-89.233635942999967,40.72521514500005],[-89.223960322999972,40.730341920000058],[-89.214283960999978,40.735468690000062],[-89.204606854999952,40.740595456000051],[-89.194929006999985,40.745722217000036],[-89.185250415999974,40.750848974000064],[-89.175571080999987,40.755975726000031],[-89.165891001999967,40.761102473000051],[-89.15621017999996,40.766229216000056],[-89.146528613999976,40.771355954000057],[-89.13684630299997,40.776482688000044],[-89.127163248999977,40.781609417000027],[-89.117479448999973,40.786736142000052],[-89.107794904999935,40.791862862000073],[-89.098109615999988,40.796989577000033],[-89.088423581999962,40.802116288000036],[-89.07873680299997,40.807242994000035],[-89.069049277999966,40.812369696000076],[-89.05936100699995,40.817496393000056],[-89.049671990999968,40.822623086000078],[-89.039982227999985,40.82774977400004],[-89.03029171999998,40.832876457000054],[-89.020600463999983,40.838003136000054],[-89.010908461999975,40.84312981100004],[-89.001215713999954,40.848256480000032],[-88.991522217999943,40.853383146000056],[-88.981827974999987,40.858509806000029],[-88.972132983999984,40.863636462000045],[-88.962437245999979,40.868763114000046],[-88.952740759999983,40.873889761000044],[-88.94304352599994,40.879016403000037],[-88.933345543999963,40.884143041000073],[-88.923646813999937,40.889269674000047],[-88.913947334999989,40.894396302000075],[-88.904247106999946,40.899522926000031],[-88.894546129999981,40.90464954600003],[-88.884844403999978,40.909776161000025],[-88.875141928999938,40.914902771000072],[-88.865438703999985,40.920029377000048],[-88.855734728999948,40.925155978000078],[-88.846030004999989,40.930282575000035],[-88.836324529999956,40.935409167000046],[-88.826618304999954,40.940535754000052],[-88.816911329999982,40.945662337000044],[-88.807203602999948,40.950788915000032],[-88.797495125999944,40.955915489000063],[-88.787785897999981,40.961042058000032],[-88.778075918999946,40.966168623000044],[-88.768365187999962,40.971295183000052],[-88.758653704999972,40.976421738000056],[-88.748941470999966,40.981548289000045],[-88.739228483999966,40.986674835000031],[-88.72951474499996,40.991801377000058],[-88.719800253999949,40.996927914000025],[-88.710085009999943,41.002054447000035],[-88.700369012999943,41.00718097500004],[-88.690652262999947,41.012307498000041],[-88.680934759999957,41.017434017000028],[-88.671216503999972,41.022560531000067],[-88.661497493999946,41.027687041000036],[-88.651777729999935,41.032813546000057],[-88.642057211999941,41.037940047000063],[-88.632335939999962,41.043066543000066],[-88.622613912999952,41.048193034000064],[-88.612891131999959,41.053319521000049],[-88.603167596999981,41.058446003000029],[-88.593443305999983,41.063572481000051],[-88.583718259999955,41.06869895400007],[-88.573992457999964,41.073825422000027],[-88.564265900999942,41.078951886000027],[-88.554538588999947,41.084078346000069],[-88.544810519999942,41.089204800000061],[-88.535081694999974,41.094331251000028],[-88.525352113999986,41.099457696000059],[-88.515621776999978,41.104584137000074],[-88.505890681999972,41.109710574000076],[-88.496158830999946,41.114837006000073],[-88.486426221999977,41.119963433000066],[-88.476692856999989,41.125089856000045],[-88.466958732999956,41.130216274000077],[-88.45722385199997,41.135342688000037],[-88.447488212999986,41.14046909700005],[-88.437751815999945,41.145595501000059],[-88.428014660999963,41.150721901000054],[-88.418276746999936,41.155848296000045],[-88.408538074999967,41.160974687000078],[-88.398798642999964,41.16610107300005],[-88.389058452999961,41.171227455000064],[-88.379317502999982,41.176353832000075],[-88.369575793999957,41.181480204000025],[-88.359833324999954,41.186606572000073],[-88.350090095999974,41.191732935000061],[-88.340346107999949,41.196859294000035],[-88.330601357999967,41.201985648000061],[-88.32085584899994,41.207111997000027],[-88.311109578999947,41.212238342000035],[-88.301362547999986,41.217364683000028],[-88.291614755999944,41.222491018000028],[-88.281866201999946,41.22761735000006],[-88.272116887999971,41.232743676000041],[-88.262366810999936,41.237869998000065],[-88.25261597299999,41.242996316000074],[-88.242864372999975,41.248122629000079],[-88.233112009999957,41.25324893700008],[-88.223358885999971,41.258375241000067],[-88.213604997999937,41.26350154000005],[-88.203850347999946,41.268627834000029],[-88.194094933999963,41.27375412400005],[-88.184338757999967,41.278880410000056],[-88.174581817999979,41.284006690000069],[-88.164824113999941,41.289132967000057],[-88.155065646999958,41.294259238000052],[-88.145306415999983,41.299385505000032],[-88.135546419999969,41.304511768000054],[-88.125785659999963,41.309638026000073],[-88.116024135999965,41.31476427900003],[-88.106261845999938,41.31989052800003],[-88.096498791999977,41.325016772000026],[-88.086734972999977,41.330143012000065],[-88.07697038799995,41.335269247000042],[-88.067205036999951,41.340395477000072],[-88.057438920999971,41.345521703000031],[-88.047672038999963,41.350647924000043],[-88.037904389999937,41.35577414100004],[-88.028135975999987,41.360900353000034],[-88.018366793999974,41.36602656000008],[-88.008596845999989,41.371152763000055],[-87.998826130999987,41.376278962000072],[-87.989054648999968,41.381405156000028],[-87.979282398999942,41.386531345000037],[-87.969509381999956,41.391657529000042],[-87.959735596999963,41.396783709000033],[-87.949961043999963,41.401909885000066],[-87.940185722999956,41.407036056000038],[-87.930409633999943,41.412162222000063],[-87.920632775999991,41.417288384000074],[-87.910855148999985,41.42241454100008],[-87.901076753999973,41.427540693000026],[-87.891297588999976,41.432666841000071],[-87.881517654999982,41.437792985000044],[-87.871736950999946,41.442919123000024],[-87.86195547799997,41.448045258000036],[-87.852173233999963,41.453171387000054],[-87.84239022099996,41.458297512000058],[-87.832606436999981,41.463423633000048],[-87.822821881999971,41.468549749000033],[-87.813036556999975,41.473675860000071],[-87.803250460999948,41.478801967000038],[-87.793463593999945,41.483928069000058],[-87.783675954999978,41.489054166000074],[-87.77388754499998,41.494180259000075],[-87.76409836299996,41.499306347000072],[-87.754308408999975,41.504432431000055],[-87.74451768299997,41.509558510000033],[-87.734726184999943,41.514684585000055],[-87.724933913999962,41.519810655000072],[-87.715140869999971,41.524936721000074],[-87.705347052999969,41.530062781000026],[-87.695552463999945,41.535188838000067],[-87.685757100999979,41.540314889000058],[-87.675960963999955,41.545440936000034],[-87.666164053999978,41.550566979000052],[-87.656366368999954,41.555693017000067],[-87.646567910999977,41.560819050000077],[-87.636768677999953,41.565945079000073],[-87.626968670999986,41.571071103000065],[-87.617167888999973,41.576197123000043],[-87.60736633199997,41.581323138000073],[-87.597563998999988,41.586449148000042],[-87.587760891999949,41.591575154000054],[-87.577957008999988,41.596701155000062],[-87.568152349999934,41.601827152000055],[-87.558346914999959,41.606953144000045],[-87.548540703999947,41.61207913100003],[-87.538733716999957,41.617205114000058],[-87.528925952999941,41.622331093000071],[-87.519117411999957,41.627457066000034],[-87.509308094999938,41.632583035000039],[-87.49949799999996,41.637709000000029]]},"properties":{"OID":51,"Product_Type_i":"Cooked","From_ID":"Processor5","From_Node":"Arthur Poultry Processing","From_City_Area":"Peoria","From_State":"IL","From_Latitude":40.704707999999997,"From_Longitude":-89.272330999999994,"Product_Type_j":" Cooked","To_ID":"Warehouse3","To_Node":"Chicago Metro Cold Warehouse","To_City_Area":"Hammond (Chicago Metro)","To_State":"IN","To_Latitude":41.637709000000001,"To_Longitude":-87.499498000000003,"Quantity":4000,"ORIG_FID":53,"Shape_Length":2.0033570349073071}},{"type":"Feature","id":52,"geometry":{"type":"LineString","coordinates":[[-90.528040999999973,38.781930000000045],[-90.536642226999959,38.776015643000051],[-90.54524274399995,38.770101280000063],[-90.553842549999956,38.764186911000024],[-90.562441646999957,38.75827253500006],[-90.571040033999964,38.752358154000035],[-90.579637710999975,38.746443767000073],[-90.588234678999981,38.740529374000062],[-90.596830938999972,38.734614975000056],[-90.605426488999967,38.728700570000058],[-90.614021330999947,38.722786159000066],[-90.622615463999978,38.71687174200008],[-90.631208888999936,38.710957318000055],[-90.639801605999935,38.705042889000026],[-90.648393614999975,38.699128454000061],[-90.656984916999988,38.693214013000045],[-90.665575510999986,38.687299566000036],[-90.674165397999957,38.681385113000033],[-90.682754577999958,38.675470654000037],[-90.69134305099999,38.669556189000048],[-90.699930817999984,38.663641717000075],[-90.708517877999952,38.657727240000042],[-90.71710423199994,38.651812757000073],[-90.725689879999948,38.645898268000053],[-90.734274822999964,38.63998377300004],[-90.742859059999944,38.634069272000033],[-90.751442591999989,38.628154765000033],[-90.760025417999941,38.62224025200004],[-90.768607539999948,38.616325733000053],[-90.777188956999964,38.610411208000073],[-90.78576966899999,38.604496676000053],[-90.794349676999957,38.59858213900003],[-90.80292898099998,38.592667596000069],[-90.811507580999944,38.586753047000059],[-90.820085477999953,38.580838492000055],[-90.828662670999961,38.574923931000058],[-90.837239160999957,38.569009364000067],[-90.845814947999941,38.563094791000026],[-90.854390031999969,38.557180212000048],[-90.862964412999986,38.551265627000078],[-90.87153809199998,38.545351036000056],[-90.880111067999962,38.539436439000042],[-90.888683342999968,38.533521836000034],[-90.897254915999952,38.527607227000033],[-90.905825786999969,38.521692612000038],[-90.914395956999954,38.51577799100005],[-90.922965424999973,38.509863364000068],[-90.931534192999948,38.503948731000037],[-90.940102259999946,38.498034092000069],[-90.948669625999969,38.49211944700005],[-90.957236291999948,38.486204796000038],[-90.96580225699995,38.480290140000079],[-90.974367522999955,38.474375477000081],[-90.982932088999974,38.468460808000032],[-90.991495955999937,38.462546133000046],[-91.000059122999971,38.456631452000067],[-91.008621590999951,38.450716765000038],[-91.01718335999999,38.444802072000073],[-91.025744429999975,38.438887374000046],[-91.034304801999951,38.432972669000037],[-91.042864474999988,38.427057958000034],[-91.051423449999959,38.421143241000038],[-91.059981727999968,38.415228518000049],[-91.06853930699998,38.409313790000056],[-91.077096189999963,38.403399055000079],[-91.085652374999938,38.397484314000053],[-91.094207861999962,38.391569568000079],[-91.102762652999957,38.385654815000066],[-91.111316746999989,38.37974005600006],[-91.119870144999936,38.373825292000049],[-91.128422846999968,38.367910521000056],[-91.13697485199998,38.361995744000069],[-91.145526161999953,38.356080962000078],[-91.154076774999965,38.350166173000048],[-91.162626693999982,38.34425137900007],[-91.171175916999971,38.338336578000053],[-91.179724444999977,38.332421772000032],[-91.188272277999943,38.326506959000028],[-91.196819416999972,38.320592140000031],[-91.205365860999962,38.314677316000029],[-91.213911610999958,38.308762486000035],[-91.22245666699996,38.302847649000057],[-91.23100102899997,38.296932807000076],[-91.239544696999985,38.291017958000054],[-91.24808767199994,38.285103104000029],[-91.256629953999948,38.279188244000068],[-91.265171542999951,38.273273377000066],[-91.273712438999951,38.267358505000061],[-91.282252641999946,38.261443627000062],[-91.290792152999984,38.255528742000024],[-91.29933097199995,38.249613852000039],[-91.307869097999969,38.24369895600006],[-91.316406532999963,38.237784054000031],[-91.324943276999988,38.231869146000065],[-91.333479327999953,38.22595423100006],[-91.342014688999939,38.22003931100005],[-91.350549358999956,38.214124385000048],[-91.359083337999948,38.208209453000052],[-91.367616625999972,38.202294515000062],[-91.37614922399996,38.19637957100008],[-91.384681131999969,38.190464621000046],[-91.393212349999942,38.184549665000077],[-91.401742877999936,38.178634703000057],[-91.410272715999952,38.172719735000044],[-91.418801864999978,38.166804761000037],[-91.427330324999957,38.160889781000037],[-91.435858095999947,38.154974796000033],[-91.444385177999948,38.149059804000046],[-91.452911571999948,38.143144806000066],[-91.461437276999959,38.137229802000036],[-91.46996229399997,38.131314792000069],[-91.478486622999981,38.125399777000041],[-91.487010264999981,38.11948475500003],[-91.495533217999991,38.113569727000026],[-91.504055484999981,38.107654694000075],[-91.51257706399997,38.101739654000028],[-91.521097955999949,38.095824609000033],[-91.529618161999963,38.089909557000055],[-91.538137680999967,38.083994500000074],[-91.546656513999949,38.078079436000053],[-91.555174659999977,38.072164367000028],[-91.563692120999974,38.066249291000076],[-91.57220889599995,38.060334210000065],[-91.580724984999961,38.05441912200007],[-91.58924038899994,38.048504029000071],[-91.597755107999944,38.042588930000079],[-91.606269141999974,38.036673825000037],[-91.614782490999971,38.030758713000068],[-91.623295154999937,38.024843596000039],[-91.631807134999974,38.018928473000074],[-91.640318430999969,38.013013344000058],[-91.648829043999967,38.007098209000048],[-91.657338971999991,38.001183068000046],[-91.665848216999962,37.99526792100005],[-91.674356777999947,37.98935276800006],[-91.682864656999982,37.983437609000077],[-91.691371851999975,37.977522444000044],[-91.699878364999961,37.971607273000075],[-91.708384194999951,37.965692096000055],[-91.716889342999991,37.959776913000042],[-91.725393807999978,37.953861725000024],[-91.733897591999948,37.947946530000024],[-91.742400693999969,37.942031329000031],[-91.750903113999982,37.936116123000033],[-91.759404852999978,37.930200910000053],[-91.767905910999957,37.92428569100008],[-91.776406287999976,37.918370467000045],[-91.784905983999977,37.912455236000028],[-91.79340499999995,37.906540000000064]]},"properties":{"OID":52,"Product_Type_i":"Cooked","From_ID":"Warehouse1","From_Node":"St. Louis Regional Cold DC","From_City_Area":"O'Fallon","From_State":"MO","From_Latitude":38.781930000000003,"From_Longitude":-90.528041000000002,"Product_Type_j":" Cooked","To_ID":"Retailer2","To_Node":"Rolla Retailers","To_City_Area":"Rolla","To_State":"MO","To_Latitude":37.90654,"To_Longitude":-91.793405000000007,"Quantity":1400,"ORIG_FID":54,"Shape_Length":1.5386552951448353}},{"type":"Feature","id":53,"geometry":{"type":"LineString","coordinates":[[-94.537950999999964,38.854474000000039],[-94.53702642099995,38.863198231000069],[-94.536101727999949,38.871922448000078],[-94.535176922999938,38.880646653000042],[-94.534252003999939,38.88937084500003],[-94.533326972999987,38.898095023000053],[-94.53240182799999,38.906819189000032],[-94.531476569999938,38.915543341000046],[-94.530551197999955,38.924267480000026],[-94.529625713999962,38.93299160600003],[-94.528700115999982,38.941715720000047],[-94.527774403999956,38.950439820000042],[-94.526848578999989,38.959163907000061],[-94.525922640999966,38.967887981000047],[-94.524996587999965,38.976612041000067],[-94.524070422999955,38.985336089000043],[-94.523144142999968,38.994060124000043],[-94.522217749999982,39.002784145000078],[-94.521291242999951,39.011508154000069],[-94.520364621999988,39.020232149000037],[-94.51943788799997,39.028956132000076],[-94.518511038999975,39.037680101000035],[-94.517584076999981,39.046404057000075],[-94.516656999999952,39.055128000000025]]},"properties":{"OID":53,"Product_Type_i":"Cooked","From_ID":"Warehouse2","From_Node":"Kansas City Cold Storage Hub","From_City_Area":"Kansas City","From_State":"MO","From_Latitude":38.854474000000003,"From_Longitude":-94.537951000000007,"Product_Type_j":" Cooked","To_ID":"Retailer1","To_Node":"Harvesters Community Food Network","To_City_Area":"Kansas City","To_State":"MO","To_Latitude":39.055128000000003,"To_Longitude":-94.516656999999995,"Quantity":9254.8745999999992,"ORIG_FID":55,"Shape_Length":0.20178072865328836}},{"type":"Feature","id":54,"geometry":{"type":"LineString","coordinates":[[-94.537950999999964,38.854474000000039],[-94.527407008999944,38.85085622400004],[-94.516863552999951,38.847238445000073],[-94.506320629999948,38.84362066500006],[-94.495778240999982,38.840002882000078],[-94.48523638599994,38.836385097000061],[-94.474695064999992,38.832767309000076],[-94.464154276999977,38.829149520000044],[-94.453614021999954,38.825531728000044],[-94.443074301999957,38.821913934000065],[-94.432535113999961,38.818296137000061],[-94.421996459999946,38.814678339000068],[-94.411458337999989,38.811060538000049],[-94.400920749999955,38.807442735000052],[-94.390383694999969,38.803824929000029],[-94.379847171999984,38.800207122000074],[-94.36931118199999,38.796589312000037],[-94.358775724999987,38.792971500000078],[-94.348240800999974,38.789353685000037],[-94.337706408999964,38.785735869000064],[-94.327172548999954,38.782118050000065],[-94.316639220999946,38.778500229000031],[-94.306106425999985,38.774882406000074],[-94.29557416199998,38.771264580000036],[-94.285042430999965,38.767646752000076],[-94.274511230999963,38.76402892200008],[-94.263980563999951,38.760411090000048],[-94.253450427999951,38.756793255000048],[-94.242920822999963,38.753175418000069],[-94.232391749999977,38.749557579000054],[-94.221863207999945,38.745939738000061],[-94.211335197999972,38.742321894000042],[-94.200807718999954,38.738704049000035],[-94.190280770999948,38.735086201000058],[-94.179754353999954,38.731468350000057],[-94.169228467999972,38.727850498000066],[-94.158703111999955,38.72423264300005],[-94.14817828799994,38.720614786000056],[-94.137653993999947,38.716996927000025],[-94.127130230999967,38.713379065000026],[-94.116606997999952,38.709761201000049],[-94.10608429499996,38.706143336000025],[-94.095562122999979,38.702525467000044],[-94.085040479999975,38.698907597000073],[-94.074519367999983,38.695289724000077],[-94.063998785999956,38.691671849000045],[-94.053478733999953,38.688053972000034],[-94.042959210999982,38.684436092000055],[-94.032440217999977,38.68081821100003],[-94.021921754999937,38.677200327000037],[-94.011403820999988,38.673582441000065],[-94.000886415999958,38.669964552000067],[-93.99036954099995,38.666346661000034],[-93.979853194999976,38.662728768000079],[-93.969337377999977,38.659110873000031],[-93.958822090999945,38.655492976000062],[-93.948307331999956,38.651875076000067],[-93.937793101999944,38.648257174000037],[-93.927279399999975,38.644639270000027],[-93.916766226999982,38.641021364000039],[-93.906253582999966,38.637403455000026],[-93.895741466999937,38.633785544000034],[-93.88522987999994,38.630167631000063],[-93.874718820999988,38.626549716000056],[-93.864208289999965,38.622931798000025],[-93.853698286999986,38.619313878000071],[-93.843188811999937,38.615695956000025],[-93.832679864999989,38.612078032000056],[-93.822171444999981,38.608460105000063],[-93.811663553999949,38.604842176000034],[-93.801156188999983,38.601224245000026],[-93.790649352999935,38.597606312000039],[-93.780143043999942,38.593988377000073],[-93.769637261999947,38.590370439000026],[-93.759132006999948,38.586752499000056],[-93.748627279999937,38.583134556000061],[-93.73812307899999,38.579516612000077],[-93.727619404999984,38.575898665000068],[-93.717116258999965,38.57228071600008],[-93.706613637999965,38.568662765000056],[-93.696111544999951,38.565044811000064],[-93.685609977999945,38.561426856000026],[-93.675108937999937,38.557808898000076],[-93.664608423999937,38.554190937000044],[-93.654108435999945,38.55057297500008],[-93.64360897399996,38.546955010000033],[-93.633110038999973,38.543337043000065],[-93.622611628999948,38.539719074000061],[-93.612113744999988,38.536101103000078],[-93.601616387999968,38.53248312900007],[-93.591119554999977,38.528865153000027],[-93.580623248999984,38.525247175000061],[-93.570127467999953,38.52162919500006],[-93.55963221199994,38.518011212000033],[-93.549137481999935,38.514393227000028],[-93.538643275999959,38.510775240000044],[-93.528149595999992,38.507157251000081],[-93.517656440999986,38.503539259000036],[-93.507163810999941,38.499921265000069],[-93.496671705999972,38.496303269000066],[-93.486180125999965,38.492685271000028],[-93.475689069999987,38.489067270000078],[-93.465198538999971,38.485449267000035],[-93.454708531999984,38.481831262000071],[-93.444219049999958,38.478213255000071],[-93.433730091999962,38.474595246000035],[-93.423241657999938,38.470977234000031],[-93.412753747999943,38.467359220000048],[-93.402266361999978,38.463741203000041],[-93.391779499999984,38.460123185000043],[-93.381293161999963,38.456505164000077],[-93.370807347999971,38.452887141000076],[-93.360322056999962,38.449269116000039],[-93.349837289999982,38.44565108900008],[-93.339353045999985,38.442033059000039],[-93.32886932599996,38.438415027000076],[-93.318386128999975,38.434796993000077],[-93.307903454999973,38.431178956000053],[-93.297421303999954,38.42756091800004],[-93.286939675999974,38.423942877000059],[-93.276458570999978,38.420324834000041],[-93.265977987999975,38.416706788000056],[-93.255497928999944,38.413088741000024],[-93.245018391999963,38.409470691000024],[-93.234539376999976,38.405852639000045],[-93.224060884999972,38.402234584000041],[-93.213582914999961,38.398616528000048],[-93.20310546799999,38.394998469000029],[-93.192628541999966,38.391380408000032],[-93.182152138999982,38.387762345000056],[-93.171676256999945,38.384144279000054],[-93.161200897999947,38.380526211000074],[-93.150726059999954,38.376908141000058],[-93.140251743999954,38.373290069000063],[-93.129777948999958,38.369671995000033],[-93.119304675999956,38.366053918000034],[-93.108831923999958,38.362435839000057],[-93.098359692999963,38.358817758000043],[-93.087887983999963,38.355199674000062],[-93.077416795999966,38.351581589000034],[-93.066946127999984,38.347963501000038],[-93.056475981999938,38.344345411000063],[-93.046006355999964,38.340727318000063],[-93.035537251999983,38.337109224000073],[-93.025068666999971,38.333491127000059],[-93.014600603999952,38.329873028000065],[-93.004133060999948,38.326254926000047],[-92.993666037999958,38.322636823000039],[-92.983199534999983,38.319018717000063],[-92.972733552999955,38.315400609000051],[-92.962268089999952,38.311782498000071],[-92.951803147999954,38.308164386000044],[-92.94133872499998,38.304546271000049],[-92.930874822999954,38.300928154000076],[-92.920411439999953,38.297310035000066],[-92.909948575999977,38.293691913000032],[-92.899486231999958,38.290073790000065],[-92.889024407999955,38.286455664000073],[-92.878563102999976,38.282837536000045],[-92.868102316999966,38.279219405000049],[-92.857642049999981,38.275601272000074],[-92.847182301999965,38.271983138000053],[-92.836723072999973,38.268365000000074],[-92.82626436299995,38.264746861000049],[-92.815806171999952,38.261128719000055],[-92.80534849999998,38.257510576000072],[-92.794891345999986,38.253892429000075],[-92.784434709999971,38.250274281000031],[-92.773978592999981,38.246656131000066],[-92.76352299399997,38.243037978000075],[-92.753067913999985,38.239419823000048],[-92.742613350999989,38.235801665000054],[-92.732159306999961,38.232183506000069],[-92.721705779999979,38.22856534400006],[-92.711252771999966,38.224947180000072],[-92.700800280999943,38.221329014000048],[-92.690348307999955,38.217710845000056],[-92.679896851999956,38.214092675000074],[-92.669445913999937,38.210474502000068],[-92.658995492999964,38.206856327000025],[-92.64854558899998,38.203238149000072],[-92.638096202999975,38.199619970000072],[-92.62764733399996,38.196001788000046],[-92.617198980999945,38.192383604000042],[-92.606751145999965,38.18876541700007],[-92.596303826999986,38.185147229000052],[-92.585857024999939,38.181529038000065],[-92.575410739999938,38.177910845000042],[-92.564964971999984,38.174292650000041],[-92.554519718999984,38.170674452000071],[-92.544074982999973,38.167056252000066],[-92.533630763999952,38.163438050000025],[-92.523187059999941,38.159819846000062],[-92.512743872999977,38.156201640000063],[-92.502301201999956,38.152583431000039],[-92.491859045999945,38.148965220000036],[-92.481417405999991,38.145347007000055],[-92.470976281999981,38.141728791000048],[-92.460535673999971,38.138110574000052],[-92.450095580999971,38.134492354000031],[-92.439656003999971,38.130874132000031],[-92.429216941999982,38.127255907000063],[-92.418778394999947,38.123637681000048],[-92.408340362999979,38.120019452000065],[-92.397902846999955,38.116401221000046],[-92.387465844999952,38.112782988000049],[-92.377029357999959,38.109164752000027],[-92.366593385999977,38.105546514000025],[-92.356157928999949,38.101928275000034],[-92.345722985999942,38.098310032000029],[-92.335288557999945,38.094691788000034],[-92.32485464399997,38.091073541000071],[-92.314421244999949,38.087455292000072],[-92.303988358999959,38.083837041000038],[-92.29355598799998,38.080218788000025],[-92.283124130999965,38.076600532000043],[-92.272692787999972,38.072982274000026],[-92.262261958999943,38.06936401400003],[-92.251831642999946,38.065745752000055],[-92.24140184099997,38.062127487000055],[-92.230972552999958,38.058509221000065],[-92.220543778999968,38.054890952000051],[-92.210115516999963,38.051272680000068],[-92.199687768999979,38.047654407000039],[-92.18926053399997,38.044036131000041],[-92.178833812999983,38.040417853000065],[-92.168407603999981,38.036799573000053],[-92.157981907999954,38.033181291000062],[-92.147556725999948,38.029563006000046],[-92.137132055999984,38.025944719000051],[-92.12670789799995,38.022326430000078],[-92.116284252999947,38.018708139000069],[-92.105861120999975,38.015089845000034],[-92.09543850099999,38.011471549000078],[-92.085016392999989,38.007853251000029],[-92.074594797999964,38.004234951000058],[-92.064173713999935,38.000616648000062],[-92.053753142999938,37.996998344000076],[-92.043333083999983,37.993380037000065],[-92.032913535999967,37.98976172700003],[-92.022494499999937,37.986143416000061],[-92.012075975999949,37.982525102000068],[-92.001657963999946,37.978906786000039],[-91.99124046299994,37.975288468000031],[-91.980823472999987,37.971670148000044],[-91.970406993999973,37.968051825000032],[-91.959991026999944,37.96443350100003],[-91.949575570999968,37.960815174000061],[-91.939160625999989,37.957196844000066],[-91.928746191999949,37.953578513000025],[-91.918332267999972,37.949960179000072],[-91.907918855999981,37.946341843000027],[-91.897505953999939,37.94272350500006],[-91.887093561999961,37.939105164000068],[-91.876681681999969,37.93548682200003],[-91.866270310999937,37.93186847700008],[-91.855859450999958,37.928250130000038],[-91.845449100999986,37.924631780000027],[-91.835039260999963,37.921013429000027],[-91.824629930999947,37.917395075000059],[-91.814221110999938,37.913776719000055],[-91.803812799999946,37.910158361000072],[-91.79340499999995,37.906540000000064]]},"properties":{"OID":54,"Product_Type_i":"Cooked","From_ID":"Warehouse2","From_Node":"Kansas City Cold Storage Hub","From_City_Area":"Kansas City","From_State":"MO","From_Latitude":38.854474000000003,"From_Longitude":-94.537951000000007,"Product_Type_j":" Cooked","To_ID":"Retailer2","To_Node":"Rolla Retailers","To_City_Area":"Rolla","To_State":"MO","To_Latitude":37.90654,"To_Longitude":-91.793405000000007,"Quantity":177.43000000000001,"ORIG_FID":56,"Shape_Length":2.9036396630947992}},{"type":"Feature","id":55,"geometry":{"type":"LineString","coordinates":[[-94.537950999999964,38.854474000000039],[-94.526469911999982,38.853869369000051],[-94.51498892099994,38.853264738000064],[-94.503508027999942,38.852660107000077],[-94.492027230999952,38.852055476000032],[-94.480546531999948,38.851450845000045],[-94.469065929999942,38.850846213000068],[-94.457585424999991,38.850241582000081],[-94.446105016999979,38.849636951000036],[-94.434624706999955,38.849032319000059],[-94.423144493999985,38.848427688000072],[-94.411664377999955,38.847823056000038],[-94.400184358999979,38.847218425000051],[-94.388704436999944,38.846613793000074],[-94.377224611999964,38.84600916100004],[-94.36574488499997,38.845404529000064],[-94.354265254999973,38.84479989700003],[-94.342785721999974,38.844195266000042],[-94.331306285999972,38.843590634000066],[-94.319826946999967,38.842986001000043],[-94.30834770499996,38.842381369000066],[-94.29686856099994,38.841776737000032],[-94.285389512999984,38.841172105000055],[-94.273910562999959,38.840567473000078],[-94.262431709999987,38.839962840000055],[-94.250952953999956,38.839358208000078],[-94.23947429499998,38.838753575000055],[-94.22799573399999,38.838148943000078],[-94.216517268999951,38.837544310000055],[-94.205038901999956,38.836939677000032],[-94.193560630999968,38.836335045000055],[-94.182082457999968,38.835730412000032],[-94.170604381999965,38.835125779000066],[-94.159126402999959,38.834521146000043],[-94.147648520999951,38.833916513000077],[-94.136170736999986,38.833311880000053],[-94.124693048999973,38.83270724700003],[-94.113215458999946,38.832102614000064],[-94.101737964999984,38.831497980000051],[-94.090260568999952,38.830893347000028],[-94.078783268999985,38.830288714000062],[-94.067306066999947,38.82968408000005],[-94.055828961999964,38.829079447000026],[-94.044351953999978,38.828474813000071],[-94.03287504299999,38.827870179000058],[-94.021398229999988,38.827265546000035],[-94.009921512999938,38.826660912000079],[-93.998444892999942,38.826056278000067],[-93.986968370999989,38.825451644000054],[-93.975491944999987,38.824847010000042],[-93.964015616999973,38.824242376000029],[-93.952539384999966,38.823637742000074],[-93.941063250999946,38.823033108000061],[-93.929587212999991,38.822428474000048],[-93.918111272999965,38.821823840000036],[-93.906635429999938,38.821219205000034],[-93.895159683999964,38.820614571000078],[-93.883684034999987,38.820009936000076],[-93.872208482999952,38.819405302000064],[-93.86073302799997,38.818800667000062],[-93.849257669999986,38.818196033000049],[-93.837782408999942,38.817591398000047],[-93.826307244999953,38.816986763000045],[-93.814832177999961,38.816382128000043],[-93.803357207999966,38.815777494000031],[-93.791882334999968,38.815172859000029],[-93.780407558999968,38.814568224000027],[-93.768932879999966,38.813963589000025],[-93.75745829799996,38.813358953000034],[-93.745983813999942,38.812754318000032],[-93.734509425999988,38.81214968300003],[-93.723035134999975,38.811545048000028],[-93.711560940999959,38.810940412000036],[-93.700086843999941,38.810335777000034],[-93.688612843999977,38.809731141000043],[-93.677138941999942,38.809126506000041],[-93.665665135999973,38.80852187000005],[-93.654191426999944,38.807917234000058],[-93.642717814999969,38.807312599000056],[-93.631244299999992,38.806707963000065],[-93.619770881999955,38.806103327000073],[-93.608297560999972,38.805498691000025],[-93.596824336999987,38.804894055000034],[-93.585351209999942,38.804289419000042],[-93.573878179999951,38.803684783000051],[-93.562405246999958,38.80308014600007],[-93.550932410999962,38.802475510000079],[-93.539459671999964,38.801870874000031],[-93.527987028999974,38.80126623700005],[-93.51651448399997,38.800661601000058],[-93.505042035999963,38.800056964000078],[-93.493569683999965,38.799452328000029],[-93.482097429999953,38.798847691000049],[-93.47062527199995,38.798243054000068],[-93.45915321199999,38.797638418000076],[-93.447681247999981,38.797033781000039],[-93.436209381999959,38.796429144000058],[-93.424737611999944,38.795824507000077],[-93.413265938999984,38.795219870000039],[-93.401794362999965,38.794615233000059],[-93.390322883999943,38.794010596000078],[-93.378851501999975,38.79340595900004],[-93.367380216999948,38.79280132100007],[-93.355909027999985,38.792196684000032],[-93.344437936999952,38.791592047000051],[-93.332966941999985,38.790987409000024],[-93.321496044999947,38.790382772000044],[-93.310025243999974,38.789778134000073],[-93.298554539999941,38.789173496000046],[-93.287083932999963,38.788568859000065],[-93.275613422999982,38.787964221000038],[-93.264143009999941,38.787359583000068],[-93.252672693999955,38.786754945000041],[-93.241202474999966,38.786150307000071],[-93.229732351999985,38.785545669000044],[-93.218262326999991,38.784941031000074],[-93.206792397999948,38.784336393000046],[-93.195322565999959,38.783731755000076],[-93.183852830999967,38.78312711600006],[-93.172383192999973,38.782522478000033],[-93.160913650999987,38.781917840000062],[-93.149444206999988,38.781313201000046],[-93.137974858999939,38.780708563000076],[-93.126505608999992,38.780103924000059],[-93.115036454999938,38.779499285000043],[-93.103567397999939,38.778894647000072],[-93.092098437999937,38.778290008000056],[-93.080629573999943,38.777685369000039],[-93.069160807999936,38.77708073000008],[-93.057692137999936,38.776476091000063],[-93.046223564999991,38.775871452000047],[-93.034755088999987,38.77526681300003],[-93.023286709999979,38.774662174000071],[-93.01181842799997,38.774057535000054],[-93.000350241999968,38.773452895000048],[-92.988882152999963,38.772848256000032],[-92.977414160999956,38.772243617000072],[-92.965946265999946,38.771638977000066],[-92.954478467999991,38.77103433800005],[-92.943010765999986,38.770429698000044],[-92.931543161999969,38.769825058000038],[-92.920075653999959,38.769220419000078],[-92.908608242999946,38.768615779000072],[-92.897140927999942,38.768011139000066],[-92.885673710999981,38.76740649900006],[-92.874206589999972,38.766801859000054],[-92.862739565999959,38.766197219000048],[-92.851272638999944,38.765592579000042],[-92.839805807999937,38.764987939000036],[-92.828339074999974,38.764383299000031],[-92.816872437999962,38.763778658000035],[-92.805405897999947,38.763174018000029],[-92.793939454999986,38.76256937800008],[-92.782473107999976,38.761964737000028],[-92.771006857999964,38.761360097000079],[-92.759540704999949,38.760755456000027],[-92.748074648999989,38.760150815000031],[-92.736608688999979,38.759546175000025],[-92.725142826999956,38.75894153400003],[-92.713677060999942,38.758336893000035],[-92.702211390999992,38.757732252000039],[-92.690745818999972,38.757127611000044],[-92.679280342999959,38.756522970000049],[-92.667814963999945,38.755918329000053],[-92.656349680999938,38.755313688000058],[-92.644884495999975,38.754709047000063],[-92.633419406999963,38.754104405000078],[-92.621954414999948,38.753499764000026],[-92.610489518999941,38.75289512300003],[-92.599024720999978,38.752290481000045],[-92.587560018999966,38.751685839000061],[-92.576095412999962,38.751081198000065],[-92.564630904999945,38.750476556000081],[-92.553166492999935,38.749871915000028],[-92.54170217799998,38.749267273000044],[-92.530237958999976,38.748662631000059],[-92.518773836999969,38.748057989000074],[-92.50730981199996,38.747453347000032],[-92.495845883999948,38.746848705000048],[-92.484382051999944,38.746244063000063],[-92.472918316999937,38.745639421000078],[-92.461454678999985,38.745034778000047],[-92.449991136999984,38.744430136000062],[-92.43852769199998,38.743825494000077],[-92.427064343999973,38.743220851000046],[-92.415601091999974,38.742616209000062],[-92.404137936999973,38.742011566000031],[-92.392674878999969,38.741406924000046],[-92.381211916999973,38.740802281000072],[-92.369749051999975,38.740197638000041],[-92.358286283999973,38.739592996000056],[-92.34682361199998,38.738988353000025],[-92.335361036999984,38.738383710000051],[-92.323898557999939,38.737779067000076],[-92.312436176999938,38.737174424000045],[-92.300973891999945,38.736569781000071],[-92.28951170299996,38.735965137000051],[-92.278049610999972,38.735360494000076],[-92.266587615999981,38.734755851000045],[-92.255125716999942,38.734151208000071],[-92.243663915999946,38.733546564000051],[-92.232202209999969,38.732941921000076],[-92.220740600999989,38.732337277000056],[-92.209279088999949,38.731732634000025],[-92.197817673999964,38.731127990000061],[-92.186356354999987,38.730523346000041],[-92.17489513299995,38.729918702000077],[-92.163434006999978,38.729314058000057],[-92.151972977999947,38.728709415000026],[-92.140512045999969,38.728104771000062],[-92.129051209999943,38.727500126000052],[-92.117590470999971,38.726895482000032],[-92.106129827999951,38.726290838000068],[-92.094669281999984,38.725686194000048],[-92.083208831999968,38.725081550000027],[-92.07174847999994,38.724476905000074],[-92.060288222999986,38.723872261000054],[-92.048828063999963,38.723267616000044],[-92.037367999999958,38.72266297200008],[-92.02590803399994,38.72205832700007],[-92.014448163999987,38.72145368300005],[-92.002988389999985,38.72084903800004],[-91.99152871299998,38.72024439300003],[-91.980069132999972,38.719639748000077],[-91.968609648999973,38.719035103000067],[-91.957150261999971,38.718430458000057],[-91.945690970999976,38.717825813000047],[-91.93423177699998,38.717221168000037],[-91.92277267999998,38.716616523000027],[-91.911313678999988,38.716011878000074],[-91.899854773999948,38.715407232000075],[-91.888395965999962,38.714802587000065],[-91.876937254999973,38.714197942000055],[-91.865478639999935,38.713593296000056],[-91.854020121999952,38.712988651000046],[-91.842561699999976,38.712384005000047],[-91.831103374999941,38.711779359000047],[-91.819645145999971,38.711174713000048],[-91.808187012999952,38.710570068000038],[-91.796728977999976,38.709965422000039],[-91.785271037999962,38.70936077600004],[-91.773813195999935,38.70875613000004],[-91.762355449999973,38.708151484000041],[-91.750897799999962,38.707546838000042],[-91.739440246999948,38.706942192000042],[-91.727982789999942,38.706337545000054],[-91.71652542999999,38.705732899000054],[-91.70506816599999,38.705128253000055],[-91.693610998999986,38.704523606000066],[-91.682153927999991,38.703918960000067],[-91.670696953999936,38.703314313000078],[-91.659240075999946,38.702709667000079],[-91.647783293999964,38.702105020000033],[-91.636326609999969,38.701500373000044],[-91.624870020999936,38.700895726000056],[-91.613413528999956,38.700291079000067],[-91.601957133999974,38.699686433000068],[-91.590500834999943,38.699081786000079],[-91.579044631999977,38.698477138000044],[-91.567588525999952,38.697872491000055],[-91.556132515999991,38.697267844000066],[-91.544676602999971,38.696663197000078],[-91.533220786999948,38.696058550000032],[-91.521765065999944,38.695453902000054],[-91.510309441999937,38.694849255000065],[-91.498853914999984,38.69424460700003],[-91.487398483999982,38.693639960000041],[-91.475943149999978,38.693035312000063],[-91.464487910999935,38.692430664000028],[-91.453032769999936,38.691826017000039],[-91.441577723999956,38.691221369000061],[-91.430122775999962,38.690616721000026],[-91.418667922999987,38.690012073000048],[-91.407213166999952,38.68940742500007],[-91.395758507999972,38.688802777000035],[-91.384303943999953,38.688198129000057],[-91.372849477999978,38.687593481000079],[-91.361395106999964,38.686988832000054],[-91.349940832999948,38.686384184000076],[-91.338486655999986,38.685779536000041],[-91.327032574999976,38.685174887000073],[-91.315578589999973,38.684570239000038],[-91.304124700999978,38.683965590000071],[-91.29267090899998,38.683360942000036],[-91.28121721399998,38.682756293000068],[-91.269763614999988,38.682151644000044],[-91.258310111999947,38.681546995000076],[-91.246856704999971,38.680942347000041],[-91.235403394999935,38.680337698000073],[-91.223950180999964,38.679733049000049],[-91.21249706399999,38.679128400000025],[-91.201044042999968,38.678523750000068],[-91.189591117999953,38.677919101000043],[-91.178138289999936,38.677314452000076],[-91.166685557999983,38.676709803000051],[-91.155232922999971,38.676105153000037],[-91.143780382999978,38.67550050400007],[-91.132327939999982,38.674895854000056],[-91.120875593999983,38.674291205000031],[-91.109423343999936,38.673686555000074],[-91.097971189999953,38.67308190500006],[-91.086519131999978,38.672477256000036],[-91.075067170999944,38.671872606000079],[-91.063615305999974,38.671267956000065],[-91.052163537999945,38.670663306000051],[-91.040711864999992,38.670058656000037],[-91.029260288999978,38.66945400600008],[-91.017808809999963,38.668849356000067],[-91.006357426999955,38.668244706000053],[-90.994906139999955,38.667640055000049],[-90.983454948999963,38.667035405000036],[-90.972003854999969,38.666430755000079],[-90.960552856999982,38.665826104000075],[-90.949101954999946,38.665221454000061],[-90.937651148999976,38.664616803000058],[-90.926200439999946,38.664012153000044],[-90.91474982699998,38.663407502000041],[-90.903299310999955,38.662802851000038],[-90.891848890999938,38.662198200000034],[-90.880398566999986,38.661593549000031],[-90.868948338999985,38.660988898000028],[-90.857498206999935,38.660384247000025],[-90.846048171999939,38.659779596000078],[-90.834598232999952,38.659174945000075],[-90.823148390999961,38.658570294000071],[-90.811698643999989,38.657965643000068],[-90.800248993999958,38.657360991000076],[-90.788799439999991,38.656756340000072],[-90.777349982999965,38.656151689000069],[-90.765900620999957,38.655547037000076],[-90.754451355999947,38.654942386000073],[-90.743002186999945,38.65433773400008],[-90.73155311499994,38.653733082000031],[-90.720104137999954,38.653128430000038],[-90.708655257999965,38.652523779000035],[-90.697206473999984,38.651919127000042],[-90.685757786999943,38.651314475000049],[-90.674309194999978,38.650709823000057],[-90.662860699999953,38.650105171000064],[-90.651412300999937,38.649500519000071],[-90.639963998999974,38.648895866000032],[-90.628515791999973,38.648291214000039],[-90.61706768199997,38.647686562000047],[-90.605619667999974,38.647081909000065],[-90.594171749999987,38.646477257000072],[-90.58272392799995,38.645872604000033],[-90.571276202999968,38.64526795200004],[-90.559828572999947,38.644663299000058],[-90.548381039999981,38.644058647000065],[-90.536933602999966,38.643453994000026],[-90.525486262999948,38.642849341000044],[-90.514039017999949,38.642244688000062],[-90.502591869999947,38.64164003500008],[-90.491144817999952,38.641035382000041],[-90.479697861999966,38.640430729000059],[-90.468251001999988,38.639826076000077],[-90.456804237999961,38.639221423000038],[-90.445357570999988,38.638616769000066],[-90.433910999999966,38.638012116000027],[-90.422464524999953,38.637407463000045],[-90.411018145999947,38.636802809000073],[-90.399571862999949,38.636198156000034],[-90.388125676999948,38.635593502000063],[-90.376679585999966,38.634988849000024],[-90.365233591999981,38.634384195000052],[-90.353787693999948,38.633779541000024],[-90.342341891999979,38.633174887000052],[-90.330896185999961,38.632570233000024],[-90.319450575999952,38.631965579000052],[-90.308005062999939,38.631360925000024],[-90.296559644999945,38.630756271000052],[-90.285114323999949,38.630151617000024],[-90.27366909899996,38.629546963000053],[-90.26222396999998,38.628942309000024],[-90.25077893699995,38.628337654000063],[-90.239333999999985,38.627733000000035]]},"properties":{"OID":55,"Product_Type_i":"Cooked","From_ID":"Warehouse2","From_Node":"Kansas City Cold Storage Hub","From_City_Area":"Kansas City","From_State":"MO","From_Latitude":38.854474000000003,"From_Longitude":-94.537951000000007,"Product_Type_j":" Cooked","To_ID":"Retailer3","To_Node":"St. Louis Metro Market","To_City_Area":"St. Louis Metro","To_State":"MO–IL","To_Latitude":38.627732999999999,"To_Longitude":-90.239333999999999,"Quantity":9308.6928000000007,"ORIG_FID":57,"Shape_Length":4.3045928538652607}},{"type":"Feature","id":56,"geometry":{"type":"LineString","coordinates":[[-94.516656999999952,39.055128000000025],[-94.505216659999974,39.053988322000066],[-94.493776503999982,39.052848643000061],[-94.482336531999977,39.051708964000056],[-94.470896743999958,39.050569286000041],[-94.459457139999984,39.049429606000047],[-94.448017718999949,39.048289927000042],[-94.436578482999948,39.047150247000047],[-94.425139429999945,39.046010568000042],[-94.413700560999985,39.044870887000059],[-94.402261875999955,39.043731207000064],[-94.390823373999979,39.04259152700007],[-94.379385056999979,39.041451846000029],[-94.367946922999977,39.040312165000046],[-94.356508972999961,39.039172484000062],[-94.345071205999943,39.038032802000032],[-94.333633623999958,39.036893121000048],[-94.322196224999971,39.035753439000075],[-94.31075900999997,39.034613757000045],[-94.299321977999966,39.033474075000072],[-94.287885130999939,39.032334392000053],[-94.276448465999977,39.031194709000033],[-94.26501198599999,39.03005502600007],[-94.253575688999945,39.028915343000051],[-94.242139575999943,39.027775660000032],[-94.230703646999984,39.02663597600008],[-94.219267900999967,39.025496292000071],[-94.207832338999935,39.024356608000062],[-94.196396959999959,39.023216924000053],[-94.184961764999969,39.022077239000055],[-94.173526753999965,39.020937555000046],[-94.16209192599996,39.019797870000048],[-94.150657281999941,39.01865818400006],[-94.139222820999976,39.017518499000062],[-94.127788543999941,39.016378813000074],[-94.11635444999996,39.015239127000029],[-94.104920539999966,39.014099441000042],[-94.09348681299997,39.012959755000054],[-94.08205326999996,39.011820068000077],[-94.070619910999937,39.010680382000032],[-94.059186734999969,39.009540695000055],[-94.047753741999941,39.008401008000078],[-94.036320932999956,39.007261320000055],[-94.024888306999969,39.006121632000031],[-94.013455864999969,39.004981945000054],[-94.002023605999966,39.003842256000041],[-93.99059153099995,39.002702568000075],[-93.979159638999988,39.001562880000051],[-93.967727929999967,39.000423191000039],[-93.956296404999989,38.999283502000026],[-93.944865062999952,38.99814381300007],[-93.933433904999958,38.997004123000067],[-93.922002929999962,38.995864433000065],[-93.910572137999964,38.994724744000052],[-93.899141529999952,38.993585053000061],[-93.887711104999937,38.992445363000058],[-93.876280862999977,38.991305673000056],[-93.864850804999946,38.990165982000065],[-93.85342092999997,38.989026291000073],[-93.841991237999991,38.987886600000024],[-93.830561728999953,38.986746908000043],[-93.819132403999959,38.985607216000062],[-93.807703261999961,38.984467525000071],[-93.796274302999961,38.983327832000043],[-93.784845527999948,38.982188140000062],[-93.77341693599999,38.981048447000035],[-93.761988526999971,38.979908755000054],[-93.75056030099995,38.978769062000026],[-93.739132257999984,38.977629368000066],[-93.727704398999947,38.976489675000039],[-93.716276721999975,38.975349981000079],[-93.70484922899999,38.974210287000062],[-93.693421918999945,38.973070593000045],[-93.681994791999955,38.971930899000029],[-93.670567848999951,38.970791204000079],[-93.659141087999956,38.969651510000062],[-93.647714509999957,38.968511815000056],[-93.636288115999946,38.967372119000061],[-93.624861904999989,38.966232424000054],[-93.613435876999972,38.965092728000059],[-93.602010031999953,38.963953032000063],[-93.590584368999941,38.962813336000067],[-93.579158889999974,38.961673640000072],[-93.567733593999947,38.96053394300003],[-93.556308481999963,38.959394246000045],[-93.544883551999988,38.95825454900006],[-93.533458804999952,38.957114852000075],[-93.522034240999972,38.955975155000033],[-93.510609859999988,38.954835457000058],[-93.499185661999945,38.953695759000027],[-93.487761646999957,38.952556061000053],[-93.476337814999965,38.951416362000032],[-93.464914165999971,38.950276664000057],[-93.453490699999975,38.949136965000037],[-93.442067415999986,38.947997266000073],[-93.430644315999984,38.946857567000052],[-93.41922139899998,38.945717867000042],[-93.407798663999984,38.944578167000031],[-93.396376112999974,38.943438468000068],[-93.384953743999972,38.942298767000068],[-93.373531557999968,38.941159067000058],[-93.362109554999961,38.940019366000058],[-93.350687734999951,38.938879666000048],[-93.33926609699995,38.937739965000048],[-93.327844642999992,38.936600263000059],[-93.316423370999985,38.93546056200006],[-93.305002281999975,38.934320860000071],[-93.293581375999963,38.933181158000025],[-93.282160652999949,38.932041456000036],[-93.270740111999942,38.930901754000047],[-93.259319754999979,38.929762051000068],[-93.247899578999977,38.928622348000033],[-93.236479586999963,38.927482645000055],[-93.225059777999945,38.926342942000076],[-93.213640150999936,38.925203238000051],[-93.202220706999981,38.924063535000073],[-93.190801444999977,38.922923831000048],[-93.17938236599997,38.921784126000034],[-93.167963469999961,38.920644422000066],[-93.156544756999949,38.919504717000052],[-93.145126225999945,38.918365013000027],[-93.133707877999939,38.917225307000081],[-93.12228971199994,38.916085602000067],[-93.110871729999985,38.914945897000052],[-93.099453928999935,38.913806191000049],[-93.088036311999986,38.912666485000045],[-93.076618876999987,38.911526779000042],[-93.06520162399994,38.910387072000049],[-93.053784553999947,38.909247366000045],[-93.042367666999951,38.908107659000052],[-93.030950961999963,38.906967952000059],[-93.019534439999973,38.905828245000066],[-93.00811809999999,38.904688537000027],[-92.996701942999948,38.903548829000044],[-92.98528596899996,38.902409121000062],[-92.973870175999991,38.90126941300008],[-92.962454566999952,38.90012970500004],[-92.951039139999978,38.898989996000068],[-92.939623894999954,38.89785028700004],[-92.928208832999985,38.896710578000068],[-92.916793952999967,38.895570869000039],[-92.905379254999957,38.894431159000078],[-92.893964739999944,38.893291450000049],[-92.882550407999986,38.892151740000031],[-92.871136257999979,38.89101202900008],[-92.859722289999979,38.889872319000062],[-92.848308504999977,38.888732608000055],[-92.836894901999983,38.887592897000047],[-92.82548148099994,38.88645318600004],[-92.814068242999952,38.885313475000032],[-92.802655186999971,38.884173764000025],[-92.791242313999987,38.883034052000028],[-92.779829622999955,38.881894340000031],[-92.768417113999988,38.880754628000034],[-92.757004786999971,38.879614915000047],[-92.745592642999952,38.878475202000061],[-92.734180680999941,38.877335490000064],[-92.722768900999938,38.876195777000078],[-92.711357303999989,38.875056063000045],[-92.699945887999945,38.873916350000059],[-92.688534655999945,38.872776636000026],[-92.677123604999963,38.87163692200005],[-92.665712735999989,38.870497208000074],[-92.654302049999956,38.869357493000052],[-92.642891545999987,38.868217779000076],[-92.63148122399997,38.867078064000054],[-92.62007108399996,38.865938349000032],[-92.608661126999948,38.864798633000078],[-92.597251350999954,38.863658918000056],[-92.585841757999958,38.862519202000044],[-92.57443234699997,38.861379486000033],[-92.56302311799999,38.860239770000078],[-92.55161407099996,38.859100053000077],[-92.540205206999985,38.857960337000065],[-92.528796523999972,38.856820620000065],[-92.517388022999967,38.855680903000064],[-92.505979704999959,38.854541185000073],[-92.494571568999959,38.853401468000072],[-92.483163613999977,38.852261750000025],[-92.471755841999936,38.851122032000035],[-92.46034825199996,38.849982314000044],[-92.448940842999946,38.848842595000065],[-92.437533616999985,38.847702877000074],[-92.426126572999976,38.846563158000038],[-92.414719710999975,38.845423439000058],[-92.403313030999982,38.844283719000032],[-92.39190653199995,38.843144000000052],[-92.380500215999973,38.842004280000026],[-92.369094081999947,38.840864560000057],[-92.357688128999939,38.839724840000031],[-92.346282358999986,38.838585119000072],[-92.334876769999937,38.837445399000046],[-92.323471363999943,38.836305678000031],[-92.312066138999967,38.835165956000026],[-92.300661095999942,38.834026235000067],[-92.289256234999982,38.832886514000052],[-92.277851555999973,38.831746792000047],[-92.266447058999972,38.830607070000042],[-92.255042743999979,38.829467348000037],[-92.243638609999948,38.828327625000043],[-92.232234658999971,38.827187902000048],[-92.220830888999956,38.826048179000054],[-92.209427300999948,38.82490845600006],[-92.198023894999949,38.823768733000065],[-92.186620669999968,38.822629009000025],[-92.175217627999984,38.82148928600003],[-92.163814766999963,38.820349562000047],[-92.152412087999949,38.819209837000074],[-92.141009589999953,38.818070113000033],[-92.129607274999955,38.81693038800006],[-92.118205140999976,38.81579066300003],[-92.106803188999947,38.814650938000057],[-92.095401417999938,38.813511213000027],[-92.083999828999936,38.812371487000064],[-92.072598421999942,38.811231761000045],[-92.061197196999956,38.810092035000025],[-92.049796152999988,38.808952309000063],[-92.038395290999972,38.807812583000043],[-92.026994609999974,38.806672856000034],[-92.015594111999974,38.805533129000025],[-92.004193793999946,38.804393402000073],[-91.992793658999972,38.803253674000075],[-91.981393704999959,38.802113947000066],[-91.969993932999955,38.800974219000068],[-91.958594341999969,38.79983449100007],[-91.947194932999992,38.798694763000071],[-91.935795704999975,38.797555034000027],[-91.924396658999967,38.796415306000029],[-91.912997793999978,38.795275577000041],[-91.901599110999939,38.794135847000064],[-91.890200609999965,38.792996118000076],[-91.878802289999953,38.791856388000042],[-91.86740415099996,38.790716659000054],[-91.856006193999974,38.789576929000077],[-91.84460841899994,38.788437198000054],[-91.833210824999981,38.787297468000077],[-91.821813411999983,38.786157737000053],[-91.810416180999937,38.78501800600003],[-91.799019130999966,38.783878275000063],[-91.787622262999946,38.78273854400004],[-91.776225575999945,38.781598812000027],[-91.764829070999951,38.780459080000071],[-91.753432746999977,38.779319348000058],[-91.742036603999964,38.778179616000045],[-91.730640642999958,38.777039883000043],[-91.719244862999972,38.77590015100003],[-91.707849264999936,38.774760418000028],[-91.696453847999976,38.773620685000026],[-91.685058611999978,38.772480951000034],[-91.673663556999941,38.771341218000032],[-91.662268683999969,38.77020148400004],[-91.650873991999958,38.769061750000049],[-91.639479481999956,38.767922015000067],[-91.628085151999983,38.766782281000076],[-91.616691003999961,38.765642546000038],[-91.605297037999946,38.764502811000057],[-91.593903251999961,38.763363076000076],[-91.582509647999984,38.762223341000038],[-91.571116224999969,38.761083605000067],[-91.559722982999972,38.75994386900004],[-91.548329921999937,38.758804133000069],[-91.536937042999966,38.757664397000042],[-91.525544344999958,38.756524660000025],[-91.514151827999967,38.755384924000055],[-91.502759491999939,38.754245187000038],[-91.491367336999986,38.753105450000078],[-91.479975363999984,38.751965712000072],[-91.468583571999943,38.750825974000065],[-91.457191959999989,38.749686237000049],[-91.445800529999985,38.748546499000042],[-91.434409280999944,38.747406760000047],[-91.423018212999978,38.74626702200004],[-91.411627326999962,38.745127283000045],[-91.400236620999976,38.743987544000049],[-91.388846095999952,38.742847805000054],[-91.377455752999936,38.741708065000068],[-91.366065589999948,38.740568326000073],[-91.354675608999969,38.739428586000031],[-91.343285807999962,38.738288846000046],[-91.331896188999963,38.737149106000061],[-91.320506749999936,38.736009365000029],[-91.309117492999974,38.734869624000055],[-91.297728416999973,38.73372988300008],[-91.286339520999945,38.732590142000049],[-91.274950806999982,38.731450401000075],[-91.263562272999991,38.730310659000054],[-91.252173920999951,38.729170917000033],[-91.24078574899994,38.728031175000069],[-91.229397757999948,38.726891433000048],[-91.218009947999974,38.725751690000038],[-91.206622319999951,38.724611948000074],[-91.195234871999958,38.723472205000064],[-91.183847604999983,38.722332462000054],[-91.17246051799998,38.721192718000054],[-91.161073612999985,38.720052974000055],[-91.149686887999962,38.718913231000045],[-91.138300344999948,38.717773487000045],[-91.126913981999962,38.716633742000056],[-91.115527799999938,38.715493998000056],[-91.10414179899999,38.714354253000067],[-91.092755978999946,38.713214508000078],[-91.081370338999989,38.712074763000032],[-91.069984879999936,38.710935017000054],[-91.058599601999958,38.709795272000065],[-91.047214504999943,38.70865552600003],[-91.035829587999956,38.707515780000051],[-91.024444852999977,38.706376033000026],[-91.013060297999971,38.705236287000048],[-91.001675922999937,38.70409654000008],[-90.990291729999967,38.702956793000055],[-90.97890771699997,38.701817046000031],[-90.967523884999991,38.700677299000063],[-90.956140232999985,38.699537551000049],[-90.944756762999987,38.698397803000034],[-90.933373471999971,38.697258055000077],[-90.921990362999964,38.696118307000063],[-90.910607433999985,38.694978558000059],[-90.899224685999968,38.693838809000056],[-90.88784211799998,38.692699060000052],[-90.876459730999954,38.691559311000049],[-90.865077524999947,38.690419562000045],[-90.853695498999969,38.689279812000052],[-90.842313653999952,38.688140062000059],[-90.830931988999964,38.687000312000066],[-90.819550504999938,38.685860562000073],[-90.808169200999941,38.684720811000034],[-90.796788077999963,38.683581060000051],[-90.785407135999947,38.682441309000069],[-90.774026373999959,38.68130155800003],[-90.76264579299999,38.680161807000047],[-90.751265391999937,38.679022055000075],[-90.739885170999969,38.677882303000047],[-90.728505130999963,38.676742551000075],[-90.717125271999976,38.675602799000046],[-90.705745592999961,38.674463046000028],[-90.694366093999975,38.673323293000067],[-90.68298677599995,38.672183540000049],[-90.671607637999955,38.671043787000031],[-90.660228680999978,38.669904034000069],[-90.648849903999974,38.668764280000062],[-90.637471306999942,38.667624526000054],[-90.626092890999985,38.666484772000047],[-90.614714654999943,38.665345018000039],[-90.603336599999977,38.664205263000042],[-90.591958724999984,38.663065509000035],[-90.580581029999962,38.661925754000038],[-90.569203515999959,38.660785998000051],[-90.557826181999985,38.659646243000054],[-90.546449027999984,38.658506487000068],[-90.535072054999944,38.657366731000025],[-90.52369526199999,38.656226975000038],[-90.512318648999951,38.655087219000052],[-90.500942215999942,38.653947462000076],[-90.489565963999951,38.652807706000033],[-90.478189891999989,38.651667949000057],[-90.466813999999943,38.650528191000035],[-90.455438288999972,38.649388434000059],[-90.444062756999983,38.648248676000037],[-90.432687405999957,38.647108918000072],[-90.421312234999959,38.64596916000005],[-90.409937244999981,38.644829402000028],[-90.398562433999984,38.643689643000073],[-90.38718780399995,38.642549884000061],[-90.375813352999955,38.64141012500005],[-90.364439082999979,38.640270366000038],[-90.353064993999965,38.639130607000027],[-90.34169108399999,38.637990847000026],[-90.330317353999988,38.636851087000025],[-90.318943804999947,38.635711327000024],[-90.307570434999946,38.63457156700008],[-90.296197245999963,38.633431806000033],[-90.284824235999963,38.632292045000042],[-90.273451406999982,38.631152284000052],[-90.262078757999973,38.630012523000062],[-90.250706288999936,38.628872762000071],[-90.239333999999985,38.627733000000035]]},"properties":{"OID":56,"Product_Type_i":"Cooked","From_ID":"Retailer1","From_Node":"Harvesters Community Food Network","From_City_Area":"Kansas City","From_State":"MO","From_Latitude":39.055128000000003,"From_Longitude":-94.516656999999995,"Product_Type_j":" Cooked","To_ID":"Market1","To_Node":"St. Louis Metro Market","To_City_Area":"St. Louis Metro","To_State":"MO–IL","To_Latitude":38.627732999999999,"To_Longitude":-90.239333999999999,"Quantity":5186.9610000000002,"ORIG_FID":59,"Shape_Length":4.2986229289154041}},{"type":"Feature","id":57,"geometry":{"type":"LineString","coordinates":[[-94.516656999999952,39.055128000000025],[-94.507278467999981,39.051207912000052],[-94.497900454999979,39.047287821000054],[-94.488522959999955,39.043367728000078],[-94.479145982999967,39.039447632000076],[-94.469769524999947,39.03552753300005],[-94.460393583999974,39.031607432000044],[-94.451018160999979,39.02768732800007],[-94.441643256999953,39.023767221000071],[-94.432268868999984,39.019847112000036],[-94.422894999999983,39.015927000000033]]},"properties":{"OID":57,"Product_Type_i":"Cooked","From_ID":"Retailer1","From_Node":"Harvesters Community Food Network","From_City_Area":"Kansas City","From_State":"MO","From_Latitude":39.055128000000003,"From_Longitude":-94.516656999999995,"Product_Type_j":" Cooked","To_ID":"Market2","To_Node":"Kansas City Metro Market","To_City_Area":"Kansas City Metro","To_State":"MO–KS","To_Latitude":39.015926999999998,"To_Longitude":-94.422894999999997,"Quantity":4067.9135999999999,"ORIG_FID":60,"Shape_Length":0.10162692103349488}},{"type":"Feature","id":58,"geometry":{"type":"LineString","coordinates":[[-91.79340499999995,37.906540000000064],[-91.786070680999956,37.913393903000042],[-91.778735680999944,37.920247797000059],[-91.771400000999961,37.927101684000036],[-91.764063638999971,37.933955562000051],[-91.756726596999954,37.940809433000027],[-91.749388872999987,37.947663295000041],[-91.742050466999956,37.954517150000072],[-91.734711379999965,37.961370997000074],[-91.727371609999977,37.968224835000058],[-91.720031157999983,37.975078666000059],[-91.712690022999936,37.981932488000041],[-91.70534820599994,37.98878630300004],[-91.698005704999957,37.995640109000078],[-91.690662520999979,38.002493908000076],[-91.683318653999947,38.009347698000056],[-91.675974102999987,38.016201481000053],[-91.668628867999985,38.023055255000031],[-91.66128294899994,38.029909022000027],[-91.653936344999977,38.036762780000061],[-91.646589056999971,38.043616531000055],[-91.639241082999945,38.05047027300003],[-91.63189242499999,38.057324007000034],[-91.624543080999956,38.064177734000054],[-91.617193051999948,38.071031452000057],[-91.609842336999975,38.077885163000076],[-91.602490934999992,38.084738865000077],[-91.595138847999976,38.091592559000048],[-91.587786073999951,38.098446246000037],[-91.580432612999971,38.105299924000064],[-91.57307846499998,38.112153594000063],[-91.565723629999979,38.119007257000078],[-91.558368106999978,38.125860911000075],[-91.551011896999967,38.132714557000043],[-91.543654997999965,38.139568195000038],[-91.536297411999954,38.146421826000051],[-91.528939136999952,38.153275448000045],[-91.521580173999951,38.160129062000067],[-91.51422052099997,38.16698266800006],[-91.50686017999999,38.17383626600008],[-91.499499148999973,38.180689857000061],[-91.492137428999968,38.187543439000081],[-91.484775018999983,38.194397013000071],[-91.477411917999973,38.201250579000032],[-91.470048127999974,38.208104137000078],[-91.462683646999949,38.214957687000037],[-91.455318474999956,38.221811229000025],[-91.447952611999938,38.22866476300004],[-91.440586058999941,38.235518289000026],[-91.433218812999939,38.24237180700004],[-91.42585087599997,38.249225317000025],[-91.418482246999986,38.256078819000038],[-91.411112925999987,38.262932312000032],[-91.403742911999984,38.269785798000044],[-91.396372205999967,38.276639276000026],[-91.389000806999945,38.283492746000036],[-91.381628714999977,38.290346208000074],[-91.374255929999947,38.297199661000036],[-91.366882450999981,38.304053107000072],[-91.359508277999964,38.31090654500008],[-91.352133410999954,38.317759974000069],[-91.344757849999951,38.324613396000075],[-91.337381594999954,38.331466809000062],[-91.330004643999985,38.338320215000067],[-91.322626998999965,38.345173613000043],[-91.315248657999973,38.352027002000057],[-91.307869621999942,38.358880383000042],[-91.300489890999984,38.365733757000044],[-91.293109462999951,38.372587122000027],[-91.285728338999945,38.379440480000028],[-91.278346518999967,38.386293829000067],[-91.270964001999971,38.393147170000077],[-91.263580788999946,38.400000504000047],[-91.256196877999969,38.406853829000056],[-91.248812269999974,38.413707146000036],[-91.24142696399997,38.420560455000043],[-91.234040960999948,38.427413756000078],[-91.226654258999986,38.434267049000027],[-91.219266858999958,38.441120334000061],[-91.21187876099998,38.447973611000066],[-91.204489963999947,38.454826880000041],[-91.197100466999984,38.461680141000045],[-91.189710271999957,38.468533394000076],[-91.182319376999942,38.475386639000078],[-91.174927781999941,38.482239876000051],[-91.167535487999942,38.489093104000062],[-91.160142492999967,38.495946325000034],[-91.152748797999948,38.502799538000033],[-91.145354401999953,38.509652743000061],[-91.137959304999981,38.516505939000069],[-91.130563506999977,38.523359128000038],[-91.123167007999939,38.530212308000046],[-91.115769806999936,38.53706548100007],[-91.108371903999966,38.543918645000076],[-91.100973299999964,38.550771802000042],[-91.093573991999961,38.557624950000047],[-91.086173982999981,38.56447809000008],[-91.078773269999942,38.571331222000026],[-91.071371853999949,38.578184347000047],[-91.063969734999944,38.585037463000049],[-91.056566912999983,38.591890571000079],[-91.049163385999975,38.598743671000079],[-91.041759155999955,38.605596763000051],[-91.03435422199999,38.61244984700005],[-91.026948582999978,38.619302923000077],[-91.019542238999975,38.626155991000076],[-91.012135189999981,38.633009051000045],[-91.004727435999939,38.639862102000052],[-90.997318976999964,38.646715146000076],[-90.989909811999951,38.653568182000072],[-90.982499940999958,38.660421209000049],[-90.975089363999984,38.667274229000043],[-90.967678079999985,38.674127240000075],[-90.960266089999948,38.680980244000068],[-90.952853392999941,38.687833239000042],[-90.945439987999976,38.694686227000034],[-90.938025876999973,38.701539206000064],[-90.930611056999965,38.708392177000064],[-90.923195529999987,38.715245141000025],[-90.915779294999936,38.722098096000025],[-90.908362351999983,38.728951043000052],[-90.900944698999979,38.73580398200005],[-90.893526338999948,38.742656913000076],[-90.886107268999979,38.749509836000072],[-90.878687488999958,38.75636275100004],[-90.871266999999989,38.763215657000046],[-90.863845801999958,38.770068556000069],[-90.856423892999942,38.776921447000063],[-90.849001273999988,38.783774330000028],[-90.841577944999983,38.790627204000032],[-90.834153904999937,38.797480071000052],[-90.826729153999963,38.804332929000054],[-90.819303690999959,38.811185779000027],[-90.811877516999971,38.818038622000074],[-90.804450631999941,38.824891456000046],[-90.797023033999949,38.831744282000045],[-90.789594724999972,38.838597100000072],[-90.782165701999986,38.84544991100006],[-90.77473596699997,38.852302713000029],[-90.767305519999979,38.859155507000025],[-90.75987435899998,38.86600829300005],[-90.752442483999971,38.872861070000056],[-90.745009895999942,38.879713840000079],[-90.737576593999961,38.886566602000073],[-90.73014257799997,38.893419356000038],[-90.72270784799997,38.900272101000041],[-90.715272402999972,38.907124839000062],[-90.707836242999974,38.913977568000064],[-90.700399367999978,38.920830289000037],[-90.692961776999937,38.927683003000027],[-90.685523470999954,38.934535708000055],[-90.678084448999982,38.941388405000055],[-90.670644710999966,38.948241094000025],[-90.663204256999961,38.95509377500008],[-90.655763085999979,38.961946448000049],[-90.648321197999962,38.968799113000046],[-90.640878592999968,38.97565177000007],[-90.633435270999939,38.982504419000065],[-90.625991230999944,38.989357060000032],[-90.61854647399997,38.996209692000036],[-90.611100997999984,39.003062317000058],[-90.603654804999962,39.009914933000061],[-90.596207891999939,39.016767542000025],[-90.588760260999948,39.023620142000027],[-90.581311910999943,39.030472734000057],[-90.573862841999983,39.037325319000047],[-90.566413052999962,39.044177895000075],[-90.558962543999939,39.051030463000075],[-90.551511314999971,39.057883023000045],[-90.544059365999942,39.064735575000043],[-90.536606696999968,39.071588118000079],[-90.529153306999945,39.078440654000076],[-90.52169919499994,39.085293182000044],[-90.514244362999989,39.092145702000039],[-90.506788808999943,39.098998213000073],[-90.499332532999972,39.105850716000077],[-90.491875535999952,39.112703212000042],[-90.484417815999961,39.119555699000045],[-90.476959373999989,39.126408178000077],[-90.469500208999989,39.133260649000079],[-90.462040320999961,39.140113113000041],[-90.454579709999962,39.146965568000041],[-90.447118374999945,39.15381801400008],[-90.439656316999958,39.16067045300008],[-90.432193534999953,39.16752288400005],[-90.424730027999942,39.174375307000048],[-90.41726579699997,39.181227721000027],[-90.409800841999981,39.188080128000024],[-90.402335160999939,39.194932526000059],[-90.394868755999937,39.201784916000065],[-90.387401624999939,39.208637299000031],[-90.379933767999944,39.215489673000036],[-90.372465184999953,39.222342039000068],[-90.364995875999966,39.229194397000072],[-90.357525840999983,39.236046747000046],[-90.350055078999958,39.242899089000048],[-90.342583589999947,39.249751422000031],[-90.335111373999951,39.256603748000032],[-90.327638430999968,39.26345606600006],[-90.320164759999955,39.27030837500007],[-90.312690360999966,39.277160676000051],[-90.305215233999945,39.284012970000049],[-90.29773937799996,39.290865255000028],[-90.290262793999943,39.297717532000036],[-90.282785480999962,39.304569801000071],[-90.27530743899996,39.311422062000076],[-90.267828667999936,39.318274315000053],[-90.260349165999969,39.325126560000058],[-90.252868934999981,39.331978796000044],[-90.245387973999982,39.338831025000047],[-90.237906281999983,39.345683246000078],[-90.230423859999974,39.352535458000034],[-90.222940706999964,39.359387662000074],[-90.215456822999954,39.366239859000075],[-90.207972206999955,39.373092047000057],[-90.200486859999955,39.379944227000067],[-90.193000780999967,39.386796399000048],[-90.185513968999942,39.393648563000056],[-90.178026425999974,39.400500718000046],[-90.170538148999981,39.407352866000053],[-90.163049139999941,39.414205006000032],[-90.15555939799998,39.421057137000048],[-90.148068921999936,39.427909260000035],[-90.140577711999981,39.43476137600004],[-90.13308576899999,39.441613483000026],[-90.125593091999974,39.44846558200004],[-90.118099679999943,39.455317673000025],[-90.110605532999955,39.462169756000037],[-90.103110651999941,39.469021831000077],[-90.09561503599997,39.475873897000042],[-90.088118683999937,39.482725956000024],[-90.080621595999958,39.489578007000034],[-90.073123772999963,39.496430049000026],[-90.065625212999976,39.503282083000045],[-90.058125916999984,39.510134110000024],[-90.050625884999988,39.516986128000042],[-90.043125114999953,39.523838138000031],[-90.03562360899997,39.530690140000047],[-90.028121364999947,39.537542133000045],[-90.020618382999942,39.54439411900006],[-90.013114662999953,39.551246097000046],[-90.005610204999982,39.558098066000071],[-89.998105008999971,39.564950028000055],[-89.990599073999988,39.571801981000078],[-89.983092400999965,39.578653926000072],[-89.97558498799998,39.585505863000037],[-89.968076834999977,39.59235779200003],[-89.960567942999944,39.59920971300005],[-89.95305831099995,39.606061626000042],[-89.945547938999937,39.612913531000061],[-89.938036826999962,39.619765427000061],[-89.93052497299999,39.626617316000079],[-89.923012378999942,39.633469196000078],[-89.915499043999944,39.640321068000048],[-89.907984966999948,39.647172933000036],[-89.900470147999954,39.654024789000061],[-89.892954587999952,39.660876637000058],[-89.885438284999964,39.667728476000036],[-89.877921239999978,39.674580308000031],[-89.870403451999948,39.681432132000054],[-89.862884920999988,39.688283947000059],[-89.855365646999985,39.695135755000081],[-89.847845629999938,39.701987554000027],[-89.840324868999971,39.708839345000058],[-89.832803362999982,39.71569112800006],[-89.825281113999949,39.722542903000033],[-89.817758119999951,39.729394670000033],[-89.810234380999987,39.736246429000062],[-89.802709897999989,39.743098179000071],[-89.79518466899998,39.749949922000042],[-89.787658693999958,39.75680165600005],[-89.780131973999971,39.763653383000076],[-89.772604507999972,39.770505101000026],[-89.765076294999972,39.777356811000061],[-89.757547335999959,39.784208513000067],[-89.750017629999945,39.791060207000044],[-89.742487176999987,39.797911892000059],[-89.73495597699997,39.804763570000034],[-89.727424028999963,39.811615239000048],[-89.719891333999954,39.818466901000079],[-89.712357889999964,39.825318554000035],[-89.704823697999984,39.832170199000075],[-89.697288757999956,39.839021836000029],[-89.689753067999959,39.845873465000068],[-89.682216629999971,39.852725086000078],[-89.674679441999956,39.859576699000058],[-89.667141504999961,39.866428303000077],[-89.659602817999939,39.873279900000057],[-89.652063379999959,39.880131488000075],[-89.644523191999951,39.886983068000063],[-89.636982253999975,39.89383464000008],[-89.629440564999982,39.900686204000067],[-89.621898123999983,39.907537760000025],[-89.614354932999959,39.914389308000068],[-89.606810988999939,39.921240848000025],[-89.59926629399996,39.928092379000077],[-89.591720845999987,39.934943902000043],[-89.584174645999951,39.941795418000027],[-89.576627693999967,39.948646925000048],[-89.569079987999942,39.955498424000041],[-89.561531528999978,39.962349915000061],[-89.553982316999964,39.969201397000063],[-89.546432350999964,39.976052872000025],[-89.538881630999981,39.982904339000072],[-89.531330156999957,39.989755797000043],[-89.523777927999959,39.996607247000043],[-89.516224944999976,40.00345868900007],[-89.508671205999974,40.010310123000068],[-89.501116712999988,40.017161549000036],[-89.493561463999981,40.024012967000033],[-89.486005458999955,40.030864377000057],[-89.478448696999976,40.037715778000063],[-89.470891179999967,40.044567172000029],[-89.463332905999948,40.051418557000034],[-89.455773874999977,40.058269934000066],[-89.448214087999986,40.065121303000069],[-89.440653542999939,40.071972664000043],[-89.433092239999951,40.078824017000045],[-89.425530178999963,40.085675361000028],[-89.417967359999977,40.092526698000029],[-89.410403782999936,40.099378026000068],[-89.402839447999952,40.106229346000077],[-89.395274352999991,40.113080658000058],[-89.387708498999984,40.119931962000067],[-89.38014188599999,40.126783258000046],[-89.372574512999961,40.133634546000053],[-89.365006379999954,40.140485826000031],[-89.35743748699997,40.147337097000047],[-89.349867833999951,40.154188360000035],[-89.342297418999976,40.16103961500005],[-89.334726243999967,40.167890863000025],[-89.32715430799999,40.174742101000049],[-89.319581609999943,40.181593332000034],[-89.31200814999994,40.188444555000046],[-89.30443392799998,40.19529576900004],[-89.29685894399995,40.202146976000051],[-89.289283197999964,40.208998174000044],[-89.281706687999986,40.215849364000064],[-89.274129415999937,40.222700546000056],[-89.266551379999953,40.229551720000075],[-89.258972580999966,40.236402886000064],[-89.251393017999987,40.243254043000036],[-89.24381268999997,40.250105193000024],[-89.236231597999961,40.256956334000051],[-89.228649741999959,40.263807467000049],[-89.221067120999976,40.270658592000075],[-89.213483733999965,40.277509709000071],[-89.205899582999962,40.284360818000039],[-89.198314664999941,40.291211919000034],[-89.19072898099995,40.298063011000067],[-89.183142531999977,40.304914095000072],[-89.175555315999986,40.311765172000037],[-89.167967332999979,40.31861624000004],[-89.160378582999954,40.325467300000071],[-89.152789064999979,40.332318351000026],[-89.145198780999976,40.339169395000056],[-89.137607727999978,40.346020431000056],[-89.130015906999972,40.352871458000038],[-89.12242331799996,40.359722477000048],[-89.114829960999941,40.366573488000029],[-89.107235834999983,40.373424491000037],[-89.099640938999983,40.380275486000073],[-89.092045273999986,40.38712647300008],[-89.084448839999936,40.393977451000069],[-89.076851634999969,40.400828422000075],[-89.069253660999948,40.407679384000062],[-89.061654915999952,40.414530338000077],[-89.054055399999982,40.421381284000063],[-89.046455112999979,40.428232222000076],[-89.038854054999945,40.435083151000072],[-89.031252225999935,40.441934073000027],[-89.023649624999962,40.448784986000078],[-89.016046250999977,40.455635892000032],[-89.008442105999961,40.462486789000025],[-89.000837187999991,40.469337678000045],[-88.993231496999954,40.476188558000047],[-88.985625032999963,40.483039431000066],[-88.978017795999961,40.489890295000066],[-88.970409784999958,40.496741152000027],[-88.962800999999956,40.503592000000026]]},"properties":{"OID":58,"Product_Type_i":"Cooked","From_ID":"Retailer2","From_Node":"Rolla Retailers","From_City_Area":"Rolla","From_State":"MO","From_Latitude":37.90654,"From_Longitude":-91.793405000000007,"Product_Type_j":" Cooked","To_ID":"Market5","To_Node":"Bloomington Consumer Market","To_City_Area":"Bloomington–Normal","To_State":"IL","To_Latitude":40.503591999999998,"To_Longitude":-88.962800999999999,"Quantity":1577.4300000000001,"ORIG_FID":61,"Shape_Length":3.8415390533261542}},{"type":"Feature","id":59,"geometry":{"type":"LineString","coordinates":[[-90.239333999999985,38.627733000000035],[-90.249126155999988,38.623063853000076],[-90.258917676999943,38.618394703000035],[-90.268708563999951,38.613725548000048],[-90.278498814999978,38.609056390000035],[-90.288288432999991,38.604387228000064],[-90.298077415999956,38.599718063000068],[-90.307865764999974,38.595048893000069],[-90.317653478999944,38.590379720000044],[-90.327440559999957,38.585710544000051],[-90.337227006999967,38.581041363000054],[-90.347012820999964,38.576372179000032],[-90.356798000999959,38.571702991000052],[-90.36658254799994,38.567033799000058],[-90.376366460999975,38.562364604000038],[-90.386149741999986,38.557695405000061],[-90.395932389999984,38.553026202000069],[-90.405714404999969,38.548356995000063],[-90.415495786999941,38.543687785000031],[-90.425276537999991,38.539018571000042],[-90.435056654999983,38.534349353000039],[-90.444836140999939,38.529680131000077],[-90.454614994999986,38.525010906000034],[-90.464393216999952,38.520341677000033],[-90.47417080699995,38.515672444000074],[-90.483947764999982,38.511003207000044],[-90.493724092999969,38.506333967000046],[-90.503499788999989,38.501664723000033],[-90.513274853999974,38.496995476000052],[-90.523049287999982,38.492326224000067],[-90.532823090999955,38.487656969000057],[-90.54259626299995,38.482987710000032],[-90.552368804999958,38.478318447000049],[-90.562140716999977,38.473649181000042],[-90.571911997999962,38.468979911000076],[-90.581682648999958,38.46431063700004],[-90.591452670999956,38.459641360000035],[-90.601222061999977,38.454972078000026],[-90.610990823999941,38.450302793000048],[-90.620758956999964,38.445633504000057],[-90.630526459999942,38.44096421200004],[-90.640293332999988,38.436294916000065],[-90.650059577999968,38.431625616000076],[-90.65982519399995,38.426956312000073],[-90.66959018099999,38.422287005000044],[-90.679354539999963,38.417617694000057],[-90.689118269999938,38.412948379000056],[-90.69888137099997,38.408279060000041],[-90.708643844999983,38.403609738000057],[-90.71840568999994,38.398940412000059],[-90.728166907999992,38.394271082000046],[-90.737927497999976,38.389601748000075],[-90.747687459999952,38.384932411000079],[-90.757446794999964,38.380263070000069],[-90.767205501999968,38.375593725000044],[-90.776963581999951,38.370924377000051],[-90.786721034999971,38.366255025000044],[-90.796477861999961,38.361585669000078],[-90.806234060999941,38.356916309000042],[-90.815989633999948,38.352246946000037],[-90.825744580999981,38.347577579000074],[-90.835498900999937,38.34290820800004],[-90.845252594999977,38.338238833000048],[-90.855005662999986,38.333569455000031],[-90.864758105999954,38.328900073000057],[-90.874509921999959,38.324230687000068],[-90.88426111299998,38.319561298000053],[-90.894011678999959,38.314891905000025],[-90.903761618999965,38.310222508000038],[-90.913510933999987,38.305553107000037],[-90.923259623999968,38.300883703000068],[-90.933007688999965,38.296214295000027],[-90.942755129999966,38.291544883000029],[-90.952501945999984,38.286875467000073],[-90.96224813699996,38.282206048000035],[-90.971993704999988,38.277536625000039],[-90.981738647999975,38.272867198000029],[-90.991482966999968,38.26819776800005],[-91.001226661999965,38.263528334000057],[-91.010969733999957,38.258858896000049],[-91.020712181999954,38.254189454000027],[-91.030454006999946,38.249520009000037],[-91.040195207999943,38.244850560000032],[-91.049935785999935,38.240181107000069],[-91.059675741999968,38.235511651000024],[-91.069415073999949,38.230842190000033],[-91.079153783999971,38.226172726000073],[-91.088891870999987,38.221503259000031],[-91.098629335999988,38.216833787000041],[-91.108366178999972,38.212164312000027],[-91.118102398999952,38.207494833000055],[-91.127837997999961,38.202825351000058],[-91.137572973999966,38.198155864000057],[-91.147307328999943,38.193486374000031],[-91.157041062999951,38.188816881000037],[-91.166774174999944,38.184147383000038],[-91.176506665999966,38.179477882000072],[-91.186238534999973,38.174808377000033],[-91.195969783999942,38.170138868000038],[-91.205700411999942,38.165469356000074],[-91.215430418999972,38.160799840000038],[-91.225159805999965,38.156130320000045],[-91.234888571999988,38.151460796000038],[-91.244616718999964,38.146791269000062],[-91.25434424499997,38.142121738000071],[-91.264071150999939,38.137452203000066],[-91.273797436999985,38.132782665000036],[-91.283523102999936,38.128113123000048],[-91.293248149999954,38.123443577000046],[-91.302972577999981,38.118774027000029],[-91.312696385999971,38.114104474000044],[-91.322419575999959,38.109434917000044],[-91.332142145999967,38.10476535600003],[-91.341864097999974,38.100095792000047],[-91.35158543099999,38.095426223000061],[-91.361306144999958,38.090756652000039],[-91.371026240999981,38.086087076000069],[-91.380745718999947,38.081417497000075],[-91.390464577999978,38.076747913000077],[-91.400182819999941,38.072078327000042],[-91.409900443999959,38.067408736000061],[-91.419617449999976,38.062739142000055],[-91.42933383899998,38.058069544000034],[-91.439049609999984,38.053399942000055],[-91.448764763999975,38.048730337000052],[-91.458479300999954,38.044060728000034],[-91.468193220999979,38.039391115000058],[-91.477906523999991,38.034721498000067],[-91.487619210999981,38.030051878000052],[-91.497331280999958,38.025382254000078],[-91.507042733999981,38.020712626000034],[-91.516753571999971,38.016042995000078],[-91.526463792999948,38.01137336000005],[-91.53617339799996,38.006703721000065],[-91.545882387999939,38.002034078000065],[-91.555590761999952,37.99736443200004],[-91.565298519999942,37.992694782000058],[-91.575005662999956,37.988025128000061],[-91.584712190999937,37.983355471000039],[-91.594418102999953,37.978685810000059],[-91.604123400999981,37.974016145000064],[-91.613828083999977,37.969346476000055],[-91.623532151999939,37.964676804000078],[-91.633235604999982,37.960007128000029],[-91.642938443999981,37.95533744800008],[-91.652640668999936,37.950667764000059],[-91.662342279999962,37.94599807700007],[-91.672043276999943,37.941328386000066],[-91.681743659999938,37.936658692000037],[-91.691443428999946,37.931988993000061],[-91.701142584999957,37.92731929100006],[-91.71084112799997,37.922649586000034],[-91.720539056999939,37.917979876000061],[-91.730236372999968,37.913310163000062],[-91.739933075999943,37.908640446000049],[-91.749629165999977,37.903970725000079],[-91.759324643999946,37.899301001000026],[-91.769019508999975,37.894631273000073],[-91.778713760999949,37.889961541000048],[-91.788407400999972,37.885291806000055],[-91.798100429999977,37.880622066000058],[-91.807792845999984,37.875952324000025],[-91.817484649999983,37.871282577000045],[-91.827175842999964,37.86661282700004],[-91.836866423999936,37.861943073000077],[-91.846556393999947,37.857273315000043],[-91.85624575199995,37.852603553000051],[-91.865934498999991,37.847933788000034],[-91.875622635999946,37.84326401900006],[-91.88531016099995,37.83859424700006],[-91.894997075999981,37.833924470000056],[-91.904683379999938,37.829254690000027],[-91.914369073999978,37.824584906000041],[-91.924054156999944,37.819915119000029],[-91.933738629999937,37.81524532800006],[-91.943422492999957,37.810575533000076],[-91.953105746999938,37.805905734000078],[-91.962788389999957,37.801235932000054],[-91.972470424999983,37.796566126000073],[-91.98215184899999,37.791896316000077],[-91.991832664999947,37.787226503000056],[-92.001512870999989,37.782556686000078],[-92.01119246799999,37.777886865000028],[-92.020871455999952,37.773217040000077],[-92.030549835999977,37.768547212000044],[-92.040227606999963,37.763877380000054],[-92.049904768999966,37.759207544000049],[-92.059581322999975,37.754537705000075],[-92.069257268999991,37.749867862000031],[-92.078932606999956,37.745198015000028],[-92.088607336999985,37.740528164000068],[-92.098281458999963,37.735858310000026],[-92.107954973999938,37.731188452000026],[-92.117627880999976,37.726518590000069],[-92.127300180999953,37.721848725000029],[-92.136971873999983,37.717178856000032],[-92.146642958999962,37.712508983000077],[-92.156313437999984,37.707839107000041],[-92.165983309999945,37.703169226000057],[-92.175652574999958,37.698499343000037],[-92.185321233999957,37.693829455000071],[-92.194989285999952,37.689159564000079],[-92.204656731999989,37.684489669000072],[-92.214323571999955,37.679819770000051],[-92.223989806999953,37.675149867000073],[-92.233655434999946,37.670479961000069],[-92.243320457999971,37.665810051000051],[-92.252984874999981,37.661140138000064],[-92.262648686999967,37.656470220000074],[-92.272311892999937,37.651800299000058],[-92.281974494999986,37.647130375000074],[-92.291636490999963,37.64246044600003],[-92.301297882999961,37.637790514000073],[-92.310958669999991,37.633120578000046],[-92.320618852999985,37.62845063900005],[-92.330278430999954,37.62378069600004],[-92.339937404999944,37.619110749000072],[-92.349595773999965,37.614440798000032],[-92.359253539999941,37.609770844000025],[-92.368910701999937,37.605100886000059],[-92.378567259999954,37.600430924000079],[-92.388223214999982,37.595760958000028],[-92.397878565999974,37.591090989000065],[-92.407533313999977,37.586421016000031],[-92.41718745899999,37.581751040000029],[-92.426840999999968,37.577081060000069],[-92.436493938999945,37.572411076000037],[-92.446146275999979,37.567741088000048],[-92.455798008999977,37.563071097000034],[-92.465449139999976,37.558401101000072],[-92.475099668999974,37.553731103000075],[-92.484749595999972,37.549061100000074],[-92.494398919999981,37.544391094000048],[-92.504047642999979,37.539721084000064],[-92.513695763999976,37.535051070000065],[-92.523343283999964,37.530381053000042],[-92.532990200999961,37.525711032000061],[-92.542636517999938,37.521041007000065],[-92.552282232999971,37.516370979000044],[-92.561927347999983,37.511700947000065],[-92.571571860999939,37.507030911000072],[-92.581215773999986,37.502360872000054],[-92.590859085999966,37.497690828000032],[-92.600501796999936,37.493020781000041],[-92.610143907999941,37.488350731000025],[-92.619785418999982,37.483680676000063],[-92.629426329999944,37.479010618000075],[-92.639066640999943,37.474340557000062],[-92.648706351999977,37.469670491000045],[-92.658345462999989,37.46500042200006],[-92.66798397499997,37.46033034900006],[-92.677621886999987,37.455660273000035],[-92.687259199999971,37.450990193000052],[-92.696895913999981,37.446320109000055],[-92.706532028999959,37.441650021000044],[-92.716167544999962,37.436979930000064],[-92.72580246299998,37.432309835000069],[-92.735436781999965,37.42763973600006],[-92.745070501999976,37.422969634000026],[-92.754703624999991,37.418299528000034],[-92.764336148999973,37.413629418000028],[-92.773968074999971,37.408959304000064],[-92.783599402999982,37.404289187000074],[-92.793230132999952,37.399619066000071],[-92.802860265999982,37.394948941000052],[-92.81248980099997,37.390278813000066],[-92.822118738999961,37.385608681000065],[-92.831747079999957,37.380938545000049],[-92.841374823999956,37.376268406000065],[-92.85100197099996,37.371598263000067],[-92.860628520999967,37.366928116000054],[-92.870254473999978,37.362257966000072],[-92.879879830999982,37.35758781100003],[-92.88950459199998,37.352917654000066],[-92.899128755999982,37.348247492000041],[-92.908752323999977,37.343577327000048],[-92.918375296999955,37.33890715800004],[-92.927997672999936,37.334236985000075],[-92.937619453999957,37.329566809000028],[-92.947240638999972,37.324896629000079],[-92.956861228999969,37.32022644500006],[-92.966481223999949,37.315556258000072],[-92.976100622999979,37.31088606600008],[-92.985719427999982,37.306215872000053],[-92.995337636999977,37.301545673000078],[-93.004955251999945,37.296875471000078],[-93.014572272999942,37.292205265000064],[-93.024188697999989,37.287535055000035],[-93.033804529999941,37.282864842000038],[-93.043419767999978,37.278194625000026],[-93.053034410999942,37.273524404000057],[-93.062648460999981,37.268854180000062],[-93.072261915999945,37.264183952000053],[-93.081874777999985,37.259513720000029],[-93.091487046999987,37.254843485000038],[-93.101098721999961,37.250173245000042],[-93.110709804999942,37.245503003000067],[-93.120320293999953,37.240832756000032],[-93.129930189999982,37.236162506000028],[-93.139539492999972,37.231492252000066],[-93.149148203999971,37.226821994000034],[-93.158756321999988,37.222151733000032],[-93.168363847999956,37.217481468000074],[-93.177970780999942,37.212811199000043],[-93.187577121999936,37.208140927000045],[-93.197182871999985,37.203470651000032],[-93.206788028999938,37.198800371000061],[-93.216392594999945,37.194130088000065],[-93.22599656999995,37.189459800000066],[-93.235599951999973,37.18478951000003],[-93.245202743999982,37.180119215000047],[-93.254804943999943,37.17544891700004],[-93.264406553999947,37.170778615000074],[-93.27400757199996,37.166108309000037],[-93.283607999999958,37.161438000000032]]},"properties":{"OID":59,"Product_Type_i":"Cooked","From_ID":"Retailer3","From_Node":"St. Louis Metro Market","From_City_Area":"St. Louis Metro","From_State":"MO–IL","From_Latitude":38.627732999999999,"From_Longitude":-90.239333999999999,"Product_Type_j":" Cooked","To_ID":"Market3","To_Node":"Springfield Consumer Market","To_City_Area":"Springfield","To_State":"MO","To_Latitude":37.161437999999997,"To_Longitude":-93.283608000000001,"Quantity":384.1506,"ORIG_FID":62,"Shape_Length":3.3790063468263596}},{"type":"Feature","id":60,"geometry":{"type":"LineString","coordinates":[[-90.239333999999985,38.627733000000035],[-90.23373718299996,38.635585481000078],[-90.228139754999972,38.643437951000067],[-90.222541716999956,38.651290410000058],[-90.216943066999988,38.659142859000042],[-90.211343805999945,38.666995298000074],[-90.205743933999941,38.674847726000053],[-90.200143448999938,38.682700143000034],[-90.194542352999974,38.690552550000064],[-90.188940643999956,38.698404946000039],[-90.183338322999987,38.706257331000074],[-90.177735388999963,38.714109706000045],[-90.172131841999942,38.721962071000064],[-90.166527680999991,38.729814425000029],[-90.160922907999975,38.737666768000054],[-90.155317519999983,38.74551910100007],[-90.149711517999947,38.753371423000033],[-90.14410490299997,38.761223734000055],[-90.138497672999961,38.769076035000069],[-90.132889827999975,38.776928326000075],[-90.127281367999956,38.784780605000037],[-90.121672292999961,38.792632875000038],[-90.116062601999943,38.800485133000052],[-90.110452295999949,38.808337381000058],[-90.104841373999989,38.816189619000056],[-90.09922983599995,38.824041846000057],[-90.093617681999945,38.83189406200006],[-90.088004910999985,38.839746268000056],[-90.082391522999956,38.847598463000054],[-90.076777517999972,38.855450647000055],[-90.071162895999976,38.863302821000048],[-90.065547655999978,38.871154985000032],[-90.05993179799998,38.879007138000077],[-90.054315321999979,38.886859280000067],[-90.048698227999978,38.89471141100006],[-90.043080514999986,38.902563532000045],[-90.037462183999935,38.910415643000078],[-90.031843232999961,38.918267743000058],[-90.026223663999986,38.92611983200004],[-90.020603474999973,38.933971911000071],[-90.01498266599998,38.941823979000048],[-90.009361236999951,38.949676036000028],[-90.003739186999951,38.957528083000057],[-89.998116517999961,38.965380119000031],[-89.992493226999954,38.973232145000054],[-89.986869315999968,38.98108416000008],[-89.981244783999955,38.988936165000041],[-89.975619629999983,38.996788159000062],[-89.969993853999938,39.004640142000028],[-89.964367455999991,39.012492115000043],[-89.95874043699996,39.020344077000061],[-89.953112793999935,39.028196028000025],[-89.94748452999994,39.036047969000037],[-89.94185564199995,39.043899899000053],[-89.936226130999955,39.05175181900006],[-89.930595996999955,39.05960372800007],[-89.92496523899996,39.067455627000072],[-89.91933385699997,39.075307515000077],[-89.913701850999985,39.083159392000027],[-89.908069220999948,39.091011259000027],[-89.902435965999985,39.098863115000029],[-89.896802086999969,39.106714960000033],[-89.89116758199998,39.11456679500003],[-89.88553245199995,39.122418620000076],[-89.879896695999946,39.130270433000078],[-89.874260313999969,39.138122236000072],[-89.86862330699995,39.145974029000058],[-89.862985672999969,39.153825811000047],[-89.857347412999957,39.161677582000038],[-89.851708524999935,39.169529342000033],[-89.84606901099994,39.177381093000065],[-89.840428868999936,39.185232832000054],[-89.834788099999969,39.193084561000035],[-89.829146702999935,39.200936279000075],[-89.823504677999949,39.208787986000061],[-89.817862024999954,39.216639683000039],[-89.81221874299996,39.224491370000067],[-89.806574832999956,39.23234304600004],[-89.800930292999965,39.240194711000072],[-89.795285124999964,39.24804636500005],[-89.789639325999985,39.255898009000077],[-89.783992897999951,39.26374964200005],[-89.778345839999986,39.271601265000072],[-89.772698151999975,39.27945287700004],[-89.767049832999987,39.287304478000067],[-89.761400883999954,39.295156069000029],[-89.755751302999954,39.303007649000051],[-89.750101090999976,39.310859219000065],[-89.744450247999964,39.318710778000025],[-89.738798772999985,39.326562326000044],[-89.733146666999971,39.334413864000055],[-89.727493926999955,39.342265391000069],[-89.721840555999961,39.350116908000075],[-89.716186551999954,39.357968413000037],[-89.710531913999944,39.365819909000038],[-89.704876643999967,39.373671393000052],[-89.699220739999987,39.381522867000058],[-89.693564202999937,39.389374331000056],[-89.687907030999952,39.397225783000067],[-89.682249224999964,39.40507722500007],[-89.676590784999973,39.412928657000066],[-89.670931709999991,39.420780078000064],[-89.665272000999948,39.428631488000065],[-89.659611655999981,39.436482887000068],[-89.653950674999976,39.444334276000063],[-89.648289058999978,39.452185655000051],[-89.642626806999942,39.460037022000051],[-89.636963918999982,39.467888379000044],[-89.631300393999936,39.475739726000029],[-89.625636232999966,39.483591062000073],[-89.619971434999968,39.491442387000063],[-89.614305998999953,39.499293701000056],[-89.608639925999967,39.507145005000041],[-89.602973215999953,39.514996298000028],[-89.597305866999989,39.522847581000065],[-89.59163788099994,39.530698853000047],[-89.585969255999942,39.538550114000031],[-89.580299991999937,39.546401365000065],[-89.574630088999982,39.554252605000045],[-89.568959546999963,39.562103835000073],[-89.563288365999938,39.569955053000058],[-89.557616544999973,39.577806262000024],[-89.551944083999956,39.58565745900006],[-89.546270982999943,39.593508646000032],[-89.54059724199999,39.601359822000063],[-89.534922859999938,39.609210988000029],[-89.529247836999957,39.617062143000055],[-89.523572171999945,39.624913287000027],[-89.517895866999936,39.632764421000047],[-89.512218918999963,39.64061554400007],[-89.506541329999948,39.648466656000039],[-89.500863097999968,39.656317758000057],[-89.495184223999956,39.664168849000077],[-89.48950470799997,39.672019930000033],[-89.483824547999973,39.679870999000059],[-89.478143744999954,39.687722058000077],[-89.472462298999972,39.69557310700003],[-89.466780208999978,39.703424145000042],[-89.461097474999974,39.711275172000057],[-89.455414096999959,39.719126189000065],[-89.449730074999991,39.726977195000075],[-89.444045406999976,39.73482819000003],[-89.43836009499995,39.742679175000035],[-89.432674137999982,39.750530148000053],[-89.426987534999967,39.758381112000052],[-89.421300285999962,39.766232064000064],[-89.415612391999957,39.774083007000058],[-89.409923850999974,39.781933938000066],[-89.404234663999944,39.789784859000065],[-89.398544829999935,39.797635769000067],[-89.392854348999947,39.805486668000071],[-89.38716322099998,39.813337557000068],[-89.381471444999988,39.821188435000067],[-89.375779020999971,39.829039302000069],[-89.370085949999975,39.836890159000063],[-89.364392229999964,39.84474100500006],[-89.358697861999985,39.852591841000049],[-89.353002844999935,39.86044266600004],[-89.347307178999984,39.868293480000034],[-89.341610863999961,39.876144283000031],[-89.335913898999991,39.883995076000076],[-89.330216284999949,39.891845858000067],[-89.324518019999971,39.899696630000051],[-89.318819104999989,39.907547391000037],[-89.313119539999946,39.915398141000026],[-89.307419322999976,39.923248880000074],[-89.301718455999946,39.931099609000057],[-89.29601693799998,39.938950328000033],[-89.290314766999984,39.946801035000078],[-89.284611944999938,39.954651732000059],[-89.278908470999966,39.962502418000042],[-89.273204344999954,39.970353094000075],[-89.267499565999969,39.978203759000053],[-89.261794133999956,39.986054413000033],[-89.25608804899997,39.993905056000074],[-89.250381310999956,40.001755689000049],[-89.244673918999979,40.009606312000074],[-89.238965872999984,40.017456923000054],[-89.233257173999959,40.025307524000027],[-89.227547818999938,40.033158114000059],[-89.221837809999954,40.041008694000027],[-89.216127146999952,40.048859263000054],[-89.210415827999952,40.056709821000027],[-89.204703852999955,40.064560368000059],[-89.19899122299995,40.072410905000027],[-89.193277936999948,40.080261432000043],[-89.187563994999948,40.088111947000073],[-89.181849395999961,40.095962452000038],[-89.176134140999977,40.103812946000062],[-89.170418228999949,40.111663430000078],[-89.164701658999945,40.119513902000051],[-89.158984431999954,40.127364365000062],[-89.153266547999976,40.13521481600003],[-89.147548004999976,40.143065257000046],[-89.141828803999942,40.150915687000065],[-89.136108944999989,40.158766107000076],[-89.130388426999957,40.166616515000044],[-89.12466724899997,40.17446691300006],[-89.118945412999949,40.182317301000069],[-89.113222916999973,40.19016767800008],[-89.107499760999985,40.198018044000037],[-89.101775944999986,40.205868399000053],[-89.096051468999974,40.213718744000062],[-89.090326331999961,40.221569078000073],[-89.084600534999936,40.22941940100003],[-89.078874075999977,40.237269714000035],[-89.07314695599996,40.245120016000044],[-89.067419173999951,40.252970307000055],[-89.061690730999942,40.260820588000058],[-89.055961624999952,40.268670858000064],[-89.050231856999972,40.276521117000073],[-89.044501425999954,40.284371366000073],[-89.038770331999956,40.29222160300003],[-89.033038575999967,40.300071831000025],[-89.027306154999962,40.307922047000034],[-89.021573070999978,40.315772253000034],[-89.015839322999966,40.323622448000037],[-89.010104910999985,40.331472633000033],[-89.004369833999988,40.339322806000041],[-88.998634092999964,40.347172969000042],[-88.992897686999981,40.355023122000034],[-88.987160614999937,40.362873264000029],[-88.981422877999989,40.370723395000027],[-88.97568447499998,40.378573515000028],[-88.969945405999965,40.386423625000077],[-88.964205669999956,40.394273723000026],[-88.958465267999941,40.40212381200007],[-88.952724198999988,40.409973889000071],[-88.946982463999973,40.417823956000063],[-88.941240059999984,40.425674012000059],[-88.935496988999944,40.433524058000046],[-88.929753250999966,40.441374093000036],[-88.924008843999957,40.449224117000028],[-88.918263767999974,40.45707413000008],[-88.912518023999951,40.464924133000068],[-88.906771610999954,40.472774125000058],[-88.901024528999983,40.48062410600005],[-88.895276777999982,40.488474077000035],[-88.889528355999971,40.496324037000079],[-88.883779264999987,40.504173986000069],[-88.878029502999937,40.512023925000051],[-88.87227907099998,40.519873852000046],[-88.866527967999957,40.52772377000008],[-88.860776193999982,40.53557367600007],[-88.85502374899994,40.543423572000052],[-88.849270631999957,40.551273457000036],[-88.843516842999975,40.55912333100008],[-88.837762381999937,40.56697319500006],[-88.832007248999957,40.574823048000042],[-88.82625144299999,40.582672890000026],[-88.820494964999966,40.59052272200006],[-88.814737812999965,40.59837254200005],[-88.808979986999987,40.606222352000032],[-88.803221487999963,40.614072152000062],[-88.797462314999962,40.621921941000039],[-88.791702467999983,40.629771719000075],[-88.78594194599998,40.637621486000057],[-88.780180749999943,40.645471243000031],[-88.774418877999949,40.653320989000065],[-88.768656331999978,40.661170724000044],[-88.762893108999947,40.669020448000026],[-88.757129210999949,40.676870162000057],[-88.751364636999938,40.684719865000034],[-88.745599385999981,40.692569558000059],[-88.739833458999954,40.700419239000041],[-88.73406685499998,40.708268910000072],[-88.728299572999958,40.716118570000049],[-88.72253161499998,40.723968220000074],[-88.716762977999963,40.731817859000046],[-88.710993663999943,40.739667487000077],[-88.705223670999942,40.747517104000053],[-88.699452999999949,40.755366711000079],[-88.693681649999974,40.76321630700005],[-88.68790962199995,40.771065892000024],[-88.682136912999965,40.778915467000047],[-88.676363525999989,40.786765031000073],[-88.670589457999938,40.794614584000044],[-88.664814709999973,40.802464126000075],[-88.659039281999981,40.810313658000041],[-88.65326317399996,40.818163179000067],[-88.64748638399999,40.826012689000038],[-88.641708912999945,40.833862189000058],[-88.635930760999941,40.841711678000024],[-88.630151926999986,40.84956115600005],[-88.624372410999968,40.857410623000078],[-88.618592212999943,40.865260080000041],[-88.612811332999968,40.873109526000064],[-88.607029768999951,40.880958961000033],[-88.601247522999984,40.888808386000051],[-88.595464592999974,40.896657800000071],[-88.589680978999979,40.904507203000037],[-88.583896681999988,40.912356595000062],[-88.578111700999955,40.92020597700008],[-88.572326034999946,40.928055348000044],[-88.566539683999963,40.935904708000066],[-88.560752648999937,40.943754058000025],[-88.554964927999947,40.951603397000042],[-88.549176521999982,40.959452725000062],[-88.543387429999939,40.967302042000028],[-88.537597651999988,40.975151349000043],[-88.531807187999959,40.983000645000061],[-88.526016036999977,40.990849930000024],[-88.520224199999973,40.998699204000047],[-88.514431674999969,41.006548468000062],[-88.508638462999954,41.01439772100008],[-88.50284456299994,41.022246963000043],[-88.497049974999982,41.030096195000056],[-88.491254698999967,41.037945416000071],[-88.485458734999952,41.045794626000031],[-88.479662081999948,41.053643825000051],[-88.473864739999954,41.061493014000064],[-88.468066707999981,41.069342192000079],[-88.462267986999962,41.077191359000039],[-88.456468575999963,41.085040516000049],[-88.450668475999976,41.092889662000061],[-88.444867683999973,41.100738797000076],[-88.439066201999935,41.108587921000037],[-88.433264028999986,41.116437034000057],[-88.427461164999954,41.12428613700007],[-88.421657609999954,41.132135229000028],[-88.41585336199995,41.139984311000035],[-88.410048422999978,41.147833381000055],[-88.404242791999991,41.155682441000067],[-88.398436466999954,41.163531491000072],[-88.392629449999959,41.171380529000032],[-88.386821739999959,41.179229557000042],[-88.381013336999956,41.187078574000054],[-88.37520423999996,41.194927580000069],[-88.369394448999969,41.202776576000076],[-88.36358396299994,41.21062556000004],[-88.357772783999962,41.218474534000052],[-88.351960908999956,41.226323498000056],[-88.346148338999967,41.234172450000074],[-88.340335074999984,41.242021392000026],[-88.334521113999983,41.249870323000039],[-88.328706457999942,41.257719244000043],[-88.32289110499994,41.265568153000061],[-88.317075056999954,41.27341705200007],[-88.31125831099996,41.281265941000072],[-88.305440868999938,41.28911481800003],[-88.299622728999964,41.296963685000037],[-88.293803891999971,41.304812541000047],[-88.287984356999971,41.312661386000059],[-88.282164122999973,41.320510220000074],[-88.276343191999956,41.328359044000081],[-88.270521561999942,41.336207857000034],[-88.264699232999988,41.344056660000035],[-88.258876204999979,41.35190545100005],[-88.253052476999983,41.359754232000057],[-88.24722804999999,41.367603002000067],[-88.241402922999953,41.375451761000079],[-88.23557709499994,41.383300510000026],[-88.22975056699994,41.391149248000033],[-88.223923337999963,41.398997975000043],[-88.218095407999954,41.406846691000055],[-88.212266776999968,41.41469539700006],[-88.20643744399996,41.422544092000066],[-88.200607408999986,41.430392776000076],[-88.194776670999943,41.438241449000031],[-88.18894523199998,41.446090112000036],[-88.18311308899996,41.453938764000043],[-88.177280242999984,41.461787405000052],[-88.17144669399994,41.469636035000065],[-88.16561244199994,41.477484655000069],[-88.15977748499995,41.485333264000076],[-88.153941824999947,41.493181862000029],[-88.148105459999954,41.501030449000041],[-88.14226838999997,41.508879026000045],[-88.136430614999938,41.516727592000052],[-88.130592134999972,41.524576147000062],[-88.124752948999969,41.532424691000074],[-88.118913057999976,41.540273225000078],[-88.113072459999955,41.548121748000028],[-88.107231155999955,41.555970260000038],[-88.101389144999985,41.56381876100005],[-88.095546427999977,41.571667252000054],[-88.089703002999954,41.579515732000061],[-88.083858869999972,41.587364201000071],[-88.078014029999963,41.595212660000072],[-88.072168481999938,41.60306110700003],[-88.066322224999965,41.610909544000037],[-88.060475258999986,41.618757970000047],[-88.054627584999935,41.626606386000049],[-88.048779201999935,41.634454791000053],[-88.04293010799995,41.64230318400007],[-88.03708030599995,41.650151568000069],[-88.031229792999966,41.657999940000025],[-88.025378569999987,41.665848302000029],[-88.019526635999966,41.673696653000036],[-88.013673990999962,41.681544993000045],[-88.007820634999973,41.689393322000058],[-88.001966567999943,41.697241641000062],[-87.996111787999951,41.705089949000069],[-87.990256296999974,41.712938246000078],[-87.984400093999966,41.720786532000034],[-87.978543177999939,41.728634808000038],[-87.972685548999948,41.736483072000055],[-87.966827205999948,41.744331327000054],[-87.960968150999975,41.752179570000067],[-87.955108380999945,41.760027802000025],[-87.949247897999953,41.767876024000032],[-87.943386699999962,41.775724235000041],[-87.937524787999962,41.783572436000043],[-87.931662160999963,41.791420625000057],[-87.925798818999965,41.799268804000064],[-87.919934760999979,41.807116972000074],[-87.914069987999937,41.814965129000029],[-87.908204497999975,41.822813276000034],[-87.902338291999968,41.83066141200004],[-87.896471369999972,41.83850953700005],[-87.890603730999942,41.846357651000062],[-87.884735374999991,41.854205754000077],[-87.87886630099996,41.862053847000027],[-87.872996508999961,41.869901929000036],[-87.867125999999985,41.877750000000049]]},"properties":{"OID":60,"Product_Type_i":"Cooked","From_ID":"Retailer3","From_Node":"St. Louis Metro Market","From_City_Area":"St. Louis Metro","From_State":"MO–IL","From_Latitude":38.627732999999999,"From_Longitude":-90.239333999999999,"Product_Type_j":" Cooked","To_ID":"Market4","To_Node":"Chicago Metro Market","To_City_Area":"Chicago","To_State":"IL","To_Latitude":41.877749999999999,"To_Longitude":-87.867125999999999,"Quantity":8924.5421999999999,"ORIG_FID":63,"Shape_Length":4.0237667358191018}},{"type":"Feature","id":61,"geometry":{"type":"LineString","coordinates":[[-87.49949799999996,41.637709000000029],[-87.510147235999966,41.633568923000041],[-87.520795789999966,41.629428844000074],[-87.531443662999948,41.625288761000036],[-87.54209085399998,41.621148676000075],[-87.552737364999984,41.617008587000043],[-87.563383194999972,41.612868496000033],[-87.574028343999942,41.608728401000064],[-87.584672812999941,41.60458830400006],[-87.595316600999979,41.600448203000042],[-87.60595970899999,41.596308100000044],[-87.616602136999973,41.592167993000032],[-87.627243884999984,41.588027884000041],[-87.637884952999968,41.583887771000036],[-87.648525340999981,41.579747656000052],[-87.659165049999956,41.575607537000053],[-87.66980407899996,41.571467416000075],[-87.680442429999971,41.567327291000026],[-87.691080100999955,41.563187164000055],[-87.701717092999957,41.559047034000059],[-87.712353405999977,41.554906900000049],[-87.722989039999959,41.550766764000059],[-87.733623995999949,41.546626624000055],[-87.744258273999947,41.542486482000072],[-87.754891872999963,41.538346337000064],[-87.765524793999987,41.534206188000041],[-87.776157036999962,41.53006603700004],[-87.786788601999945,41.52592588300007],[-87.797419489999982,41.521785725000029],[-87.80804969899998,41.517645565000066],[-87.818679231999965,41.513505402000078],[-87.829308086999959,41.509365235000075],[-87.839936264999949,41.505225066000037],[-87.850563765999937,41.50108489400003],[-87.861190590999968,41.496944718000066],[-87.87181673799995,41.492804540000066],[-87.882442208999976,41.48866435900004],[-87.893067002999942,41.484524175000047],[-87.903691121999941,41.480383987000039],[-87.914314563999937,41.476243797000052],[-87.924937329999977,41.47210360400004],[-87.935559419999947,41.46796340800006],[-87.946180833999961,41.463823209000054],[-87.95680157299995,41.459683006000034],[-87.967421635999983,41.455542801000036],[-87.978041023999936,41.451402593000068],[-87.988659736999978,41.447262382000076],[-87.999277774999939,41.443122168000059],[-88.00989513799999,41.438981951000073],[-88.020511825999961,41.434841730000073],[-88.031127839999954,41.430701507000038],[-88.04174317899998,41.426561281000033],[-88.052357843999971,41.422421052000061],[-88.062971834999985,41.418280820000064],[-88.073585150999975,41.414140585000041],[-88.084197793999977,41.41000034700005],[-88.094809762999944,41.405860106000034],[-88.10542105899998,41.40171986200005],[-88.116031679999935,41.397579615000041],[-88.126641628999948,41.393439365000063],[-88.137250903999984,41.38929911200006],[-88.147859506999964,41.385158856000032],[-88.158467435999967,41.381018597000036],[-88.16907469299997,41.376878335000072],[-88.179681276999986,41.372738070000025],[-88.190287187999957,41.368597802000068],[-88.200892427999975,41.364457531000028],[-88.211496993999958,41.360317257000077],[-88.222100888999989,41.356176980000043],[-88.232704111999965,41.352036700000042],[-88.243306662999942,41.347896417000072],[-88.253908542999966,41.343756131000077],[-88.264509750999935,41.339615842000057],[-88.275110287999951,41.335475550000069],[-88.285710152999968,41.331335256000045],[-88.296309346999976,41.327194958000064],[-88.306907870999964,41.323054657000057],[-88.317505722999954,41.318914353000025],[-88.32810290499998,41.314774046000025],[-88.338699416999987,41.310633736000057],[-88.349295257999984,41.306493424000053],[-88.359890427999972,41.302353108000034],[-88.370484928999986,41.298212789000047],[-88.38107875999998,41.294072467000035],[-88.391671919999965,41.289932143000044],[-88.402264411999965,41.285791815000039],[-88.412856232999957,41.281651484000065],[-88.423447384999974,41.277511150000066],[-88.434037867999962,41.273370814000032],[-88.444627681999975,41.26923047400004],[-88.455216826999958,41.265090131000079],[-88.465805302999968,41.260949786000026],[-88.476393109999947,41.256809437000072],[-88.486980248999942,41.252669085000036],[-88.497566718999963,41.248528731000079],[-88.508152520999943,41.244388373000049],[-88.518737654999939,41.240248013000041],[-88.529322119999961,41.236107649000076],[-88.539905917999988,41.231967283000074],[-88.550489048999964,41.227826913000058],[-88.561071510999966,41.223686540000074],[-88.571653305999973,41.219546165000054],[-88.582234433999986,41.215405786000076],[-88.592814894999947,41.211265405000063],[-88.60339468799998,41.207125020000035],[-88.613973814999952,41.202984633000028],[-88.624552274999985,41.198844242000064],[-88.635130067999967,41.194703849000064],[-88.645707194999943,41.190563453000038],[-88.656283654999982,41.186423053000055],[-88.666859449999947,41.182282651000037],[-88.677434577999975,41.17814224500006],[-88.68800903999994,41.174001837000048],[-88.698582836999947,41.169861426000068],[-88.709155966999958,41.165721011000073],[-88.719728432999943,41.161580594000043],[-88.73030023299998,41.157440174000044],[-88.740871366999954,41.153299750000031],[-88.751441836999959,41.149159324000038],[-88.762011641999948,41.145018895000078],[-88.772580781999977,41.140878462000046],[-88.783149256999991,41.136738027000035],[-88.793717066999989,41.132597589000056],[-88.804284213999949,41.128457148000052],[-88.814850695999951,41.124316703000034],[-88.825416513999983,41.120176256000036],[-88.835981666999942,41.11603580600007],[-88.846546156999977,41.111895353000079],[-88.857109983999976,41.107754897000063],[-88.867673145999959,41.103614438000079],[-88.878235645999951,41.09947397500008],[-88.888797481999973,41.095333510000046],[-88.899358654999958,41.091193042000043],[-88.909919164999963,41.087052571000072],[-88.920479010999941,41.082912097000076],[-88.931038195999975,41.078771620000055],[-88.941596716999982,41.074631140000065],[-88.952154575999941,41.07049065700005],[-88.962711772999967,41.066350171000067],[-88.973268307999945,41.062209682000059],[-88.983824180999989,41.058069190000026],[-88.994379390999939,41.053928695000025],[-89.004933939999944,41.049788197000055],[-89.015487826999959,41.04564769600006],[-89.026041052999972,41.04150719200004],[-89.036593617999984,41.037366685000052],[-89.047145520999948,41.033226175000038],[-89.057696762999967,41.029085663000046],[-89.068247343999985,41.024945147000039],[-89.078797263999945,41.020804628000064],[-89.08934652399995,41.016664106000064],[-89.099895122999953,41.012523581000039],[-89.110443061999945,41.008383053000045],[-89.120990339999935,41.004242523000073],[-89.131536958999959,41.000101989000029],[-89.142082916999982,40.995961452000074],[-89.152628214999936,40.991820912000037],[-89.163172853999981,40.987680370000078],[-89.173716832999958,40.983539824000047],[-89.184260152999968,40.979399275000048],[-89.194802813999956,40.975258724000071],[-89.205344814999989,40.971118169000079],[-89.215886156999943,40.966977611000061],[-89.226426840999977,40.962837051000065],[-89.236966865999989,40.958696487000054],[-89.247506231999978,40.954555921000065],[-89.258044938999944,40.950415351000061],[-89.268582987999935,40.946274779000078],[-89.279120378999949,40.94213420300008],[-89.289657111999986,40.937993624000057],[-89.300193186999991,40.933853043000056],[-89.310728604999952,40.92971245800004],[-89.321263363999947,40.925571871000045],[-89.331797465999955,40.921431281000025],[-89.342330910999976,40.917290687000047],[-89.352863698999954,40.913150091000034],[-89.363395828999955,40.909009491000063],[-89.37392730199997,40.904868889000056],[-89.384458118999987,40.900728284000024],[-89.394988278999961,40.896587675000035],[-89.405517781999947,40.892447064000066],[-89.416046628999936,40.888306450000073],[-89.426574819999985,40.884165832000065],[-89.43710235399999,40.880025212000078],[-89.447629232999986,40.875884589000066],[-89.45815545499994,40.871743963000029],[-89.468681021999942,40.867603333000034],[-89.479205932999946,40.86346270100006],[-89.489730188999943,40.859322066000061],[-89.500253788999942,40.855181428000037],[-89.510776734999979,40.851040787000045],[-89.521299024999962,40.846900143000028],[-89.531820659999937,40.842759495000053],[-89.54234164099995,40.838618845000042],[-89.552861965999966,40.834478192000063],[-89.563381637999953,40.830337536000059],[-89.573900654999989,40.826196877000029],[-89.584419016999959,40.822056215000032],[-89.594936725999958,40.817915550000066],[-89.605453780999937,40.813774882000075],[-89.615970180999966,40.809634211000059],[-89.626485928999955,40.805493537000075],[-89.637001021999936,40.801352860000065],[-89.647515461999944,40.797212180000031],[-89.658029248999981,40.793071498000074],[-89.668542382999988,40.788930812000046],[-89.679054862999976,40.78479012300005],[-89.689566690999982,40.780649431000029],[-89.700077865999958,40.776508736000039],[-89.710588388999952,40.772368038000025],[-89.721098258999973,40.768227338000031],[-89.731607475999965,40.76408663400008],[-89.742116041999964,40.759945927000047],[-89.75262395499999,40.755805217000045],[-89.763131215999977,40.751664505000065],[-89.77363782599997,40.74752378900007],[-89.78414378399998,40.74338307000005],[-89.79464908999995,40.739242349000051],[-89.805153744999984,40.735101624000038],[-89.815657748999968,40.730960896000056],[-89.826161101999958,40.726820166000039],[-89.836663803999954,40.722679432000064],[-89.847165853999968,40.718538696000053],[-89.857667254999967,40.714397956000028],[-89.868168003999983,40.71025721400008],[-89.878668102999939,40.706116468000062],[-89.889167551999947,40.701975720000064],[-89.899666350999951,40.697834968000052],[-89.910164498999961,40.693694214000061],[-89.920661997999957,40.689553457000045],[-89.931158846999949,40.685412696000071],[-89.941655045999937,40.681271933000062],[-89.952150595999967,40.677131167000027],[-89.962645496999983,40.672990397000035],[-89.973139747999937,40.668849625000064],[-89.983633349999991,40.664708850000068],[-89.994126302999973,40.660568071000057],[-90.004618606999941,40.656427290000067],[-90.01511026299994,40.652286506000053],[-90.025601269999981,40.64814571900007],[-90.036091628999941,40.644004929000062],[-90.046581338999943,40.639864135000039],[-90.057070401999965,40.635723339000037],[-90.067558815999973,40.631582540000068],[-90.078046581999956,40.627441738000073],[-90.08853370099996,40.623300933000053],[-90.099020171999939,40.619160125000064],[-90.10950599499995,40.615019314000051],[-90.11999117199997,40.610878500000069],[-90.130475700999966,40.606737683000063],[-90.140959582999983,40.602596863000031],[-90.151442817999964,40.59845604000003],[-90.161925405999966,40.594315214000062],[-90.172407346999989,40.590174385000068],[-90.182888641999966,40.586033554000039],[-90.193369290999954,40.581892719000052],[-90.203849292999962,40.57775188100004],[-90.214328648999981,40.57361104000006],[-90.224807359999943,40.569470196000054],[-90.235285423999983,40.56532935000007],[-90.245762842999966,40.561188500000071],[-90.256239615999959,40.557047647000047],[-90.266715742999963,40.552906791000055],[-90.277191224999967,40.548765933000027],[-90.287666061999971,40.544625071000041],[-90.298140253999975,40.540484207000077],[-90.308613800999979,40.536343339000041],[-90.319086703999972,40.532202468000037],[-90.329558960999975,40.528061595000054],[-90.340030573999968,40.523920718000056],[-90.35050154299995,40.51977983900008],[-90.360971866999989,40.515638956000032],[-90.37144154799995,40.511498071000062],[-90.381910583999968,40.507357182000078],[-90.392378976999964,40.503216291000058],[-90.402846724999961,40.49907539700007],[-90.413313830999982,40.494934499000067],[-90.423780291999947,40.490793599000028],[-90.434246110999936,40.486652696000078],[-90.444711285999972,40.482511789000057],[-90.455175817999987,40.478370880000057],[-90.46563970699998,40.474229968000031],[-90.476102953999941,40.470089053000038],[-90.486565556999949,40.46594813400003],[-90.497027518999971,40.461807213000043],[-90.507488837999972,40.457666289000031],[-90.517949513999952,40.45352536200005],[-90.528409548999946,40.449384432000045],[-90.538868940999976,40.445243499000071],[-90.549327691999963,40.441102563000072],[-90.559785800999975,40.436961624000048],[-90.570243267999956,40.432820682000056],[-90.580700093999951,40.428679737000039],[-90.591156278999961,40.424538789000053],[-90.601611821999938,40.420397838000042],[-90.612066724999977,40.416256884000063],[-90.622520985999984,40.412115927000059],[-90.632974606999937,40.40797496700003],[-90.643427586999962,40.403834004000032],[-90.653879925999945,40.399693038000066],[-90.664331624999988,40.395552070000065],[-90.674782683999979,40.391411098000049],[-90.685233102999973,40.387270123000064],[-90.695682881999971,40.383129146000044],[-90.706132019999984,40.378988165000067],[-90.71658051999998,40.374847181000064],[-90.727028378999989,40.370706195000025],[-90.737475598999936,40.366565205000029],[-90.747922179999989,40.362424212000064],[-90.75836812099999,40.358283217000064],[-90.768813423999973,40.35414221800005],[-90.779258087999949,40.350001217000056],[-90.789702111999986,40.345860212000048],[-90.800145497999949,40.341719205000061],[-90.810588245999952,40.337578194000059],[-90.821030354999948,40.333437181000079],[-90.831471825999984,40.329296165000073],[-90.841912658999945,40.325155145000053],[-90.852352853999946,40.321014123000054],[-90.86279240999994,40.31687309800003],[-90.873231329999953,40.312732069000049],[-90.883669610999959,40.308591038000031],[-90.894107254999938,40.304450004000046],[-90.904544261999945,40.300308967000035],[-90.914980631999981,40.296167927000056],[-90.925416363999943,40.292026884000052],[-90.935851458999991,40.287885837000033],[-90.946285917999944,40.283744788000035],[-90.956719739999983,40.27960373600007],[-90.967152925999983,40.275462681000079],[-90.977585474999955,40.271321623000063],[-90.988017386999957,40.267180562000078],[-90.998448663999966,40.263039498000069],[-91.008879304999937,40.258898431000034],[-91.019309308999937,40.254757362000078],[-91.029738677999944,40.25061628900005],[-91.04016741099997,40.246475213000053],[-91.050595508999947,40.242334134000032],[-91.061022971999989,40.238193052000042],[-91.071449798999936,40.234051967000028],[-91.081875990999947,40.229910880000034],[-91.092301547999966,40.225769789000026],[-91.102726470999983,40.221628695000049],[-91.113150757999961,40.217487599000037],[-91.123574410999936,40.213346499000068],[-91.133997429999965,40.209205397000062],[-91.144419813999946,40.205064291000042],[-91.15484156399998,40.200923182000054],[-91.165262679999955,40.19678207100003],[-91.175683161999984,40.192640957000037],[-91.186103010999943,40.188499839000031],[-91.196522224999967,40.184358719000045],[-91.206940805999977,40.180217595000045],[-91.217358753999974,40.176076469000066],[-91.227776068999958,40.171935340000061],[-91.238192749999939,40.167794207000043],[-91.248608798999953,40.163653072000045],[-91.259024213999965,40.159511934000079],[-91.269438996999952,40.155370793000031],[-91.279853146999983,40.151229648000026],[-91.29026666499999,40.147088501000042],[-91.300679549999984,40.142947351000032],[-91.311091802999954,40.138806198000054],[-91.321503423999957,40.134665042000051],[-91.331914413999982,40.13052388300008],[-91.342324770999937,40.126382721000027],[-91.352734495999982,40.122241556000063],[-91.363143590999982,40.118100388000073],[-91.373552052999969,40.113959217000058],[-91.383959883999978,40.109818043000075],[-91.394367084999942,40.105676866000067],[-91.404773653999939,40.101535686000034],[-91.415179591999959,40.097394504000079],[-91.42558489999999,40.093253318000052],[-91.43598957599994,40.089112129000057],[-91.446393622999949,40.084970937000037],[-91.45679703899998,40.080829743000038],[-91.467199823999977,40.076688545000025],[-91.477601979999974,40.072547345000032],[-91.488003504999938,40.068406141000025],[-91.498404400999959,40.06426493400005],[-91.508804666999936,40.060123725000039],[-91.519204302999981,40.055982512000071],[-91.52960330999997,40.051841297000067],[-91.540001687999961,40.047700078000048],[-91.550399435999964,40.04355885700005],[-91.560796555999957,40.039417633000028],[-91.571193045999962,40.035276405000047],[-91.581588907999958,40.031135175000031],[-91.591984139999965,40.026993942000047],[-91.602378744999953,40.022852706000037],[-91.612772719999953,40.01871146600007],[-91.623166067999989,40.014570224000067],[-91.63355878699997,40.010428979000039],[-91.643950878999988,40.006287731000043],[-91.65434234199995,40.002146480000079],[-91.664733177999949,39.998005226000032],[-91.675123385999939,39.993863969000074],[-91.685512965999976,39.989722709000034],[-91.695901919999983,39.985581446000026],[-91.706290244999991,39.98144018000005],[-91.716677943999969,39.977298911000048],[-91.727065015999983,39.973157639000078],[-91.737451460999978,39.969016364000026],[-91.747837278999953,39.964875086000063],[-91.758222469999964,39.960733806000064],[-91.768607035999935,39.956592522000051],[-91.778990973999953,39.952451235000069],[-91.789374286999987,39.948309945000062],[-91.799756972999944,39.944168653000077],[-91.810139033999974,39.940027357000076],[-91.820520467999984,39.93588605900004],[-91.830901276999953,39.931744757000047],[-91.841281459999948,39.927603453000074],[-91.851661017999959,39.92346214500003],[-91.862039950999986,39.919320835000065],[-91.872418257999982,39.915179521000027],[-91.882795940999983,39.911038205000068],[-91.893172997999955,39.906896886000027],[-91.903549430999988,39.902755563000028],[-91.91392523799999,39.89861423800005],[-91.924300421999988,39.894472910000047],[-91.934674980999944,39.890331579000076],[-91.945048915999962,39.886190244000034],[-91.955422225999939,39.882048907000069],[-91.965794912999968,39.877907567000079],[-91.976166974999956,39.873766224000065],[-91.986538413999938,39.869624878000025],[-91.996909228999982,39.865483529000073],[-92.007279420999964,39.86134217700004],[-92.017648989999941,39.857200822000038],[-92.02801793499998,39.853059464000069],[-92.038386256999956,39.848918103000074],[-92.048753955999985,39.844776740000043],[-92.05912103199995,39.840635373000055],[-92.069487484999968,39.836494003000041],[-92.079853315999969,39.832352630000059],[-92.090218523999965,39.828211255000042],[-92.100583109999945,39.824069876000067],[-92.110947073999967,39.819928494000067],[-92.121310415999972,39.815787110000031],[-92.131673135999961,39.811645722000037],[-92.142035233999991,39.807504332000065],[-92.152396709999948,39.803362938000078],[-92.162757563999946,39.799221542000055],[-92.173117797999964,39.795080142000074],[-92.183477408999977,39.790938740000058],[-92.193836399999952,39.786797335000074],[-92.204194769999958,39.782655926000075],[-92.214552517999948,39.77851451500004],[-92.224909645999958,39.774373101000037],[-92.235266152999941,39.770231684000066],[-92.245622039999944,39.766090263000081],[-92.255977305999977,39.761948840000059],[-92.266331951999973,39.757807414000069],[-92.276685977999989,39.753665985000055],[-92.287039383999968,39.749524553000072],[-92.297392169999966,39.745383118000063],[-92.307744335999985,39.74124168000003],[-92.318095881999966,39.737100239000029],[-92.328446808999956,39.732958795000059],[-92.338797115999967,39.728817349000053],[-92.349146804999975,39.724675899000033],[-92.359495873999947,39.720534446000045],[-92.369844323999985,39.716392990000031],[-92.380192154999975,39.712251532000039],[-92.390539366999974,39.708110070000032],[-92.400885960999972,39.703968605000057],[-92.411231935999979,39.699827138000046],[-92.421577292999984,39.695685667000078],[-92.431922031999989,39.691544194000073],[-92.442266152999991,39.687402717000055],[-92.452609654999947,39.683261238000057],[-92.462952539999947,39.679119755000045],[-92.473294806999945,39.674978270000054],[-92.483636455999942,39.670836782000038],[-92.493977487999985,39.666695290000064],[-92.504317902999958,39.662553796000054],[-92.514657699999987,39.658412299000076],[-92.524996879999946,39.654270799000074],[-92.535335443999941,39.650129296000046],[-92.54567338999999,39.645987790000049],[-92.556010719999961,39.641846281000028],[-92.566347432999976,39.637704769000038],[-92.576683529999968,39.63356325400008],[-92.587019009999949,39.62942173600004],[-92.597353873999964,39.625280215000032],[-92.607688121999956,39.621138691000056],[-92.618021753999983,39.616997164000054],[-92.628354769999987,39.612855634000027],[-92.638687170999958,39.608714102000079],[-92.649018955999964,39.604572566000058],[-92.659350125999936,39.60043102700007],[-92.669680679999942,39.596289486000046],[-92.680010618999972,39.592147941000064],[-92.690339942999969,39.588006393000057],[-92.70066865199999,39.583864843000072],[-92.710996745999978,39.579723290000061],[-92.721324225999979,39.575581733000035],[-92.731651090999947,39.571440174000031],[-92.741977341999984,39.567298611000069],[-92.752302977999989,39.563157046000072],[-92.76262799999995,39.559015478000049],[-92.772952407999981,39.554873907000058],[-92.783276202999957,39.550732332000052],[-92.793599382999957,39.546590755000068],[-92.80392194999996,39.542449175000058],[-92.814243902999976,39.538307592000081],[-92.824565242999938,39.534166006000078],[-92.83488596899997,39.53002441700005],[-92.845206082999937,39.525882825000053],[-92.855525582999974,39.521741230000032],[-92.865844469999956,39.517599632000042],[-92.876162744999988,39.513458031000027],[-92.886480406999965,39.509316428000034],[-92.896797455999945,39.505174821000026],[-92.907113893999963,39.501033211000049],[-92.917429717999937,39.496891599000037],[-92.92774493099995,39.492749983000067],[-92.938059531999954,39.488608364000072],[-92.948373519999961,39.484466743000041],[-92.95868689699995,39.480325118000053],[-92.968999662999977,39.476183491000029],[-92.979311815999949,39.472041860000047],[-92.98962335899995,39.46790022700003],[-92.999934289999942,39.463758591000044],[-93.010244609999972,39.459616951000044],[-93.020554318999984,39.455475309000064],[-93.030863416999978,39.45133366400006],[-93.041171904999942,39.447192016000031],[-93.051479780999955,39.443050365000033],[-93.061787047999985,39.438908711000067],[-93.07209370299995,39.434767054000076],[-93.08239974899999,39.43062539400006],[-93.092705183999954,39.426483731000076],[-93.103010009999991,39.422342065000066],[-93.113314224999954,39.418200396000032],[-93.12361783099999,39.414058724000029],[-93.133920827999987,39.409917049000057],[-93.144223213999965,39.405775372000051],[-93.154524991999949,39.401633691000029],[-93.164826159999961,39.397492007000039],[-93.175126718999991,39.393350321000071],[-93.18542666899998,39.389208631000031],[-93.195726009999987,39.385066939000069],[-93.206024741999954,39.380925243000036],[-93.216322865999985,39.37678354500008],[-93.226620380999975,39.372641843000054],[-93.236917287999972,39.368500139000048],[-93.247213586999976,39.364358432000074],[-93.25750927699994,39.360216721000029],[-93.267804359999957,39.356075008000062],[-93.278098833999991,39.351933292000069],[-93.288392700999964,39.347791573000052],[-93.298685959999943,39.343649851000066],[-93.308978611999976,39.339508126000055],[-93.319270656999947,39.335366398000076],[-93.329562093999982,39.331224667000072],[-93.339852923999956,39.327082933000042],[-93.350143146999983,39.322941196000045],[-93.360432762999949,39.318799456000079],[-93.370721772999957,39.314657713000031],[-93.381010175999961,39.310515968000061],[-93.391297971999961,39.306374219000077],[-93.401585161999947,39.302232467000067],[-93.411871745999974,39.298090713000079],[-93.422157722999941,39.293948955000076],[-93.43244309499994,39.289807195000037],[-93.44272786099998,39.285665431000041],[-93.45301202099995,39.281523665000066],[-93.463295574999961,39.277381895000076],[-93.473578523999947,39.273240123000051],[-93.483860867999965,39.269098348000057],[-93.494142605999969,39.264956569000049],[-93.504423738999947,39.260814788000062],[-93.514704267999946,39.256673004000049],[-93.524984190999987,39.252531217000069],[-93.535263509999936,39.248389427000063],[-93.545542223999973,39.244247634000033],[-93.555820332999986,39.240105838000034],[-93.566097837999962,39.235964039000066],[-93.576374738999959,39.231822237000074],[-93.586651035999978,39.227680432000056],[-93.596926728999961,39.22353862500006],[-93.607201817999965,39.219396814000049],[-93.617476302999989,39.21525500000007],[-93.627750183999979,39.211113184000055],[-93.638023462999968,39.206971364000026],[-93.648296136999988,39.202829541000028],[-93.658568208999952,39.198687716000052],[-93.668839676999937,39.19454588800005],[-93.679110541999989,39.190404056000034],[-93.689380804999985,39.186262222000039],[-93.699650463999944,39.182120384000029],[-93.709919520999961,39.177978544000041],[-93.720187975999977,39.173836701000027],[-93.730455827999947,39.169694855000046],[-93.740723077999974,39.165553006000039],[-93.750989725999943,39.161411154000064],[-93.76125577199997,39.157269299000063],[-93.77152121599994,39.153127441000038],[-93.781786057999966,39.148985580000044],[-93.792050297999936,39.144843716000025],[-93.802313936999951,39.140701849000038],[-93.812576974999956,39.136559979000026],[-93.822839410999961,39.132418107000035],[-93.833101245999956,39.128276231000029],[-93.843362480999986,39.124134352000056],[-93.853623113999959,39.119992471000046],[-93.863883145999978,39.115850586000079],[-93.874142577999976,39.111708699000076],[-93.884401409999953,39.107566808000058],[-93.894659640999976,39.103424915000062],[-93.904917270999988,39.099283018000051],[-93.915174301999969,39.095141119000061],[-93.925430731999938,39.090999217000046],[-93.93568656299999,39.086857312000063],[-93.945941793999964,39.082715404000055],[-93.956196424999973,39.078573492000032],[-93.966450456999951,39.074431578000031],[-93.976703888999964,39.070289661000061],[-93.986956721999945,39.066147741000066],[-93.997208955999952,39.062005819000035],[-94.007460590999983,39.057863893000047],[-94.017711625999937,39.053721964000033],[-94.027962063999951,39.049580032000051],[-94.038211901999944,39.045438097000044],[-94.048461141999951,39.041296160000059],[-94.058709782999983,39.037154219000058],[-94.068957825999973,39.033012276000079],[-94.079205270999978,39.028870329000029],[-94.08945211799994,39.024728380000056],[-94.099698366999974,39.020586427000069],[-94.109944017999965,39.016444472000046],[-94.12018907199996,39.012302514000055],[-94.130433527999969,39.008160552000049],[-94.140677385999936,39.004018588000065],[-94.150920646999964,38.999876621000055],[-94.161163310999939,38.995734651000078],[-94.171405377999974,38.991592678000075],[-94.181646847999957,38.987450702000046],[-94.191887720999944,38.98330872300005],[-94.20212799799998,38.979166741000029],[-94.212367677999964,38.975024756000039],[-94.222606760999952,38.97088276900007],[-94.23284524799999,38.96674077800003],[-94.243083138999964,38.962598784000079],[-94.253320433999988,38.958456788000035],[-94.263557132999949,38.954314788000033],[-94.27379323599996,38.950172785000063],[-94.284028742999965,38.946030780000058],[-94.294263654999952,38.941888772000027],[-94.304497970999989,38.937746760000039],[-94.314731691999953,38.933604746000071],[-94.324964816999966,38.929462729000079],[-94.335197347999951,38.925320708000072],[-94.345429283999977,38.921178685000029],[-94.355660623999938,38.917036659000075],[-94.365891369999986,38.912894630000039],[-94.376121521999949,38.908752598000035],[-94.386351077999961,38.904610563000062],[-94.396580040999936,38.900468525000065],[-94.40680840899995,38.896326484000042],[-94.417036182999936,38.89218444100004],[-94.427263362999952,38.888042394000024],[-94.437489949999986,38.88390034400004],[-94.447715941999945,38.879758292000076],[-94.45794134099998,38.875616236000042],[-94.468166145999987,38.871474178000028],[-94.478390357999956,38.867332116000057],[-94.488613976999943,38.86319005200005],[-94.498837001999959,38.859047984000028],[-94.509059434999983,38.854905914000028],[-94.519281273999979,38.85076384100006],[-94.529502520999984,38.846621765000066],[-94.539723174999949,38.842479686000047],[-94.549943236999979,38.83833760300007],[-94.560162705999971,38.834195518000058],[-94.570381582999971,38.830053430000078],[-94.580599866999989,38.825911340000062],[-94.590817559999948,38.821769246000031],[-94.601034660999971,38.817627149000032],[-94.611251169999946,38.813485049000064],[-94.621467086999985,38.809342946000072],[-94.631682412999965,38.805200841000044],[-94.641897146999952,38.801058732000058],[-94.652111289999937,38.796916621000037],[-94.662324841999975,38.792774506000057],[-94.672537801999965,38.788632389000043],[-94.682750171999942,38.78449026800007],[-94.692961950999972,38.780348145000062],[-94.703173138999944,38.776206019000028],[-94.713383735999969,38.772063890000027],[-94.723593742999981,38.767921758000057],[-94.733803159999979,38.763779622000072],[-94.744011986999965,38.759637484000052],[-94.754220222999948,38.755495343000064],[-94.764427868999974,38.75135320000004],[-94.774634925999976,38.747211053000058],[-94.784841392999965,38.743068903000051],[-94.795047269999941,38.738926750000076],[-94.80525255799995,38.734784594000075],[-94.815457255999945,38.730642436000039],[-94.825661364999974,38.726500274000045],[-94.835864884999978,38.722358110000073],[-94.846067815999959,38.718215942000029],[-94.856270157999973,38.714073772000063],[-94.866471910999962,38.709931599000072],[-94.876673074999985,38.705789422000066],[-94.886873650999974,38.701647243000025],[-94.897073638999984,38.697505061000072],[-94.907273037999971,38.693362876000037],[-94.91747184999997,38.689220688000034],[-94.927670072999945,38.685078497000063],[-94.937867707999942,38.680936303000067],[-94.948064754999962,38.676794106000045],[-94.958261214999936,38.672651906000056],[-94.96845708699999,38.668509703000041],[-94.978652371999942,38.664367498000047],[-94.988847068999974,38.660225289000039],[-94.99904117899996,38.656083077000062],[-95.009234702999947,38.65194086300005],[-95.019427638999957,38.64779864500008],[-95.029619987999979,38.643656425000074],[-95.039811750999945,38.639514202000043],[-95.05000292699998,38.635371975000055],[-95.06019351599997,38.631229746000031],[-95.070383518999961,38.627087514000038],[-95.080572935999953,38.622945279000078],[-95.090761766999947,38.618803041000035],[-95.100950011999942,38.614660800000024],[-95.111137670999938,38.610518556000045],[-95.121324743999992,38.606376309000041],[-95.13151123099999,38.602234059000068],[-95.14169713299998,38.59809180600007],[-95.15188244999996,38.593949551000037],[-95.162067180999941,38.589807292000046],[-95.172251327999959,38.58566503000003],[-95.182434888999978,38.581522766000035],[-95.192617864999988,38.577380498000025],[-95.202800256999979,38.573238228000037],[-95.21298206299997,38.56909595500008],[-95.223163285999988,38.564953678000052],[-95.233343923999939,38.560811399000045],[-95.243523976999938,38.556669117000069],[-95.253703445999975,38.552526832000069],[-95.26388233199998,38.548384544000044],[-95.274060632999976,38.54424225300005],[-95.284238349999953,38.540099959000031],[-95.294415483999956,38.535957662000044],[-95.304592033999938,38.531815362000032],[-95.314768000999948,38.527673060000041],[-95.324943383999937,38.523530754000035],[-95.335118183999953,38.519388445000061],[-95.345292400999938,38.515246134000051],[-95.355466034999949,38.511103819000027],[-95.365639085999987,38.506961502000024],[-95.375811554999984,38.502819182000053],[-95.385983440999951,38.498676858000067],[-95.396154743999944,38.494534532000046],[-95.406325464999952,38.490392203000056],[-95.416495602999987,38.486249871000041],[-95.42666515999997,38.482107536000058],[-95.43683413399998,38.477965198000049],[-95.447002525999949,38.473822857000073],[-95.45717033699998,38.469680513000071],[-95.467337565999969,38.465538166000044],[-95.477504212999975,38.461395816000049],[-95.487670278999985,38.457253464000075],[-95.497835763999944,38.45311110800003],[-95.508000667999966,38.448968750000063],[-95.518164989999946,38.444826388000024],[-95.528328730999988,38.440684024000063],[-95.538491891999968,38.436541656000031],[-95.548654471999953,38.432399286000077],[-95.558816470999943,38.428256913000041],[-95.568977889999985,38.424114537000037],[-95.579138727999975,38.419972158000064],[-95.58929898599996,38.415829776000066],[-95.599458664999986,38.411687391000044],[-95.60961776299996,38.407545003000052],[-95.619776280999986,38.403402612000036],[-95.629934218999949,38.399260218000052],[-95.640091577999954,38.395117821000042],[-95.650248356999953,38.390975422000054],[-95.660404556999936,38.386833019000051],[-95.67056017699997,38.382690614000069],[-95.680715218999978,38.378548205000072],[-95.690869680999981,38.37440579400004],[-95.701023563999968,38.37026338000004],[-95.711176868999985,38.366120962000025],[-95.721329594999986,38.361978542000031],[-95.731481741999971,38.357836119000069],[-95.741633310999987,38.353693693000025],[-95.751784300999986,38.34955126400007],[-95.76193471299996,38.345408832000032],[-95.772084546999963,38.341266397000027],[-95.78223380299994,38.337123959000053],[-95.792382481999937,38.332981519000043],[-95.802530581999974,38.328839075000076],[-95.812678104999975,38.324696628000027],[-95.822825050999938,38.320554179000055],[-95.832971417999943,38.316411726000069],[-95.843117208999956,38.312269271000048],[-95.85326242299999,38.308126813000058],[-95.86340705899994,38.303984351000054],[-95.873551118999956,38.299841887000071],[-95.883694601999991,38.295699420000062],[-95.89383750799999,38.291556950000029],[-95.903979836999952,38.287414477000027],[-95.914121589999979,38.283272001000057],[-95.924262766999959,38.279129522000062],[-95.934403367999948,38.274987040000042],[-95.944543391999957,38.270844556000043],[-95.954682840999965,38.266702068000029],[-95.964821712999992,38.262559577000047],[-95.974960009999961,38.25841708400003],[-95.985097731999986,38.254274588000044],[-95.995234876999973,38.250132088000043],[-96.005371447999948,38.245989586000064],[-96.01550744299999,38.24184708100006],[-96.025642862999973,38.237704572000041],[-96.035777707999955,38.233562061000043],[-96.045911977999936,38.229419547000077],[-96.056045672999971,38.225277030000029],[-96.066178793999939,38.22113451000007],[-96.076311339999961,38.216991987000029],[-96.086443311999972,38.212849462000065],[-96.096574708999981,38.20870693300003],[-96.106705531999978,38.204564401000027],[-96.116835780999963,38.200421867000045],[-96.126965455999937,38.196279329000049],[-96.137094556999955,38.192136789000074],[-96.147223084999951,38.187994246000073],[-96.157351038999991,38.183851699000058],[-96.167478418999963,38.179709150000065],[-96.177605225999969,38.175566598000046],[-96.187731459999952,38.171424043000059],[-96.197857119999981,38.167281485000046],[-96.207982207999976,38.163138924000066],[-96.218106721999959,38.15899636000006],[-96.228230663999966,38.154853793000029],[-96.23835403399994,38.15071122300003],[-96.248476829999959,38.146568651000052],[-96.258599053999944,38.14242607500006],[-96.268720705999954,38.138283497000032],[-96.278841785999987,38.134140915000046],[-96.28896229299994,38.129998331000024],[-96.299082228999964,38.125855744000035],[-96.309201592999955,38.12171315300003],[-96.319320384999969,38.117570560000047],[-96.32943860499995,38.113427964000039],[-96.339556253999945,38.109285365000062],[-96.349673331999952,38.10514276300006],[-96.359789837999983,38.101000158000033],[-96.369905772999971,38.096857551000028],[-96.380021136999972,38.092714940000064],[-96.390135930999975,38.088572326000076],[-96.400250152999945,38.084429710000052],[-96.410363804999974,38.08028709000007],[-96.42047688599996,38.076144468000052],[-96.430589396999949,38.072001842000077],[-96.44070133699995,38.067859214000066],[-96.450812706999955,38.06371658300003],[-96.460923506999961,38.059573949000026],[-96.471033736999971,38.055431311000063],[-96.481143396999983,38.051288671000066],[-96.491252487999986,38.047146029000032],[-96.501361008999936,38.043003383000041],[-96.511468959999945,38.038860734000025],[-96.521576341999946,38.03471808200004],[-96.531683154999939,38.030575428000077],[-96.541789397999992,38.026432770000042],[-96.551895072999969,38.022290109000039],[-96.562000178999938,38.018147446000057],[-96.572104714999966,38.01400478000005],[-96.582208682999976,38.009862110000029],[-96.592312082999968,38.005719438000028],[-96.602414913999951,38.00157676300006],[-96.612517176999972,37.997434085000066],[-96.622618870999986,37.993291404000047],[-96.632719996999981,37.98914872000006],[-96.642820555999947,37.985006033000047],[-96.652920545999962,37.980863344000056],[-96.663019968999947,37.976720651000051],[-96.673118823999971,37.972577955000077],[-96.683217111999966,37.968435257000067],[-96.693314831999942,37.964292555000043],[-96.703411984999946,37.96014985100004],[-96.713508569999988,37.956007144000068],[-96.72360458899999,37.951864433000026],[-96.733700040999963,37.947721720000061],[-96.743794924999975,37.943579004000071],[-96.753889243999936,37.939436285000056],[-96.763982994999992,37.935293563000073],[-96.774076179999952,37.931150838000065],[-96.784168798999985,37.927008111000077],[-96.79426085099999,37.922865380000076],[-96.804352337999944,37.918722646000049],[-96.814443257999983,37.914579910000043],[-96.824533611999982,37.91043717000008],[-96.834623400999988,37.906294428000024],[-96.844712623999953,37.902151683000056],[-96.854801280999936,37.898008934000075],[-96.864889372999983,37.893866183000057],[-96.874976899999979,37.889723429000071],[-96.885063860999992,37.88558067200006],[-96.895150256999955,37.881437912000024],[-96.90523608899997,37.877295149000076],[-96.915321354999946,37.873152383000047],[-96.925406056999975,37.869009615000039],[-96.935490193999954,37.864866843000073],[-96.945573766999985,37.860724069000071],[-96.955656774999966,37.856581291000055],[-96.965739218999943,37.852438511000059],[-96.975821098999972,37.84829572700005],[-96.985902413999952,37.844152941000061],[-96.995983165999974,37.840010152000048],[-97.006063353999991,37.835867360000066],[-97.016142977999948,37.831724565000059],[-97.026222038999947,37.827581767000027],[-97.036300535999942,37.823438966000026],[-97.046378469999979,37.819296162000057],[-97.056455840999945,37.815153356000053],[-97.066532647999964,37.811010546000034],[-97.076608892999957,37.806867734000036],[-97.086684573999946,37.802724918000024],[-97.096759692999967,37.798582100000033],[-97.106834248999974,37.794439279000073],[-97.116908242999955,37.790296454000043],[-97.126981673999978,37.786153627000033],[-97.137054542999977,37.782010797000055],[-97.14712684999995,37.777867964000052],[-97.157198593999965,37.773725128000081],[-97.167269776999944,37.769582289000027],[-97.177340397999956,37.765439448000052],[-97.187410456999942,37.761296603000062],[-97.197479953999959,37.757153755000047],[-97.207548889999941,37.753010905000053],[-97.217617263999955,37.748868052000034],[-97.227685077999979,37.744725195000058],[-97.237752329999978,37.740582336000045],[-97.247819020999941,37.736439474000065],[-97.257885150999982,37.732296609000059],[-97.267950719999988,37.728153741000028],[-97.278015727999957,37.724010870000029],[-97.288080175999937,37.719867996000062],[-97.298144063999985,37.715725119000069],[-97.308207390999939,37.711582240000041],[-97.318270157999962,37.707439357000055],[-97.328332363999948,37.703296471000044],[-97.338394010999991,37.699153583000054],[-97.348455097999988,37.695010692000039],[-97.358515624999939,37.690867797000067],[-97.368575591999956,37.686724900000058],[-97.378634999999974,37.682582000000025]]},"properties":{"OID":61,"Product_Type_i":"Cooked","From_ID":"Retailer4","From_Node":"Chicago Metro Cold Warehouse","From_City_Area":"Hammond (Chicago Metro)","From_State":"IN","From_Latitude":41.637709000000001,"From_Longitude":-87.499498000000003,"Product_Type_j":" Cooked","To_ID":"Market6","To_Node":"Wichita Consumer Market","To_City_Area":"Wichita","To_State":"KS","To_Latitude":37.682581999999996,"To_Longitude":-97.378635000000003,"Quantity":1201.8161,"ORIG_FID":64,"Shape_Length":10.641622082178674}},{"type":"Feature","id":62,"geometry":{"type":"LineString","coordinates":[[-87.49949799999996,41.637709000000029],[-87.511319147999984,41.636188777000029],[-87.523140017999935,41.634668554000029],[-87.534960610999974,41.63314833000004],[-87.54678092499995,41.631628106000051],[-87.558600962999947,41.630107882000061],[-87.570420721999938,41.628587657000026],[-87.582240203999959,41.627067432000047],[-87.594059407999964,41.625547206000078],[-87.605878333999954,41.624026980000053],[-87.617696982999973,41.622506754000028],[-87.629515353999977,41.620986527000071],[-87.641333447999955,41.619466300000056],[-87.653151263999973,41.617946072000052],[-87.664968801999976,41.616425844000048],[-87.676786062999952,41.614905615000055],[-87.688603046999958,41.613385387000051],[-87.700419752999949,41.611865157000068],[-87.71223618199997,41.610344928000075],[-87.724052332999975,41.608824698000035],[-87.735868206999953,41.607304467000063],[-87.747683803999962,41.605784236000034],[-87.759499122999955,41.604264005000061],[-87.771314164999978,41.602743773000043],[-87.783128928999986,41.601223541000024],[-87.794943415999967,41.599703309000063],[-87.806757626999968,41.598183076000055],[-87.818571558999963,41.596662842000057],[-87.830385214999978,41.59514260900005],[-87.842198592999978,41.593622375000052],[-87.854011693999951,41.592102140000065],[-87.865824517999954,41.590581905000079],[-87.877637064999988,41.589061670000035],[-87.889449334999938,41.587541434000059],[-87.901261327999975,41.586021198000026],[-87.91307304299994,41.58450096200005],[-87.924884481999982,41.582980725000027],[-87.93669564299995,41.581460487000072],[-87.948506527999939,41.57994025000005],[-87.960317134999968,41.578420011000048],[-87.972127465999961,41.576899773000036],[-87.983937518999937,41.575379534000035],[-87.99574729599999,41.573859295000034],[-88.00755679599996,41.572339055000043],[-88.01936601899996,41.570818815000052],[-88.031174964999991,41.569298574000072],[-88.042983633999938,41.567778333000035],[-88.054792025999973,41.566258092000055],[-88.06660014199997,41.564737850000029],[-88.078407980999941,41.563217608000059],[-88.090215542999942,41.561697365000043],[-88.102022827999974,41.560177122000027],[-88.113829835999979,41.558656879000068],[-88.125636567999948,41.557136635000063],[-88.137443023999936,41.555616391000058],[-88.149249201999964,41.554096146000063],[-88.161055103999956,41.552575901000068],[-88.172860728999979,41.551055656000074],[-88.184666077999964,41.549535410000033],[-88.196471149999979,41.548015164000049],[-88.208275945999958,41.546494917000075],[-88.220080464999967,41.544974670000045],[-88.231884707999939,41.543454423000071],[-88.243688673999941,41.541934175000051],[-88.255492363999963,41.540413927000031],[-88.267295776999958,41.538893678000079],[-88.279098913999974,41.53737342900007],[-88.290901773999963,41.535853180000061],[-88.302704358999961,41.534332930000062],[-88.314506665999943,41.532812680000063],[-88.326308697999991,41.531292429000075],[-88.338110452999956,41.52977217800003],[-88.349911931999941,41.528251926000053],[-88.361713133999956,41.526731675000065],[-88.373514059999991,41.525211422000041],[-88.385314710999978,41.523691170000063],[-88.39711508399995,41.522170917000039],[-88.408915181999987,41.520650663000026],[-88.420715003999987,41.51913040900007],[-88.432514548999961,41.517610155000057],[-88.444313817999955,41.516089900000054],[-88.456112811999958,41.514569645000051],[-88.467911528999934,41.513049390000049],[-88.479709969999988,41.511529134000057],[-88.491508134999947,41.510008878000065],[-88.503306023999983,41.508488621000026],[-88.515103636999982,41.506968364000045],[-88.526900973999943,41.505448106000074],[-88.538698034999982,41.503927848000046],[-88.550494819999983,41.502407590000075],[-88.562291329999937,41.500887331000058],[-88.574087562999978,41.499367072000041],[-88.585883520999971,41.497846813000081],[-88.597679201999938,41.496326553000074],[-88.609474607999971,41.494806292000078],[-88.621269737999967,41.493286032000071],[-88.633064591999982,41.491765771000075],[-88.64485917099995,41.490245509000033],[-88.656653473999938,41.488725247000048],[-88.668447500999946,41.487204985000062],[-88.680241251999973,41.48568472200003],[-88.692034727999953,41.484164459000056],[-88.703827927999953,41.482644195000034],[-88.715620852999962,41.48112393100007],[-88.727413500999944,41.479603667000049],[-88.739205874999982,41.478083402000038],[-88.750997971999936,41.476563137000028],[-88.762789793999957,41.475042872000074],[-88.774581340999987,41.473522606000074],[-88.78637261199998,41.472002339000028],[-88.798163607999982,41.470482072000038],[-88.809954327999947,41.468961805000049],[-88.821744772999978,41.46744153800006],[-88.833534941999972,41.465921270000081],[-88.845324835999975,41.464401001000056],[-88.857114453999941,41.462880733000077],[-88.868903797999963,41.461360463000062],[-88.880692864999958,41.459840194000037],[-88.892481657999951,41.458319924000079],[-88.904270174999965,41.456799653000076],[-88.916058416999988,41.455279383000061],[-88.927846383999963,41.453759111000068],[-88.939634074999958,41.452238840000064],[-88.951421491999952,41.45071856800007],[-88.963208632999965,41.449198295000031],[-88.974995498999988,41.447678022000048],[-88.986782089999963,41.446157749000065],[-88.998568404999958,41.444637476000025],[-89.010354445999951,41.443117202000053],[-89.022140210999964,41.441596927000035],[-89.033925701999976,41.440076652000073],[-89.045710916999951,41.438556377000054],[-89.057495856999935,41.437036101000047],[-89.069280522999975,41.435515825000039],[-89.081064912999977,41.433995549000031],[-89.092849028999979,41.432475272000033],[-89.104632868999943,41.430954995000036],[-89.116416434999962,41.429434717000049],[-89.128199724999945,41.427914439000062],[-89.139982740999983,41.426394161000076],[-89.151765481999973,41.424873882000043],[-89.163547947999973,41.423353603000066],[-89.175330139999971,41.421833323000044],[-89.187112055999989,41.420313043000078],[-89.198893697999949,41.418792762000066],[-89.210675064999975,41.417272481000055],[-89.222456157999943,41.415752200000043],[-89.234236974999988,41.414231918000041],[-89.246017517999974,41.41271163600004],[-89.257797785999969,41.411191354000039],[-89.269577779999963,41.409671071000048],[-89.281357498999967,41.408150788000057],[-89.293136943999968,41.406630504000077],[-89.30491611299999,41.40511022000004],[-89.316695008999943,41.40358993500007],[-89.328473629999962,41.402069650000044],[-89.34025197599999,41.400549365000074],[-89.352030047999961,41.399029079000059],[-89.36380784499994,41.397508793000043],[-89.375585367999975,41.395988507000027],[-89.387362615999962,41.394468220000078],[-89.399139589999947,41.392947932000027],[-89.410916289999989,41.391427645000078],[-89.422692714999982,41.389907357000027],[-89.434468865999975,41.388387068000043],[-89.446244742999966,41.386866779000059],[-89.458020344999966,41.385346490000074],[-89.469795672999965,41.383826200000044],[-89.481570726999962,41.382305910000071],[-89.493345505999969,41.380785619000051],[-89.505120011999963,41.379265328000031],[-89.516894242999967,41.377745037000068],[-89.52866819999997,41.376224745000059],[-89.540441882999971,41.374704453000049],[-89.552215290999982,41.373184160000051],[-89.56398842599998,41.371663867000052],[-89.575761285999988,41.370143574000053],[-89.587533872999984,41.368623280000065],[-89.599306184999989,41.367102986000077],[-89.611078222999936,41.365582692000032],[-89.622849987999984,41.364062397000055],[-89.634621477999985,41.362542101000031],[-89.646392693999985,41.361021805000064],[-89.658163636999973,41.35950150900004],[-89.66993430499997,41.357981213000073],[-89.681704699999955,41.35646091600006],[-89.693474820999938,41.354940618000057],[-89.705244667999978,41.353420320000055],[-89.717014240999958,41.351900022000052],[-89.728783539999938,41.350379724000049],[-89.740552564999973,41.348859424000068],[-89.752321316999939,41.347339125000076],[-89.764089794999961,41.345818825000038],[-89.775857998999982,41.344298525000056],[-89.787625928999944,41.342778224000028],[-89.799393585999951,41.341257923000057],[-89.811160968999957,41.33973762200003],[-89.822928077999961,41.338217320000069],[-89.834694913999954,41.336697018000052],[-89.846461475999945,41.335176715000046],[-89.858227764999981,41.333656412000039],[-89.869993779999959,41.332136109000032],[-89.881759520999935,41.330615805000036],[-89.893524988999957,41.32909550100004],[-89.905290183999966,41.327575196000055],[-89.917055104999974,41.326054891000069],[-89.928819751999981,41.324534585000038],[-89.940584125999976,41.323014280000052],[-89.952348226999959,41.321493973000031],[-89.964112053999941,41.319973667000056],[-89.975875607999967,41.318453359000046],[-89.987638888999982,41.316933052000024],[-89.999401895999938,41.315412744000071],[-90.011164629999939,41.31389243600006],[-90.022927089999939,41.31237212700006],[-90.034689277999973,41.31085181800006],[-90.04645119199995,41.30933150900006],[-90.05821283299997,41.307811199000071],[-90.06997419999999,41.306290888000035],[-90.081735294999987,41.304770578000046],[-90.093496115999983,41.303250267000067],[-90.105256663999967,41.301729955000042],[-90.117016938999939,41.300209643000073],[-90.128776940999956,41.298689331000048],[-90.14053666999996,41.297169018000034],[-90.152296124999964,41.295648705000076],[-90.164055307999945,41.294128391000072],[-90.175814217999971,41.292608078000058],[-90.187572853999939,41.291087763000064],[-90.199331217999941,41.289567448000071],[-90.211089308999988,41.288047133000077],[-90.222847126999966,41.286526818000027],[-90.234604670999943,41.285006502000044],[-90.246361942999954,41.283486185000072],[-90.258118942999943,41.281965869000032],[-90.269875668999987,41.28044555200006],[-90.281632121999962,41.278925234000042],[-90.293388302999972,41.27740491600008],[-90.30514421099997,41.275884598000061],[-90.316899845999956,41.274364279000054],[-90.328655207999986,41.272843960000046],[-90.340410297999938,41.271323640000048],[-90.352165113999945,41.269803320000051],[-90.363919658999976,41.268283000000054],[-90.375673929999948,41.266762679000067],[-90.387427928999955,41.26524235800008],[-90.39918165499995,41.263722036000047],[-90.410935108999979,41.262201714000071],[-90.42268828999994,41.260681392000038],[-90.434441197999945,41.259161069000072],[-90.446193833999985,41.25764074600005],[-90.457946197999945,41.256120422000038],[-90.46969828899995,41.254600098000026],[-90.481450106999944,41.253079774000071],[-90.493201652999971,41.251559449000069],[-90.504952926999977,41.250039124000068],[-90.51670392799997,41.248518798000077],[-90.528454656999941,41.24699847200003],[-90.540205112999956,41.245478146000039],[-90.551955296999949,41.243957819000059],[-90.563705208999977,41.242437492000079],[-90.575454847999936,41.240917164000052],[-90.587204214999986,41.239396836000026],[-90.598953309999956,41.237876508000056],[-90.610702132999961,41.23635617900004],[-90.622450682999954,41.234835850000024],[-90.634198960999981,41.233315520000076],[-90.645946966999986,41.231795190000071],[-90.657694700999969,41.230274860000065],[-90.669442162999985,41.228754529000071],[-90.68118935199999,41.227234198000076],[-90.692936269999961,41.225713866000035],[-90.704682914999978,41.224193534000051],[-90.716429287999972,41.222673201000077],[-90.72817538999999,41.221152869000036],[-90.739921218999939,41.219632535000073],[-90.751666775999979,41.218112202000043],[-90.76341206099994,41.21659186800008],[-90.775157074999981,41.215071533000071],[-90.786901815999954,41.213551198000062],[-90.798646284999961,41.212030863000052],[-90.810390482999935,41.210510527000054],[-90.822134408999943,41.208990191000055],[-90.83387806199994,41.207469855000056],[-90.84562144399996,41.205949518000068],[-90.857364554999947,41.204429180000034],[-90.869107392999979,41.202908843000046],[-90.880849959999978,41.201388505000068],[-90.892592254999954,41.199868166000044],[-90.904334277999965,41.198347827000077],[-90.916076028999953,41.196827488000054],[-90.927817508999965,41.19530714800004],[-90.939558716999954,41.193786808000027],[-90.951299653999968,41.192266468000071],[-90.963040317999969,41.190746127000068],[-90.974780711999983,41.189225785000076],[-90.986520832999986,41.187705444000073],[-90.998260682999955,41.186185102000024],[-91.010000261999949,41.184664759000043],[-91.021739568999976,41.183144416000061],[-91.033478603999981,41.18162407300008],[-91.045217367999953,41.180103729000052],[-91.056955860999949,41.178583385000024],[-91.068694081999979,41.177063040000064],[-91.080432031999976,41.175542695000047],[-91.092169709999951,41.17402235000003],[-91.103907116999949,41.17250200400008],[-91.115644252999971,41.170981658000073],[-91.12738111699997,41.169461312000067],[-91.139117709999937,41.167940965000071],[-91.150854031999984,41.166420617000028],[-91.162590081999952,41.164900270000032],[-91.174325861999989,41.163379921000057],[-91.186061368999958,41.161859573000072],[-91.19779660599994,41.16033922400004],[-91.209531571999946,41.158818875000065],[-91.221266265999986,41.157298525000044],[-91.233000688999937,41.15577817500008],[-91.244734840999968,41.154257824000069],[-91.256468721999966,41.152737473000059],[-91.268202331999987,41.151217122000048],[-91.279935670999976,41.149696770000048],[-91.291668738999988,41.148176418000048],[-91.303401535999967,41.146656065000059],[-91.31513406199997,41.145135712000069],[-91.32686631699994,41.14361535900008],[-91.338598299999944,41.142095005000044],[-91.350330012999962,41.140574651000065],[-91.362061454999946,41.13905429600004],[-91.373792625999954,41.137533941000072],[-91.385523526999975,41.136013586000047],[-91.397254155999974,41.134493230000032],[-91.408984514999986,41.132972874000075],[-91.420714601999975,41.131452517000071],[-91.432444418999978,41.129932160000067],[-91.444173964999948,41.128411803000063],[-91.455903240999987,41.126891445000069],[-91.467632245999937,41.125371087000076],[-91.479360979999967,41.123850728000036],[-91.491089442999964,41.122330369000053],[-91.502817635999975,41.120810009000024],[-91.514545556999963,41.119289650000042],[-91.526273208999953,41.11776928900008],[-91.538000589999967,41.116248929000051],[-91.549727699999949,41.114728568000032],[-91.561454538999953,41.113208206000024],[-91.573181107999972,41.111687844000073],[-91.584907406999946,41.110167482000065],[-91.596633434999944,41.108647119000068],[-91.608359191999966,41.107126756000071],[-91.620084679999991,41.105606393000073],[-91.631809895999936,41.10408602900003],[-91.643534841999951,41.102565665000043],[-91.65525951799998,41.101045300000067],[-91.666983923999965,41.099524935000034],[-91.678708058999973,41.098004570000057],[-91.690431923999938,41.096484204000035],[-91.702155517999984,41.09496383700008],[-91.713878841999986,41.093443471000057],[-91.725601895999944,41.091923104000045],[-91.737324679999972,41.090402736000044],[-91.749047192999967,41.088882368000043],[-91.760769435999975,41.087362000000041],[-91.77249140899994,41.085841631000051],[-91.784213111999975,41.08432126200006],[-91.795934544999966,41.082800893000069],[-91.807655706999981,41.081280523000032],[-91.819376599999941,41.079760153000052],[-91.831097221999983,41.078239782000026],[-91.84281757399998,41.076719411000056],[-91.854537655999991,41.07519903900004],[-91.866257467999958,41.073678667000024],[-91.877977010999984,41.072158295000065],[-91.889696282999978,41.07063792200006],[-91.901415284999985,41.069117549000055],[-91.913134016999948,41.067597176000049],[-91.92485247999997,41.066076802000055],[-91.936570671999959,41.06455642700007],[-91.948288594999951,41.063036053000076],[-91.960006246999967,41.061515677000045],[-91.971723629999985,41.059995302000061],[-91.98344074299996,41.058474926000031],[-91.995157586999937,41.056954550000057],[-92.006874159999938,41.055434173000037],[-92.018590463999942,41.053913796000074],[-92.030306497999959,41.052393418000065],[-92.042022261999989,41.050873040000056],[-92.053737756999965,41.049352662000047],[-92.065452981999954,41.047832283000048],[-92.077167936999956,41.046311904000049],[-92.088882621999971,41.044791524000061],[-92.100597037999989,41.043271144000073],[-92.112311184999953,41.041750764000028],[-92.124025061999987,41.040230383000051],[-92.135738668999977,41.038710002000073],[-92.14745200699997,41.037189621000039],[-92.159165074999976,41.035669239000072],[-92.170877872999938,41.034148856000058],[-92.182590402999949,41.032628473000045],[-92.194302662999974,41.031108090000032],[-92.206014652999954,41.029587707000076],[-92.217726373999938,41.028067323000073],[-92.22943782599998,41.026546938000081],[-92.241149007999979,41.025026554000078],[-92.252859920999981,41.02350616800004],[-92.264570563999939,41.021985783000048],[-92.276280937999957,41.020465397000066],[-92.287991042999977,41.018945010000039],[-92.299700878999943,41.017424624000057],[-92.311410445999968,41.01590423600004],[-92.32311974299995,41.014383849000069],[-92.334828770999991,41.012863461000052],[-92.346537529999978,41.011343072000045],[-92.358246018999978,41.009822684000028],[-92.36995423999997,41.008302294000032],[-92.381662190999975,41.006781905000025],[-92.393369873999973,41.005261515000029],[-92.405077286999983,41.003741124000044],[-92.41678443099994,41.002220733000058],[-92.428491305999955,41.000700342000073],[-92.440197912999963,40.999179951000031],[-92.451904249999984,40.997659559000056],[-92.463610317999951,40.996139166000034],[-92.475316116999977,40.99461877300007],[-92.487021646999949,40.993098380000049],[-92.49872690899997,40.991577986000038],[-92.510431900999947,40.990057592000028],[-92.522136624999973,40.988537198000074],[-92.533841079999945,40.987016803000074],[-92.545545265999976,40.985496408000074],[-92.557249182999954,40.983976012000028],[-92.56895283099999,40.982455616000038],[-92.580656210999962,40.980935220000049],[-92.592359320999947,40.97941482300007],[-92.604062162999981,40.977894425000045],[-92.615764736999949,40.976374028000066],[-92.627467040999989,40.974853630000041],[-92.639169077999952,40.973333231000026],[-92.650870844999986,40.971812832000069],[-92.662572343999955,40.970292433000054],[-92.674273573999983,40.96877203300005],[-92.685974534999957,40.967251633000046],[-92.69767522799998,40.965731233000042],[-92.709375652999938,40.964210832000049],[-92.721075808999956,40.962690431000055],[-92.732775695999976,40.961170029000073],[-92.744475314999988,40.959649627000033],[-92.756174665999936,40.958129224000061],[-92.767873747999943,40.956608822000078],[-92.779572560999952,40.955088418000059],[-92.791271105999954,40.95356801500003],[-92.802969382999947,40.952047610000079],[-92.81466739199999,40.950527206000061],[-92.826365131999978,40.949006801000053],[-92.838062603999958,40.947486396000045],[-92.849759806999941,40.945965990000047],[-92.861456742999962,40.94444558400005],[-92.87315340899994,40.942925177000063],[-92.884849807999956,40.941404770000076],[-92.896545938999964,40.939884363000033],[-92.908241800999974,40.938363955000057],[-92.919937394999977,40.93684354700008],[-92.931632720999971,40.935323139000047],[-92.943327778999958,40.933802730000025],[-92.955022568999937,40.93228232000007],[-92.966717090999964,40.930761911000047],[-92.978411343999937,40.929241501000035],[-92.990105329999949,40.927721090000034],[-93.001799046999963,40.926200679000033],[-93.013492496999959,40.924680268000031],[-93.025185677999957,40.923159856000041],[-93.036878591999937,40.92163944400005],[-93.048571237999965,40.92011903100007],[-93.06026361499994,40.918598618000033],[-93.071955724999953,40.917078205000053],[-93.083647566999957,40.915557791000026],[-93.095339140999954,40.914037377000056],[-93.107030446999943,40.91251696300003],[-93.11872148499998,40.910996548000071],[-93.130412255999943,40.909476132000066],[-93.142102758999954,40.90795571600006],[-93.153792993999957,40.906435300000055],[-93.165482960999952,40.90491488400005],[-93.177172660999986,40.903394467000055],[-93.188862091999965,40.901874049000071],[-93.200551256999972,40.900353632000076],[-93.212240152999982,40.898833213000046],[-93.223928781999973,40.897312795000062],[-93.235617142999956,40.895792376000031],[-93.247305236999978,40.894271956000068],[-93.258993062999991,40.892751537000038],[-93.27068062099994,40.891231116000029],[-93.282367911999984,40.889710696000066],[-93.294054935999952,40.888190275000056],[-93.30574169099998,40.886669854000047],[-93.317428179999979,40.885149432000048],[-93.32911440099997,40.88362901000005],[-93.340800353999953,40.882108587000062],[-93.352486040999963,40.880588164000073],[-93.364171458999976,40.879067740000039],[-93.375856610999961,40.877547317000051],[-93.387541494999937,40.876026892000027],[-93.399226110999962,40.87450646800005],[-93.410910460999958,40.872986043000026],[-93.422594542999946,40.871465617000069],[-93.434278356999982,40.869945192000046],[-93.44596190499999,40.868424765000043],[-93.45764518499999,40.86690433900003],[-93.469328197999971,40.865383912000027],[-93.481010943999991,40.863863484000035],[-93.492693422999992,40.862343056000043],[-93.504375634999974,40.860822628000051],[-93.516057578999948,40.859302200000059],[-93.527739255999961,40.857781771000077],[-93.539420666999945,40.856261341000049],[-93.551101809999977,40.854740911000079],[-93.562782685999991,40.853220481000051],[-93.574463294999987,40.851700050000034],[-93.586143636999964,40.850179619000073],[-93.597823711999979,40.848659188000056],[-93.609503519999976,40.847138756000049],[-93.621183060999954,40.845618324000043],[-93.63286233599996,40.844097891000047],[-93.644541342999958,40.842577458000051],[-93.656220082999937,40.841057025000055],[-93.667898556999944,40.839536591000069],[-93.679576763999989,40.838016156000037],[-93.691254703999959,40.836495722000052],[-93.702932376999968,40.834975287000077],[-93.714609782999958,40.833454851000056],[-93.726286922999975,40.831934415000035],[-93.737963794999985,40.83041397900007],[-93.749640401999955,40.82889354200006],[-93.761316740999973,40.827373105000049],[-93.772992813999963,40.825852668000039],[-93.784668619999991,40.824332230000039],[-93.796344158999943,40.822811792000039],[-93.80801943199998,40.821291353000049],[-93.819694437999942,40.81977091400006],[-93.831369177999989,40.818250474000081],[-93.843043650999959,40.816730035000035],[-93.854717856999969,40.815209594000066],[-93.866391796999949,40.813689154000031],[-93.878065470999957,40.812168713000062],[-93.889738877999946,40.810648271000048],[-93.901412017999974,40.809127829000033],[-93.913084891999972,40.807607387000076],[-93.924757499999942,40.806086944000072],[-93.936429840999949,40.804566501000068],[-93.948101915999985,40.803046057000074],[-93.959773724999991,40.80152561400007],[-93.971445266999979,40.80000516900003],[-93.983116542999937,40.798484725000037],[-93.994787552999981,40.796964279000065],[-94.006458295999948,40.795443834000025],[-94.018128772999944,40.793923388000053],[-94.029798983999967,40.792402942000081],[-94.041468928999961,40.790882495000062],[-94.053138606999937,40.789362048000044],[-94.06480801899994,40.787841600000036],[-94.076477164999972,40.786321152000028],[-94.088146044999974,40.784800704000077],[-94.099814658999946,40.783280255000079],[-94.111483006999947,40.781759806000025],[-94.123151088999975,40.780239357000028],[-94.134818903999985,40.778718907000041],[-94.146486453999955,40.777198456000065],[-94.158153737999953,40.775678006000078],[-94.169820754999989,40.774157554000055],[-94.181487506999986,40.772637103000079],[-94.193153992999953,40.771116651000057],[-94.204820211999959,40.769596199000034],[-94.216486165999981,40.768075746000079],[-94.228151853999975,40.766555293000067],[-94.23981727599994,40.765034839000066],[-94.251482432999978,40.763514385000065],[-94.263147322999941,40.761993931000063],[-94.274811947999979,40.760473476000072],[-94.286476306999987,40.758953021000025],[-94.298140399999966,40.757432565000045],[-94.309804226999972,40.755912109000064],[-94.321467788999939,40.754391653000027],[-94.333131083999945,40.752871196000058],[-94.344794114999956,40.751350739000031],[-94.35645687899995,40.749830281000072],[-94.36811937799996,40.748309823000056],[-94.379781610999942,40.746789365000041],[-94.39144357899994,40.745268906000035],[-94.403105280999966,40.74374844700003],[-94.414766717999953,40.742227988000025],[-94.426427888999967,40.74070752800003],[-94.438088793999952,40.739187067000046],[-94.449749433999955,40.737666606000062],[-94.461409807999985,40.736146145000077],[-94.473069916999975,40.734625684000036],[-94.484729760999983,40.733105222000063],[-94.496389338999961,40.731584759000043],[-94.508048651999957,40.73006429600008],[-94.51970769899998,40.72854383300006],[-94.531366480999964,40.72702337000004],[-94.543024997999964,40.725502906000031],[-94.554683248999936,40.723982441000032],[-94.566341234999982,40.722461976000034],[-94.577998955999988,40.720941511000035],[-94.589656410999964,40.719421046000036],[-94.601313601999948,40.717900579000059],[-94.612970526999959,40.716380113000071],[-94.624627185999941,40.714859646000036],[-94.636283580999986,40.713339179000059],[-94.647939709999946,40.711818711000035],[-94.659595574999969,40.710298243000068],[-94.671251173999963,40.708777775000044],[-94.682906507999974,40.707257306000031],[-94.694561576999945,40.705736837000075],[-94.70621638099999,40.704216367000072],[-94.717870919999939,40.702695897000069],[-94.729525193999962,40.701175427000067],[-94.741179202999945,40.699654956000074],[-94.752832946999945,40.698134485000026],[-94.764486425999962,40.696614013000044],[-94.77613963999994,40.695093541000062],[-94.787792588999991,40.693573069000024],[-94.799445272999947,40.692052596000053],[-94.811097692999965,40.690532123000025],[-94.822749846999955,40.689011649000065],[-94.834401736999951,40.687491175000048],[-94.846053361999964,40.685970700000041],[-94.857704721999937,40.684450226000081],[-94.869355816999985,40.682929750000028],[-94.881006647999982,40.681409275000078],[-94.892657213999939,40.679888799000025],[-94.904307514999971,40.67836832200004],[-94.915957550999963,40.676847845000054],[-94.927607322999961,40.675327368000069],[-94.939256829999977,40.673806890000037],[-94.950906071999952,40.672286412000062],[-94.962555049999992,40.67076593400003],[-94.974203762999991,40.669245455000066],[-94.985852211999941,40.667724976000045],[-94.997500395999964,40.666204496000034],[-95.009148315999937,40.664684016000081],[-95.020795970999984,40.663163535000081],[-95.032443360999991,40.66164305500007],[-95.044090486999949,40.660122573000081],[-95.055737348999969,40.658602092000081],[-95.06738394599995,40.657081609000045],[-95.079030278999937,40.655561127000055],[-95.090676346999942,40.654040644000077],[-95.102322150999953,40.652520161000041],[-95.113967690999971,40.650999677000073],[-95.125612965999949,40.649479193000047],[-95.13725797699999,40.647958709000079],[-95.148902723999981,40.646438224000065],[-95.160547206999979,40.644917738000061],[-95.172191424999937,40.643397253000046],[-95.183835378999959,40.641876767000042],[-95.195479068999987,40.640356280000049],[-95.207122493999975,40.638835793000055],[-95.21876565599996,40.637315306000062],[-95.230408552999961,40.635794818000079],[-95.242051185999969,40.634274330000039],[-95.253693554999984,40.632753841000067],[-95.265335659999948,40.631233353000027],[-95.276977500999976,40.629712863000066],[-95.288619077999954,40.628192374000037],[-95.300260390999938,40.626671883000029],[-95.311901439999986,40.625151393000067],[-95.323542223999937,40.623630902000059],[-95.33518274499994,40.622110411000051],[-95.346823001999951,40.620589919000054],[-95.358462994999968,40.619069427000056],[-95.370102723999992,40.617548934000069],[-95.381742188999965,40.616028441000026],[-95.393381390999991,40.614507948000039],[-95.405020327999978,40.612987454000063],[-95.41665900199996,40.61146696000003],[-95.42829741099996,40.609946466000054],[-95.439935557999945,40.608425971000031],[-95.451573439999947,40.606905475000076],[-95.463211057999956,40.605384980000053],[-95.474848412999961,40.603864483000052],[-95.486485503999972,40.60234398700004],[-95.49812233199998,40.600823490000039],[-95.509758894999948,40.599302993000038],[-95.521395194999968,40.597782495000047],[-95.533031231999985,40.596261997000056],[-95.544667004999951,40.594741498000076],[-95.556302513999981,40.593220999000039],[-95.56793775999995,40.591700500000059],[-95.579572741999982,40.590180000000032],[-95.591207459999964,40.588659500000063],[-95.602841915999988,40.587138999000047],[-95.614476106999973,40.585618498000031],[-95.626110034999954,40.584097997000072],[-95.637743699999987,40.582577495000066],[-95.64937710099997,40.581056993000061],[-95.66101023899995,40.579536491000056],[-95.672643113999982,40.578015988000061],[-95.684275724999964,40.576495484000077],[-95.695908072999941,40.574974981000025],[-95.707540156999983,40.573454476000052],[-95.719171978999952,40.571933972000068],[-95.730803535999939,40.570413467000037],[-95.742434830999969,40.568892961000074],[-95.754065861999948,40.567372456000044],[-95.765696630999969,40.565851949000034],[-95.77732713599994,40.564331443000071],[-95.788957376999974,40.562810936000062],[-95.800587355999937,40.561290429000053],[-95.812217070999964,40.559769921000054],[-95.823846523999975,40.558249413000055],[-95.835475712999937,40.556728904000067],[-95.847104638999951,40.555208395000079],[-95.858733301999962,40.553687886000034],[-95.870361701999968,40.552167376000057],[-95.881989838999971,40.550646866000079],[-95.893617712999969,40.549126355000055],[-95.905245323999964,40.547605844000032],[-95.916872671999954,40.546085333000065],[-95.928499757999987,40.544564821000051],[-95.940126579999969,40.543044309000038],[-95.951753138999948,40.541523796000035],[-95.963379434999979,40.540003283000033],[-95.975005468999939,40.53848277000003],[-95.986631239999952,40.536962256000038],[-95.99825674799996,40.535441742000046],[-96.009881992999965,40.533921227000064],[-96.021506974999966,40.532400712000026],[-96.033131694999952,40.530880197000045],[-96.044756150999945,40.529359681000074],[-96.05638034499998,40.527839165000046],[-96.068004276999943,40.526318648000029],[-96.07962794599996,40.524798131000068],[-96.091251351999972,40.523277613000062],[-96.10287449499998,40.521757096000044],[-96.114497375999974,40.520236577000048],[-96.126119993999964,40.518716059000042],[-96.13774234899995,40.517195540000046],[-96.149364441999978,40.51567502000006],[-96.160986272999992,40.514154501000064],[-96.172607840999945,40.512633980000032],[-96.18422914599995,40.511113460000047],[-96.195850188999941,40.509592939000072],[-96.207470969999974,40.508072417000051],[-96.219091487999947,40.50655189500003],[-96.230711742999972,40.505031373000065],[-96.242331736999972,40.503510851000044],[-96.253951467999968,40.501990327000044],[-96.265570935999961,40.500469804000033],[-96.277190141999938,40.498949280000033],[-96.288809085999958,40.497428756000033],[-96.300427767999963,40.495908231000044],[-96.312046186999964,40.494387706000055],[-96.323664343999951,40.492867181000065],[-96.335282237999991,40.491346655000029],[-96.346899870999948,40.489826129000051],[-96.358517240999959,40.488305602000025],[-96.370134348999954,40.486785075000057],[-96.381751194999936,40.485264548000032],[-96.393367778999959,40.483744020000074],[-96.404984100999968,40.48222349100007],[-96.416600159999973,40.480702963000056],[-96.428215957999953,40.479182434000052],[-96.439831492999986,40.477661904000058],[-96.451446766999936,40.476141374000065],[-96.46306177799994,40.474620844000071],[-96.474676527999975,40.473100314000078],[-96.486291014999949,40.471579782000049],[-96.497905239999966,40.470059251000066],[-96.509519203999957,40.468538719000037],[-96.521132904999945,40.467018187000065],[-96.532746344999964,40.465497654000046],[-96.544359522999969,40.463977121000028],[-96.555972438999959,40.462456588000066],[-96.567585092999991,40.460936054000058],[-96.579197484999952,40.459415519000061],[-96.590809615999945,40.457894985000053],[-96.60242148399999,40.456374450000055],[-96.614033090999953,40.454853914000068],[-96.625644435999959,40.453333378000025],[-96.63725551999994,40.451812842000038],[-96.648866340999973,40.450292305000062],[-96.660476900999981,40.448771768000029],[-96.672087199999964,40.447251231000052],[-96.68369723699999,40.44573069300003],[-96.695307011999944,40.444210155000064],[-96.70691652499994,40.442689616000052],[-96.718525776999968,40.44116907700004],[-96.730134766999981,40.439648537000039],[-96.74174349599997,40.438127998000027],[-96.753351963999989,40.436607457000036],[-96.764960168999949,40.435086917000035],[-96.776568113999986,40.433566375000055],[-96.788175796999951,40.432045834000064],[-96.799783217999959,40.430525292000027],[-96.811390377999942,40.429004750000047],[-96.822997275999967,40.427484207000077],[-96.834603913999956,40.425963664000051],[-96.846210288999941,40.424443120000035],[-96.857816403999948,40.422922577000065],[-96.86942225699994,40.42140203200006],[-96.881027848999963,40.419881488000044],[-96.892633178999972,40.418360942000049],[-96.904238248999945,40.416840397000044],[-96.915843056999961,40.415319851000049],[-96.927447603999951,40.413799305000055],[-96.939051888999984,40.41227875800007],[-96.950655913999981,40.410758211000029],[-96.962259676999963,40.409237663000056],[-96.973863178999977,40.407717115000025],[-96.985466419999966,40.406196567000052],[-96.997069399999987,40.404676018000032],[-97.008672118999982,40.403155469000069],[-97.020274575999963,40.401634920000049],[-97.031876772999965,40.40011437000004],[-97.043478708999942,40.398593820000031],[-97.055080382999961,40.397073269000032],[-97.066681796999944,40.395552718000033],[-97.078282949999959,40.394032166000045],[-97.089883841999949,40.392511614000057],[-97.101484471999981,40.390991062000069],[-97.113084841999978,40.389470509000034],[-97.124684950999949,40.387949956000057],[-97.136284798999952,40.386429402000033],[-97.147884386999976,40.384908849000055],[-97.159483712999986,40.383388294000042],[-97.17108277899996,40.381867739000029],[-97.182681583999965,40.380347184000073],[-97.194280127999946,40.378826629000059],[-97.205878410999958,40.377306073000057],[-97.217476433999991,40.375785517000054],[-97.229074195999942,40.374264960000062],[-97.240671696999982,40.37274440300007],[-97.252268937999986,40.371223845000031],[-97.263865917999965,40.36970328700005],[-97.275462636999976,40.368182729000068],[-97.28705909599995,40.366662170000041],[-97.298655293999957,40.36514161100007],[-97.310251230999938,40.363621051000052],[-97.321846907999941,40.362100491000035],[-97.333442324999965,40.360579931000075],[-97.345037480999963,40.359059370000068],[-97.356632375999936,40.357538809000062],[-97.368227010999988,40.356018248000055],[-97.379821385999946,40.354497686000059],[-97.391415499999937,40.352977123000073],[-97.403009352999959,40.351456561000077],[-97.414602946999992,40.349935997000046],[-97.426196279999942,40.34841543400006],[-97.437789351999982,40.346894870000028],[-97.449382163999985,40.345374306000053],[-97.460974715999953,40.343853741000032],[-97.472567007999942,40.342333176000068],[-97.484159038999962,40.340812610000057],[-97.495750810999937,40.339292044000047],[-97.507342320999953,40.337771478000036],[-97.51893357199998,40.336250911000036],[-97.530524562999972,40.334730344000036],[-97.542115292999938,40.333209776000047],[-97.553705762999982,40.331689208000057],[-97.565295972999991,40.330168640000068],[-97.576885922999963,40.328648071000032],[-97.588475612999957,40.327127502000053],[-97.600065041999983,40.325606932000028],[-97.611654211999962,40.32408636200006],[-97.623243121999963,40.322565792000034],[-97.634831770999938,40.321045221000077],[-97.64642016099998,40.319524650000062],[-97.658008290999987,40.318004079000048],[-97.669596159999969,40.316483507000044],[-97.681183769999961,40.31496293400005],[-97.692771119999975,40.313442361000057],[-97.704358209999953,40.311921788000063],[-97.715945039999951,40.31040121500007],[-97.727531609999971,40.30888064100003],[-97.739117920999945,40.307360066000058],[-97.75070397099995,40.305839491000029],[-97.762289761999966,40.304318916000057],[-97.773875292999946,40.302798341000027],[-97.785460563999948,40.301277765000066],[-97.79704557599996,40.299757188000058],[-97.808630327999936,40.298236612000039],[-97.82021481999999,40.296716034000042],[-97.831799051999951,40.295195457000034],[-97.84338302499998,40.293674879000037],[-97.854966737999973,40.29215430000005],[-97.866550190999988,40.290633722000052],[-97.878133384999956,40.289113142000076],[-97.889716319999991,40.287592563000032],[-97.901298993999944,40.286071983000056],[-97.912881409999954,40.284551402000034],[-97.92446356499994,40.283030822000057],[-97.936045461999981,40.281510240000046],[-97.947627097999941,40.27998965900008],[-97.959208475999958,40.278469077000068],[-97.970789592999949,40.276948494000067],[-97.982370451999941,40.275427912000055],[-97.993951050999954,40.273907328000064],[-98.005531389999987,40.272386745000063],[-98.017111470999964,40.270866161000072],[-98.028691291999962,40.269345576000035],[-98.040270852999981,40.267824992000044],[-98.051850154999954,40.266304406000074],[-98.063429197999938,40.264783821000037],[-98.075007981999988,40.263263235000068],[-98.086586506999936,40.261742648000052],[-98.098164771999961,40.260222062000025],[-98.109742777999941,40.258701474000077],[-98.121320524999987,40.257180887000061],[-98.132898011999941,40.255660299000056],[-98.144475240999952,40.254139710000061],[-98.156052209999984,40.252619121000066],[-98.16762892099996,40.251098532000071],[-98.179205371999956,40.249577943000077],[-98.190781563999963,40.248057353000036],[-98.20235749699998,40.246536762000062],[-98.213933170999951,40.245016171000032],[-98.225508586999979,40.243495580000058],[-98.237083742999971,40.241974989000028],[-98.248658639999974,40.240454397000065],[-98.260233277999987,40.238933804000055],[-98.271807656999954,40.237413211000046],[-98.283381777999978,40.235892618000037],[-98.294955638999966,40.234372024000038],[-98.306529241999954,40.232851430000039],[-98.318102584999963,40.231330836000041],[-98.329675669999972,40.229810241000052],[-98.341248496999981,40.228289646000064],[-98.352821063999954,40.22676905000003],[-98.364393371999938,40.225248454000052],[-98.375965421999979,40.223727858000075],[-98.387537212999973,40.222207261000051],[-98.399108745999968,40.220686664000027],[-98.410680018999983,40.219166066000071],[-98.422251033999942,40.217645468000057],[-98.433821790999957,40.216124870000044],[-98.445392287999937,40.214604271000042],[-98.456962526999973,40.213083672000039],[-98.468532507999953,40.211563072000047],[-98.480102229999943,40.210042472000055],[-98.491671692999944,40.208521871000073],[-98.503240897999945,40.207001271000024],[-98.514809843999956,40.205480669000053],[-98.526378531999967,40.203960068000072],[-98.537946961999978,40.202439466000044],[-98.549515131999954,40.200918863000027],[-98.561083044999975,40.199398260000066],[-98.572650698999951,40.197877657000049],[-98.584218094999983,40.196357054000032],[-98.595785231999969,40.194836450000025],[-98.607352110999955,40.193315845000029],[-98.618918730999951,40.191795240000033],[-98.630485093999937,40.190274635000037],[-98.64205119799999,40.188754029000052],[-98.65361704299994,40.187233423000066],[-98.665182630999936,40.185712817000081],[-98.676747959999943,40.184192210000049],[-98.68831303099995,40.182671603000074],[-98.699877843999957,40.181150995000053],[-98.711442397999974,40.179630387000032],[-98.723006694999981,40.178109779000067],[-98.734570732999941,40.176589170000057],[-98.746134512999959,40.175068561000046],[-98.757698034999976,40.173547951000046],[-98.769261298999936,40.172027341000046],[-98.780824304999953,40.170506730000056],[-98.79238705299997,40.168986120000056],[-98.803949542999987,40.167465508000078],[-98.815511774999948,40.165944897000031],[-98.827073747999975,40.164424285000052],[-98.838635463999992,40.162903672000027],[-98.850196921999952,40.161383059000059],[-98.861758121999969,40.159862446000034],[-98.873319063999986,40.158341832000076],[-98.884879748999992,40.156821218000061],[-98.896440174999952,40.155300604000047],[-98.908000342999969,40.153779989000043],[-98.919560253999975,40.152259374000039],[-98.931119906999982,40.150738758000045],[-98.942679301999988,40.149218142000052],[-98.954238438999937,40.147697525000069],[-98.965797318999989,40.146176909000076],[-98.977355940999985,40.144656291000047],[-98.98891430499998,40.143135674000064],[-99.000472410999976,40.141615056000035],[-99.01203025999996,40.140094437000073],[-99.023587850999945,40.138573818000054],[-99.035145184999976,40.137053199000036],[-99.04670226099995,40.135532579000028],[-99.058259078999981,40.134011959000077],[-99.069815639999945,40.132491339000069],[-99.081371942999965,40.130970718000071],[-99.092927987999985,40.129450097000074],[-99.104483775999938,40.12792947500003],[-99.116039306999937,40.126408853000044],[-99.127594579999936,40.124888231000057],[-99.139149595999982,40.123367608000081],[-99.15070435399997,40.121846984000058],[-99.162258854999948,40.120326361000025],[-99.173813097999982,40.118805737000059],[-99.185367084999939,40.117285112000047],[-99.196920812999963,40.115764487000035],[-99.208474284999966,40.11424386200008],[-99.220027498999968,40.112723236000079],[-99.231580454999971,40.111202610000078],[-99.243133154999953,40.109681984000076],[-99.254685596999991,40.108161357000029],[-99.266237781999962,40.106640730000038],[-99.277789709999979,40.105120102000058],[-99.289341379999939,40.103599474000077],[-99.300892793999992,40.102078845000051],[-99.312443949999988,40.100558217000071],[-99.323994848999973,40.099037587000055],[-99.335545490999948,40.097516958000028],[-99.347095875999969,40.09599632700008],[-99.358646003999979,40.094475697000064],[-99.37019587399999,40.092955066000059],[-99.381745487999979,40.091434435000053],[-99.393294843999968,40.089913803000059],[-99.404843943999992,40.088393171000064],[-99.41639278699995,40.086872539000069],[-99.427941371999964,40.085351906000028],[-99.439489700999957,40.083831272000054],[-99.451037772999939,40.08231063900007],[-99.462585587999968,40.08079000500004],[-99.474133145999986,40.079269370000077],[-99.485680446999936,40.077748735000057],[-99.49722749099999,40.076228100000037],[-99.508774278999965,40.074707464000028],[-99.520320808999941,40.073186828000075],[-99.531867082999952,40.071666192000066],[-99.543413099999952,40.070145555000067],[-99.554958860999989,40.068624918000069],[-99.566504363999968,40.067104280000081],[-99.578049610999983,40.065583642000036],[-99.589594600999988,40.064063003000058],[-99.601139334999971,40.06254236400008],[-99.612683811999943,40.061021725000046],[-99.624228031999962,40.059501085000079],[-99.635771994999971,40.057980445000055],[-99.647315701999958,40.056459805000031],[-99.65885915299998,40.054939164000075],[-99.670402346999992,40.053418523000062],[-99.681945283999937,40.051897881000059],[-99.693487964999974,40.050377239000056],[-99.705030388999944,40.048856596000064],[-99.716572556999949,40.047335954000062],[-99.728114468999991,40.04581531000008],[-99.739656123999964,40.044294667000031],[-99.751197521999984,40.04277402200006],[-99.762738663999983,40.041253378000079],[-99.77427954999996,40.039732733000051],[-99.785820178999984,40.03821208800008],[-99.797360551999986,40.036691442000063],[-99.808900668999968,40.035170796000045],[-99.820440529999985,40.033650150000028],[-99.831980133999991,40.032129503000078],[-99.843519481999977,40.030608855000025],[-99.855058572999951,40.029088208000076],[-99.866597408999951,40.02756756000008],[-99.87813598799994,40.026046911000037],[-99.889674310999965,40.024526262000052],[-99.901212377999968,40.023005613000066],[-99.912750188999951,40.021484963000034],[-99.924287742999979,40.01996431300006],[-99.935825041999976,40.018443663000028],[-99.947362083999963,40.016923012000063],[-99.958898869999985,40.015402360000053],[-99.970435400999975,40.013881709000032],[-99.981971674999954,40.012361057000078],[-99.99350769299997,40.010840404000078],[-100.00504345499996,40.009319751000078],[-100.01657896099994,40.007799098000078],[-100.02811421199999,40.006278444000031],[-100.03964920599998,40.004757790000042],[-100.05118394499999,40.003237136000052],[-100.06271842699994,40.001716481000074],[-100.07425265399996,40.000195825000048],[-100.08578662499997,39.99867517000007],[-100.09732033999995,39.997154514000044],[-100.10885379899997,39.99563385700003],[-100.12038700199997,39.994113200000072],[-100.13191994999994,39.992592543000058],[-100.14345264199994,39.991071885000053],[-100.15498507799998,39.989551227000049],[-100.16651725799994,39.988030569000045],[-100.17804918299998,39.986509910000052],[-100.18958085199995,39.984989250000069],[-100.20111226499995,39.983468591000076],[-100.21264342299997,39.981947931000036],[-100.22417432499998,39.980427270000064],[-100.23570497199995,39.978906609000035],[-100.24723536299996,39.977385948000062],[-100.25876549799995,39.975865286000044],[-100.27029537799996,39.974344624000025],[-100.28182500199995,39.972823962000064],[-100.29335437099996,39.971303299000056],[-100.30488348399996,39.969782635000058],[-100.31641234199998,39.96826197200005],[-100.32794094399998,39.966741308000053],[-100.33946929099994,39.965220643000066],[-100.35099738299999,39.963699978000079],[-100.36252521899996,39.962179313000036],[-100.37405279999996,39.960658647000059],[-100.38558012499999,39.959137981000026],[-100.39710719499999,39.95761731500005],[-100.40863400999996,39.956096648000027],[-100.42016056899996,39.954575980000072],[-100.43168687399998,39.95305531300005],[-100.44321292299998,39.951534644000049],[-100.45473871599995,39.950013976000037],[-100.46626425499994,39.948493307000035],[-100.47778953799997,39.946972638000034],[-100.48931456599996,39.945451968000043],[-100.50083933899998,39.943931298000052],[-100.51236385699997,39.942410627000072],[-100.52388811999998,39.940889957000024],[-100.53541212799996,39.939369285000055],[-100.54693587999998,39.937848614000075],[-100.55845937799995,39.936327941000059],[-100.56998261999996,39.934807269000032],[-100.58150560699994,39.933286596000073],[-100.59302833999999,39.931765923000057],[-100.60455081699996,39.930245249000052],[-100.61607303999995,39.928724575000047],[-100.62759500699997,39.927203900000052],[-100.63911671999995,39.925683225000057],[-100.65063817799995,39.924162550000062],[-100.66215938099998,39.922641874000078],[-100.67368032899998,39.921121198000037],[-100.68520102199994,39.919600522000053],[-100.69672145999999,39.918079845000079],[-100.70824164299995,39.916559168000049],[-100.71976157199998,39.915038490000029],[-100.73128124599998,39.913517812000066],[-100.74280066499995,39.911997133000057],[-100.75431982999999,39.910476454000047],[-100.76583873899995,39.908955775000038],[-100.77735739499997,39.907435095000039],[-100.78887579499997,39.905914415000041],[-100.80039394099998,39.904393735000042],[-100.81191183199996,39.902873054000054],[-100.82342946799997,39.901352373000066],[-100.83494684999994,39.899831691000031],[-100.84646397699998,39.898311009000054],[-100.85798084999999,39.89679032600003],[-100.86949746799996,39.895269643000063],[-100.88101383199995,39.893748960000039],[-100.89252994099996,39.892228276000026],[-100.90404579599999,39.890707592000069],[-100.91556139599999,39.889186908000056],[-100.92707674199994,39.887666223000053],[-100.93859183299998,39.886145538000051],[-100.95010666999997,39.884624852000059],[-100.96162125299998,39.883104166000066],[-100.97313558099995,39.881583479000028],[-100.98464965499994,39.880062792000047],[-100.99616347499995,39.878542105000065],[-101.00767703999998,39.877021417000037],[-101.01919035099996,39.875500729000066],[-101.03070340799997,39.873980041000038],[-101.04221620999999,39.872459352000078],[-101.05372875899997,39.870938662000071],[-101.06524105299997,39.869417973000054],[-101.07675309199999,39.867897283000048],[-101.08826487799996,39.866376592000051],[-101.09977640999995,39.864855901000055],[-101.11128768699996,39.863335210000059],[-101.12279870999998,39.861814518000074],[-101.13430947999996,39.860293826000031],[-101.14581999499995,39.858773134000046],[-101.15733025599997,39.857252441000071],[-101.16884026299999,39.85573174700005],[-101.18035001599998,39.854211054000075],[-101.19185951499998,39.852690360000054],[-101.20336875999999,39.851169665000043],[-101.21487775099996,39.849648970000032],[-101.22638648799995,39.848128275000079],[-101.23789497099995,39.846607579000079],[-101.24940320099995,39.845086883000079],[-101.26091117599998,39.843566187000079],[-101.27241889799996,39.842045490000032],[-101.28392636499996,39.840524792000053],[-101.29543357899996,39.839004095000064],[-101.30694053999997,39.837483397000028],[-101.31844724599995,39.83596269800006],[-101.32995369799994,39.834441999000035],[-101.34145989699994,39.832921300000066],[-101.35296584199995,39.831400600000052],[-101.36447153399996,39.829879900000037],[-101.37597697099994,39.828359200000079],[-101.38748215599998,39.826838499000075],[-101.39898708599998,39.825317797000025],[-101.41049176299998,39.823797096000078],[-101.42199618599994,39.822276394000028],[-101.43350035499998,39.820755691000045],[-101.44500427099996,39.819234988000062],[-101.45650793399994,39.817714285000079],[-101.46801134299994,39.81619358100005],[-101.47951449799996,39.814672877000078],[-101.49101739999998,39.813152173000049],[-101.50252004799995,39.81163146800003],[-101.51402244299999,39.810110762000079],[-101.52552458499997,39.80859005700006],[-101.53702647299997,39.807069351000052],[-101.54852810799997,39.805548644000055],[-101.56002948899999,39.804027937000058],[-101.57153061699995,39.80250723000006],[-101.58303149199998,39.800986522000073],[-101.59453211299996,39.79946581400003],[-101.60603248099994,39.797945106000043],[-101.61753259599999,39.796424397000067],[-101.62903245699994,39.794903687000044],[-101.64053206499995,39.793382978000068],[-101.65203141999996,39.791862268000045],[-101.66353052199997,39.790341557000033],[-101.67502937099994,39.788820846000078],[-101.68652796599997,39.787300135000066],[-101.69802630799995,39.785779423000065],[-101.70952439699994,39.784258711000064],[-101.72102223299999,39.782737999000062],[-101.73251981599998,39.781217286000071],[-101.74401714599998,39.779696572000034],[-101.75551422299998,39.778175859000044],[-101.76701104699998,39.776655145000063],[-101.77850761699995,39.775134430000037],[-101.79000393499996,39.773613715000067],[-101.80149999999998,39.772093000000041]]},"properties":{"OID":62,"Product_Type_i":"Cooked","From_ID":"Retailer4","From_Node":"Chicago Metro Cold Warehouse","From_City_Area":"Hammond (Chicago Metro)","From_State":"IN","From_Latitude":41.637709000000001,"From_Longitude":-87.499498000000003,"Product_Type_j":" Cooked","To_ID":"Market7","To_Node":"Saint Francis Consumer Market","To_City_Area":"Saint Francis","To_State":"KS","To_Latitude":39.772092999999998,"To_Longitude":-101.8015,"Quantity":237.54239999999999,"ORIG_FID":65,"Shape_Length":14.423176195849958}},{"type":"Feature","id":63,"geometry":{"type":"LineString","coordinates":[[-89.642166999999972,39.84193300000004],[-89.648497267999971,39.83441593100008],[-89.654826846999981,39.826898851000067],[-89.661155734999966,39.819381762000035],[-89.667483933999961,39.811864664000041],[-89.673811443999966,39.804347555000049],[-89.680138264999982,39.79683043700004],[-89.686464396999952,39.789313309000079],[-89.692789839999989,39.781796171000053],[-89.699114595999959,39.774279023000076],[-89.705438662999939,39.766761866000024],[-89.711762042999965,39.759244699000078],[-89.718084734999991,39.751727522000067],[-89.724406739999949,39.744210335000048],[-89.730728057999954,39.736693139000067],[-89.737048689999938,39.729175933000079],[-89.743368634999968,39.721658717000025],[-89.749687892999987,39.714141491000078],[-89.756006465999974,39.706624256000055],[-89.762324353999986,39.699107010000034],[-89.768641555999977,39.691589755000052],[-89.774958072999937,39.684072491000052],[-89.781273904999978,39.676555216000054],[-89.787589051999987,39.669037932000037],[-89.793903514999954,39.66152063800007],[-89.800217293999935,39.654003334000038],[-89.806530388999988,39.646486021000044],[-89.812842800999988,39.638968697000053],[-89.819154528999945,39.631451364000043],[-89.825465573999963,39.623934021000025],[-89.831775935999985,39.616416669000046],[-89.838085615999944,39.608899306000069],[-89.844394612999963,39.601381934000074],[-89.850702928999965,39.59386455300006],[-89.857010561999971,39.586347161000049],[-89.863317513999959,39.578829760000076],[-89.869623784999987,39.571312348000049],[-89.875929374999942,39.56379492800005],[-89.882234283999935,39.556277497000053],[-89.888538511999968,39.548760057000038],[-89.894842059999974,39.541242607000072],[-89.901144927999951,39.533725147000041],[-89.907447116999947,39.526207677000059],[-89.913748625999972,39.518690198000058],[-89.920049454999969,39.51117270900005],[-89.926349605999974,39.503655210000034],[-89.93264907799994,39.496137701000066],[-89.938947870999982,39.48862018300008],[-89.945245986999964,39.481102655000029],[-89.951543423999965,39.473585117000027],[-89.957840182999973,39.466067569000074],[-89.964136264999979,39.458550012000046],[-89.970431669999982,39.451032445000067],[-89.976726397999983,39.443514868000079],[-89.98302044899998,39.435997281000027],[-89.989313823999964,39.42847968500007],[-89.995606522999935,39.420962079000049],[-90.00189854499996,39.413444463000076],[-90.008189891999962,39.405926837000038],[-90.014480563999939,39.398409202000039],[-90.02077055999996,39.390891557000032],[-90.027059880999957,39.383373902000073],[-90.033348527999976,39.37585623800004],[-90.039636499999972,39.368338563000066],[-90.04592379799999,39.360820879000073],[-90.052210421999973,39.353303186000062],[-90.058496372999969,39.345785482000053],[-90.064781649999986,39.338267769000026],[-90.071066253999959,39.330750046000048],[-90.077350184999943,39.323232313000062],[-90.08363344299994,39.315714571000058],[-90.089916028999937,39.308196819000045],[-90.096197942999936,39.300679057000025],[-90.102479184999936,39.293161285000053],[-90.108759754999937,39.285643504000063],[-90.115039653999986,39.278125713000065],[-90.121318880999979,39.27060791200006],[-90.127597437999952,39.263090101000046],[-90.133875323999973,39.25557228100007],[-90.140152539999974,39.24805445100003],[-90.146429084999966,39.240536611000039],[-90.152704960999984,39.233018761000039],[-90.158980166999982,39.225500902000078],[-90.16525470299996,39.217983033000053],[-90.171528570999953,39.210465154000076],[-90.177801768999984,39.202947266000081],[-90.184074298999974,39.195429368000077],[-90.190346160999979,39.187911460000066],[-90.196617353999955,39.180393542000047],[-90.202887878999945,39.172875615000066],[-90.209157736999941,39.165357678000078],[-90.215426926999953,39.157839731000024],[-90.22169545099996,39.150321774000076],[-90.227963306999982,39.142803808000053],[-90.234230496999942,39.135285832000079],[-90.240497019999964,39.12776784600004],[-90.246762876999981,39.12024985100004],[-90.253028067999935,39.112731846000031],[-90.259292593999987,39.105213831000071],[-90.265556453999977,39.097695806000047],[-90.271819648999951,39.090177772000061],[-90.278082178999966,39.082659728000067],[-90.284344044999955,39.075141674000065],[-90.290605245999984,39.067623611000045],[-90.296865781999941,39.060105537000027],[-90.303125654999974,39.052587454000047],[-90.30938486499997,39.045069362000049],[-90.31564340999995,39.037551259000054],[-90.321901292999939,39.03003314700004],[-90.328158512999948,39.022515026000065],[-90.334415069999977,39.014996894000035],[-90.340670964999958,39.007478753000044],[-90.346926196999959,38.999960602000044],[-90.353180767999959,38.992442441000037],[-90.359434676999967,38.984924271000068],[-90.365687923999985,38.977406091000034],[-90.371940509999945,38.96988790100005],[-90.378192435999949,38.962369701000057],[-90.384443699999963,38.954851492000046],[-90.390694303999965,38.947333273000027],[-90.396944247999954,38.939815044000056],[-90.403193531999989,38.932296806000068],[-90.409442156999944,38.924778558000071],[-90.415690120999955,38.917260300000066],[-90.421937426999989,38.909742033000043],[-90.428184073999944,38.90222375500008],[-90.434430060999944,38.89470546900003],[-90.440675390999957,38.88718717200004],[-90.446920061999947,38.879668866000031],[-90.453164074999961,38.872150550000072],[-90.459407430999988,38.864632224000047],[-90.465650128999982,38.857113888000072],[-90.471892168999943,38.849595543000078],[-90.478133552999964,38.842077188000076],[-90.48437427999994,38.834558824000055],[-90.490614350999977,38.827040449000037],[-90.496853764999969,38.819522065000058],[-90.503092522999964,38.81200367200006],[-90.509330624999961,38.804485268000064],[-90.515568071999951,38.796966855000051],[-90.521804863999989,38.789448432000029],[-90.528040999999973,38.781930000000045]]},"properties":{"OID":63,"Product_Type_i":"Raw","From_ID":"Processor1","From_Node":"Springfield Processor","From_City_Area":"Springfield","From_State":"IL","From_Latitude":39.841932999999997,"From_Longitude":-89.642167000000001,"Product_Type_j":" Semicooked","To_ID":"Warehouse1","To_Node":"St. Louis Regional Cold DC","To_City_Area":"O'Fallon","To_State":"MO","To_Latitude":38.781930000000003,"To_Longitude":-90.528041000000002,"Quantity":26666.666700000002,"ORIG_FID":66,"Shape_Length":1.3814442020636362}},{"type":"Feature","id":64,"geometry":{"type":"LineString","coordinates":[[-90.460895999999991,38.540593000000058],[-90.472291498999937,38.541472242000054],[-90.483687136999947,38.542351484000051],[-90.495082913999966,38.543230726000047],[-90.506478829999935,38.544109968000043],[-90.51787488399998,38.54498920900005],[-90.529271076999976,38.545868450000057],[-90.54066740899998,38.546747692000054],[-90.552063879999992,38.54762693300006],[-90.563460488999965,38.548506174000067],[-90.574857236999947,38.549385415000074],[-90.586254123999936,38.550264656000024],[-90.59765114999999,38.551143896000042],[-90.609048314999939,38.552023137000049],[-90.620445617999962,38.552902377000066],[-90.631843059999937,38.553781617000027],[-90.643240640999977,38.554660857000044],[-90.654638360999968,38.555540097000062],[-90.666036219999967,38.556419337000079],[-90.677434216999984,38.55729857700004],[-90.688832353999942,38.558177816000068],[-90.700230628999975,38.559057056000029],[-90.711629042999959,38.559936295000057],[-90.723027595999952,38.560815534000028],[-90.734426287999952,38.561694773000056],[-90.745825117999971,38.562574012000027],[-90.757224087999987,38.563453251000055],[-90.768623195999965,38.564332490000027],[-90.78002244399994,38.565211728000065],[-90.79142182999999,38.566090966000047],[-90.802821354999935,38.566970205000075],[-90.814221018999945,38.567849443000057],[-90.825620821999962,38.568728681000039],[-90.837020763999988,38.569607919000077],[-90.848420844999964,38.57048715600007],[-90.859821063999959,38.571366394000052],[-90.871221422999952,38.572245631000044],[-90.882621920999952,38.573124869000026],[-90.894022556999971,38.574004106000075],[-90.905423332999987,38.574883343000067],[-90.916824246999965,38.57576258000006],[-90.928225300999941,38.576641816000063],[-90.939626492999992,38.577521053000055],[-90.951027824999983,38.578400290000047],[-90.962429294999936,38.57927952600005],[-90.973830904999943,38.580158762000053],[-90.985232652999969,38.581037998000056],[-90.996634539999945,38.581917234000059],[-91.008036566999976,38.582796470000062],[-91.019438731999969,38.583675706000065],[-91.030841036999959,38.584554941000079],[-91.042243479999968,38.585434177000025],[-91.053646062999974,38.586313412000038],[-91.065048784999988,38.587192647000052],[-91.076451644999963,38.588071882000065],[-91.087854644999936,38.588951117000079],[-91.099257783999974,38.589830352000035],[-91.110661060999973,38.590709587000049],[-91.12206447799997,38.591588821000073],[-91.133468033999975,38.59246805600003],[-91.144871728999988,38.593347290000054],[-91.156275563999941,38.594226524000078],[-91.16767953699997,38.595105758000045],[-91.179083648999949,38.595984992000069],[-91.190487900999983,38.596864226000037],[-91.201892290999979,38.597743459000071],[-91.213296820999972,38.598622693000038],[-91.224701489999973,38.599501926000073],[-91.236106297999982,38.600381159000051],[-91.247511244999941,38.601260392000029],[-91.258916330999966,38.602139625000063],[-91.270321556999988,38.603018858000041],[-91.281726920999972,38.603898091000076],[-91.293132424999953,38.604777323000064],[-91.304538067999943,38.605656556000042],[-91.31594384999994,38.606535788000031],[-91.327349770999945,38.607415020000076],[-91.338755831999947,38.608294252000064],[-91.350162030999968,38.609173484000053],[-91.361568369999986,38.610052716000041],[-91.372974847999956,38.61093194700004],[-91.384381465999979,38.611811179000028],[-91.395788221999965,38.612690410000027],[-91.407195117999947,38.613569641000026],[-91.418602152999938,38.614448873000072],[-91.430009326999937,38.615328104000071],[-91.441416640999989,38.61620733400008],[-91.452824092999947,38.617086565000079],[-91.464231684999959,38.617965796000078],[-91.475639415999979,38.618845026000031],[-91.487047286999939,38.61972425600004],[-91.498455296999964,38.62060348600005],[-91.50986344599994,38.62148271600006],[-91.521271733999981,38.622361946000069],[-91.532680161999963,38.623241176000079],[-91.544088728999952,38.624120406000031],[-91.55549743499995,38.624999635000052],[-91.566906279999955,38.625878865000061],[-91.578315264999958,38.626758094000024],[-91.589724388999969,38.627637323000044],[-91.601133652999977,38.628516552000065],[-91.612543055999936,38.629395781000028],[-91.62395259799996,38.630275009000059],[-91.635362278999935,38.631154238000079],[-91.646772099999964,38.632033466000053],[-91.658182059999945,38.632912695000073],[-91.669592159999979,38.633791923000047],[-91.681002398999965,38.634671151000077],[-91.692412776999959,38.635550379000051],[-91.70382329499995,38.636429607000025],[-91.715233951999949,38.637308834000066],[-91.726644748999945,38.63818806200004],[-91.738055684999949,38.639067289000025],[-91.749466759999962,38.639946516000066],[-91.760877974999971,38.64082574300005],[-91.772289328999989,38.641704970000035],[-91.783700821999957,38.642584197000076],[-91.79511245499998,38.643463424000061],[-91.806524227999944,38.644342650000056],[-91.817936139999972,38.64522187700004],[-91.829348190999951,38.646101103000035],[-91.840760381999985,38.64698032900003],[-91.85217271199997,38.647859555000025],[-91.863585181999952,38.648738781000077],[-91.874997790999942,38.649618007000072],[-91.886410539999986,38.650497233000067],[-91.897823427999981,38.651376458000072],[-91.909236455999974,38.652255684000068],[-91.920649622999974,38.653134909000073],[-91.932062929999972,38.654014134000079],[-91.943476375999978,38.654893359000027],[-91.954889961999982,38.655772584000033],[-91.966303686999936,38.656651809000039],[-91.977717551999945,38.657531033000055],[-91.989131555999961,38.65841025800006],[-92.000545699999975,38.659289482000077],[-92.01195998299994,38.660168706000036],[-92.023374405999959,38.661047930000052],[-92.034788968999976,38.661927154000068],[-92.046203670999944,38.662806378000028],[-92.057618511999976,38.663685602000044],[-92.069033493999939,38.66456482500007],[-92.080448613999977,38.66544404900003],[-92.091863874999945,38.666323272000056],[-92.103279274999977,38.667202495000026],[-92.114694813999961,38.668081718000053],[-92.126110493999988,38.66896094100008],[-92.137526311999977,38.66984016400005],[-92.148942270999953,38.67071938600003],[-92.160358368999937,38.671598609000057],[-92.171774606999975,38.672477831000037],[-92.183190983999964,38.673357053000075],[-92.19460750099995,38.674236275000055],[-92.206024157999991,38.675115497000036],[-92.217440953999983,38.675994719000073],[-92.228857889999972,38.676873941000053],[-92.240274965999959,38.677753162000045],[-92.251692180999953,38.678632384000025],[-92.263109535999945,38.679511605000073],[-92.274527030999991,38.680390826000064],[-92.285944664999988,38.681270047000055],[-92.297362438999983,38.682149268000046],[-92.308780352999975,38.683028489000037],[-92.320198405999975,38.683907709000039],[-92.331616599999961,38.68478693000003],[-92.343034931999966,38.685666150000031],[-92.354453404999958,38.686545370000033],[-92.365872017999948,38.687424590000035],[-92.377290769999945,38.688303810000036],[-92.38870966199994,38.689183030000038],[-92.400128692999942,38.69006225000004],[-92.411547864999989,38.690941469000052],[-92.422967175999986,38.691820689000053],[-92.434386626999981,38.692699908000066],[-92.445806217999973,38.693579127000078],[-92.457225947999973,38.694458346000033],[-92.46864581799997,38.695337565000045],[-92.480065827999965,38.696216784000057],[-92.491485977999957,38.69709600300007],[-92.502906267999947,38.697975221000036],[-92.514326697999991,38.698854439000058],[-92.525747266999986,38.699733658000071],[-92.537167975999978,38.700612876000037],[-92.548588824999968,38.701492094000059],[-92.560009813999955,38.702371312000025],[-92.571430942999939,38.703250529000059],[-92.582852210999988,38.704129747000025],[-92.594273619999967,38.705008964000058],[-92.605695167999954,38.705888182000081],[-92.617116855999939,38.706767399000057],[-92.628538683999977,38.707646616000034],[-92.639960651999957,38.708525833000067],[-92.65138275999999,38.709405049000054],[-92.662805007999964,38.710284266000031],[-92.674227394999946,38.711163483000064],[-92.685649922999971,38.712042699000051],[-92.697072589999948,38.712921915000038],[-92.708495397999968,38.713801131000025],[-92.71991834499994,38.714680347000069],[-92.731341431999965,38.715559563000056],[-92.742764658999988,38.716438779000043],[-92.754188025999952,38.717317994000041],[-92.765611532999969,38.718197210000028],[-92.777035180999974,38.719076425000026],[-92.78845896699994,38.71995564000008],[-92.79988289399995,38.720834855000078],[-92.811306960999957,38.721714070000075],[-92.822731167999962,38.722593285000073],[-92.834155514999964,38.723472500000071],[-92.845580001999963,38.724351714000079],[-92.85700462899996,38.725230929000077],[-92.868429395999954,38.726110143000028],[-92.879854302999945,38.726989357000036],[-92.891279348999944,38.727868571000045],[-92.902704535999987,38.728747785000053],[-92.914129862999971,38.729626998000072],[-92.925555329999952,38.73050621200008],[-92.936980936999987,38.731385426000031],[-92.948406684999952,38.73226463900005],[-92.959832571999982,38.733143852000069],[-92.971258598999952,38.734023065000031],[-92.982684765999977,38.73490227800005],[-92.994111072999942,38.735781491000068],[-93.005537520999951,38.736660703000041],[-93.016964107999968,38.73753991600006],[-93.028390835999971,38.738419128000032],[-93.039817703999972,38.739298341000051],[-93.051244710999981,38.74017755300008],[-93.062671858999977,38.741056765000053],[-93.07409914699997,38.741935977000026],[-93.08552657599995,38.742815188000066],[-93.096954143999938,38.743694400000038],[-93.10838185199998,38.744573611000078],[-93.119809700999951,38.745452823000051],[-93.131237688999988,38.746332034000034],[-93.142665817999955,38.747211245000074],[-93.154094086999976,38.748090456000057],[-93.165522495999937,38.74896966700004],[-93.176951045999942,38.749848877000034],[-93.188379734999955,38.750728088000074],[-93.199808564999955,38.751607298000067],[-93.211237534999952,38.75248650900005],[-93.222666644999947,38.753365719000044],[-93.234095894999939,38.754244929000038],[-93.245525285999975,38.755124139000031],[-93.256954815999961,38.756003348000036],[-93.268384486999992,38.756882558000029],[-93.279814298999952,38.757761767000034],[-93.291244249999977,38.758640977000027],[-93.302674341999989,38.759520186000032],[-93.314104572999952,38.760399395000036],[-93.325534944999958,38.76127860400004],[-93.336965457999952,38.762157813000044],[-93.348396109999953,38.763037022000049],[-93.359826902999941,38.763916230000063],[-93.371257836999973,38.764795439000068],[-93.382688909999956,38.765674647000026],[-93.394120123999983,38.766553855000041],[-93.40555147799995,38.767433063000055],[-93.416982971999971,38.76831227100007],[-93.428414606999979,38.769191479000028],[-93.439846381999985,38.770070686000054],[-93.451278296999988,38.770949894000069],[-93.462710352999977,38.771829101000037],[-93.474142548999964,38.772708308000063],[-93.485574884999949,38.773587515000031],[-93.497007360999987,38.774466722000057],[-93.508439977999956,38.775345929000025],[-93.519872735999968,38.77622513600005],[-93.531305632999988,38.77710434200003],[-93.542738670999938,38.777983549000055],[-93.554171849999989,38.778862755000034],[-93.56560516899998,38.77974196100007],[-93.577038627999968,38.780621167000049],[-93.588472226999954,38.781500373000029],[-93.599905966999984,38.782379579000064],[-93.611339847999943,38.783258785000044],[-93.622773867999967,38.784137990000033],[-93.634208029999968,38.78501719500008],[-93.645642330999976,38.785896401000059],[-93.657076772999972,38.786775606000049],[-93.668511355999954,38.787654811000039],[-93.67994607899999,38.788534016000028],[-93.691380941999967,38.789413220000029],[-93.702815945999987,38.790292425000075],[-93.714251089999948,38.791171629000075],[-93.725686374999952,38.792050834000065],[-93.737121799999954,38.792930038000065],[-93.748557365999943,38.793809242000066],[-93.759993071999986,38.794688446000066],[-93.77142891799997,38.795567649000077],[-93.782864905999986,38.796446853000077],[-93.794301032999954,38.797326057000078],[-93.805737300999965,38.798205260000032],[-93.817173709999963,38.799084463000042],[-93.828610258999959,38.799963666000053],[-93.840046948999941,38.800842869000064],[-93.851483778999977,38.801722072000075],[-93.862920749999944,38.802601275000029],[-93.874357860999964,38.803480477000051],[-93.885795112999972,38.804359680000061],[-93.897232505999966,38.805238882000026],[-93.908670038999958,38.806118084000047],[-93.920107711999947,38.806997286000069],[-93.931545525999979,38.807876488000034],[-93.942983480999942,38.808755690000055],[-93.954421575999959,38.809634892000076],[-93.965859811999962,38.810514093000052],[-93.977298188999953,38.811393295000073],[-93.988736705999941,38.812272496000048],[-94.000175363999972,38.81315169700008],[-94.011614161999944,38.814030898000055],[-94.023053100999959,38.814910099000031],[-94.034492179999972,38.815789300000063],[-94.045931400999962,38.816668500000048],[-94.057370761999948,38.81754770100008],[-94.068810262999989,38.818426901000066],[-94.08024990499996,38.819306101000052],[-94.091689687999974,38.820185301000038],[-94.103129611999975,38.82106450100008],[-94.114569675999974,38.821943701000066],[-94.126009880999959,38.822822901000052],[-94.137450225999942,38.823702100000048],[-94.148890711999968,38.824581300000034],[-94.160331338999981,38.82546049900003],[-94.171772106999981,38.826339698000027],[-94.183213014999978,38.82721889700008],[-94.194654063999963,38.828098096000076],[-94.20609525399999,38.828977295000072],[-94.217536584999948,38.829856493000079],[-94.22897805599996,38.830735692000076],[-94.240419667999959,38.831614890000026],[-94.251861420999944,38.832494088000033],[-94.263303313999984,38.83337328600004],[-94.274745347999954,38.834252484000046],[-94.286187522999967,38.835131682000053],[-94.297629838999967,38.83601088000006],[-94.309072295999954,38.836890077000078],[-94.320514892999938,38.837769275000028],[-94.331957630999966,38.838648472000045],[-94.343400509999981,38.839527669000063],[-94.354843529999982,38.84040686600008],[-94.366286690999971,38.841286063000041],[-94.377729991999956,38.842165260000058],[-94.389173433999986,38.84304445600003],[-94.400617016999945,38.843923653000047],[-94.412060740999948,38.844802849000075],[-94.423504605999938,38.845682045000046],[-94.434948610999982,38.846561241000074],[-94.446392757999945,38.847440437000046],[-94.457837044999962,38.848319633000074],[-94.469281472999967,38.849198829000045],[-94.480726041999958,38.850078024000027],[-94.492170751999936,38.850957220000055],[-94.503615601999968,38.851836415000037],[-94.515060593999976,38.852715610000075],[-94.526505726999972,38.853594805000057],[-94.537950999999964,38.854474000000039]]},"properties":{"OID":64,"Product_Type_i":"Raw","From_ID":"Processor2","From_Node":"St. Louis Processing Facility","From_City_Area":"St. Louis","From_State":"MO","From_Latitude":38.540593000000001,"From_Longitude":-90.460896000000005,"Product_Type_j":" Semicooked","To_ID":"Warehouse2","To_Node":"Kansas City Cold Storage Hub","To_City_Area":"Kansas City","To_State":"MO","To_Latitude":38.854474000000003,"To_Longitude":-94.537951000000007,"Quantity":47929.620000000003,"ORIG_FID":67,"Shape_Length":4.0891195769938964}},{"type":"Feature","id":65,"geometry":{"type":"LineString","coordinates":[[-95.665029999999945,39.161321000000044],[-95.654280480999944,39.164641265000057],[-95.643530455999951,39.167961529000024],[-95.632779925999955,39.17128179000008],[-95.622028889999967,39.174602050000033],[-95.611277347999987,39.177922307000074],[-95.600525300999948,39.181242563000069],[-95.589772747999973,39.184562817000028],[-95.579019689999939,39.187883069000065],[-95.56826612499998,39.191203319000067],[-95.557512053999972,39.194523567000033],[-95.546757476999971,39.197843814000066],[-95.536002393999979,39.201164058000074],[-95.525246804999938,39.204484301000036],[-95.514490708999972,39.20780454100003],[-95.503734106999957,39.211124780000034],[-95.492976997999961,39.21444501700006],[-95.482219382999972,39.217765252000049],[-95.471461260999945,39.22108548500006],[-95.460702631999936,39.224405716000035],[-95.449943495999946,39.227725945000032],[-95.439183852999975,39.231046173000038],[-95.428423702999964,39.234366398000077],[-95.417663045999973,39.237686622000069],[-95.406901881999943,39.241006843000036],[-95.396140210999988,39.244327063000071],[-95.385378031999949,39.24764728100007],[-95.374615345999985,39.250967497000033],[-95.363852151999936,39.254287711000075],[-95.353088449999973,39.25760792300008],[-95.342324240999972,39.26092813300005],[-95.331559523999942,39.264248341000041],[-95.320794298999942,39.267568548000042],[-95.310028566999961,39.270888753000065],[-95.299262325999962,39.274208955000063],[-95.288495576999992,39.277529156000071],[-95.277728318999948,39.280849355000043],[-95.266960553999979,39.284169552000037],[-95.256192279999937,39.287489747000052],[-95.24542349699999,39.290809940000031],[-95.234654206999949,39.294130131000031],[-95.223884406999957,39.297450321000042],[-95.213114098999938,39.300770508000028],[-95.202343280999969,39.304090694000024],[-95.191571954999972,39.307410877000052],[-95.180800119999958,39.310731059000034],[-95.170027775999984,39.314051239000037],[-95.159254922999992,39.317371417000061],[-95.148481560999983,39.320691593000049],[-95.137707688999967,39.324011767000059],[-95.126933307999991,39.327331939000032],[-95.116158416999951,39.330652110000074],[-95.105383016999951,39.333972278000033],[-95.094607106999945,39.33729244500006],[-95.083830686999988,39.340612610000051],[-95.073053757999958,39.343932772000073],[-95.062276318999977,39.34725293300005],[-95.051498368999944,39.350573092000047],[-95.04071990999995,39.353893249000066],[-95.02994094099995,39.357213404000049],[-95.019161460999953,39.360533558000043],[-95.00838147099995,39.363853709000068],[-94.997600969999951,39.367173859000047],[-94.986819958999945,39.370494006000058],[-94.976038437999989,39.37381415200008],[-94.965256404999991,39.377134296000065],[-94.954473861999986,39.380454437000026],[-94.943690807999985,39.383774577000054],[-94.932907243999978,39.387094716000036],[-94.922123167999985,39.390414852000049],[-94.911338580999939,39.393734986000027],[-94.900553482999953,39.397055118000026],[-94.889767873999972,39.400375249000035],[-94.878981752999948,39.403695377000076],[-94.868195120999985,39.407015504000071],[-94.857407977999969,39.410335629000031],[-94.846620322999968,39.413655752000068],[-94.835832155999981,39.416975873000069],[-94.825043476999952,39.420295992000035],[-94.814254286999983,39.423616109000079],[-94.803464584999972,39.426936224000031],[-94.792674369999986,39.430256338000049],[-94.781883643999947,39.433576449000043],[-94.77109240499999,39.436896559000047],[-94.760300653999991,39.440216666000026],[-94.749508390999949,39.443536772000073],[-94.73871561499999,39.446856876000027],[-94.727922326999987,39.450176978000059],[-94.717128525999954,39.453497078000055],[-94.706334212999991,39.456817176000072],[-94.69553938699994,39.460137272000054],[-94.684744046999981,39.463457367000046],[-94.67394819499998,39.46677745900007],[-94.663151829999947,39.470097550000048],[-94.652354951999939,39.473417638000058],[-94.641557560999956,39.476737725000078],[-94.630759655999952,39.480057810000062],[-94.619961237999973,39.483377893000068],[-94.609162305999973,39.486697974000037],[-94.598362860999941,39.490018053000028],[-94.587562901999945,39.49333813100003],[-94.576762429999974,39.496658206000063],[-94.565961443999981,39.499978279000061],[-94.555159942999978,39.503298351000069],[-94.544357928999943,39.506618421000042],[-94.533555400999944,39.509938488000046],[-94.522752358999981,39.51325855400006],[-94.511948801999949,39.51657861800004],[-94.501144731999943,39.51989868000004],[-94.490340145999937,39.523218740000061],[-94.479535046999956,39.526538799000036],[-94.468729431999975,39.529858855000043],[-94.457923303999962,39.533178909000071],[-94.447116659999949,39.536498962000053],[-94.436309500999982,39.539819012000066],[-94.425501827999938,39.543139061000034],[-94.414693639999939,39.546459108000079],[-94.40388493599994,39.549779153000031],[-94.393075717999977,39.553099196000062],[-94.382265983999957,39.556419237000057],[-94.371455734999984,39.559739276000073],[-94.360644969999953,39.563059314000043],[-94.349833689999969,39.566379349000044],[-94.339021893999984,39.569699383000057],[-94.328209582999989,39.573019414000044],[-94.317396755999937,39.576339444000041],[-94.306583412999942,39.57965947200006],[-94.295769553999946,39.582979498000043],[-94.284955178999951,39.586299522000047],[-94.274140287999955,39.589619544000072],[-94.26332488099996,39.592939564000062],[-94.252508957999964,39.596259582000073],[-94.241692517999979,39.599579599000037],[-94.230875561999937,39.602899613000034],[-94.220058088999963,39.606219626000041],[-94.209240099999988,39.609539636000079],[-94.198421593999967,39.612859645000071],[-94.187602570999957,39.616179652000028],[-94.176783030999957,39.619499657000063],[-94.165962974999957,39.622819660000062],[-94.155142400999978,39.626139661000025],[-94.144321309999953,39.629459660000066],[-94.133499701999938,39.632779658000061],[-94.12267757699999,39.636099653000031],[-94.11185493399995,39.639419647000068],[-94.101031773999978,39.64273963800008],[-94.090208095999969,39.646059628000046],[-94.079383900999972,39.649379616000033],[-94.068559187999938,39.652699602000041],[-94.057733956999982,39.65601958600007],[-94.046908207999991,39.659339568000064],[-94.036081940999964,39.662659548000079],[-94.025255156999947,39.665979527000047],[-94.014427853999962,39.669299503000047],[-94.003600031999952,39.672619478000058],[-93.992771692999952,39.675939450000044],[-93.981942834999984,39.67925942100004],[-93.971113457999991,39.682579390000058],[-93.960283562999962,39.685899357000039],[-93.949453149999954,39.689219322000042],[-93.938622216999988,39.692539285000066],[-93.927790765999987,39.695859246000055],[-93.91695879599996,39.699179205000064],[-93.906126306999965,39.702499163000027],[-93.895293297999956,39.705819118000079],[-93.884459770999968,39.709139072000028],[-93.873625723999965,39.712459023000065],[-93.862791157999936,39.715778973000056],[-93.85195607199995,39.719098921000068],[-93.841120466999939,39.722418867000044],[-93.83028434199997,39.725738811000042],[-93.819447697999976,39.729058753000061],[-93.808610533999968,39.732378693000044],[-93.797772849999944,39.735698632000037],[-93.786934645999963,39.739018568000063],[-93.776095921999968,39.742338503000042],[-93.765256676999968,39.745658435000053],[-93.754416912999943,39.748978366000074],[-93.743576627999971,39.75229829500006],[-93.732735822999985,39.755618222000066],[-93.721894496999937,39.758938147000038],[-93.711052650999989,39.76225807000003],[-93.700210284999969,39.765577991000043],[-93.689367396999955,39.768897910000078],[-93.678523988999984,39.772217828000066],[-93.667680058999963,39.775537743000029],[-93.656835608999984,39.77885765700006],[-93.645990637999944,39.782177569000055],[-93.635145144999967,39.785497478000025],[-93.624299131999976,39.788817386000062],[-93.613452595999945,39.792137292000064],[-93.602605539999956,39.795457196000029],[-93.591757961999974,39.798777098000073],[-93.580909861999942,39.802096999000071],[-93.570061240999962,39.805416897000043],[-93.559212097999989,39.808736793000037],[-93.548362432999966,39.812056688000041],[-93.537512245999949,39.815376581000066],[-93.526661536999939,39.818696471000067],[-93.515810305999992,39.822016360000077],[-93.504958552999938,39.825336247000052],[-93.494106276999958,39.828656132000049],[-93.483253479999973,39.831976015000066],[-93.47240015899996,39.835295896000048],[-93.461546315999954,39.83861577600004],[-93.450691950999953,39.841935653000064],[-93.439837061999981,39.845255528000052],[-93.428981650999958,39.848575402000051],[-93.418125716999953,39.851895274000071],[-93.407269259999964,39.855215143000066],[-93.396412279999936,39.858535011000072],[-93.385554776999982,39.861854877000042],[-93.374696750999988,39.865174741000033],[-93.363838200999965,39.868494603000045],[-93.352979127999959,39.871814464000067],[-93.34211953099998,39.875134322000065],[-93.331259410999962,39.878454178000027],[-93.320398766999972,39.881774033000056],[-93.309537598999952,39.88509388600005],[-93.29867590799995,39.888413736000075],[-93.287813691999986,39.891733585000054],[-93.276950952999982,39.895053432000054],[-93.26608768899996,39.898373277000076],[-93.255223900999965,39.901693120000061],[-93.244359588999941,39.905012961000068],[-93.233494752999945,39.908332800000039],[-93.222629391999988,39.911652638000078],[-93.211763505999954,39.914972473000034],[-93.200897095999949,39.918292307000058],[-93.190030160999981,39.921612138000057],[-93.179162701999985,39.924931968000067],[-93.168294716999981,39.92825179600004],[-93.157426207999947,39.931571622000035],[-93.146557172999962,39.934891446000051],[-93.135687613999949,39.938211268000032],[-93.124817528999984,39.941531088000033],[-93.113946917999954,39.944850907000045],[-93.103075782999952,39.948170723000032],[-93.092204120999952,39.951490537000041],[-93.081331933999991,39.954810350000059],[-93.070459221999954,39.958130161000042],[-93.059585983999966,39.961449969000057],[-93.04871221999997,39.964769776000026],[-93.037837929999966,39.968089581000072],[-93.026963112999965,39.971409384000026],[-93.016087770999945,39.974729185000058],[-93.005211902999974,39.978048985000044],[-92.994335507999949,39.981368782000061],[-92.983458586999973,39.984688577000043],[-92.972581139999988,39.988008371000035],[-92.96170316599995,39.991328162000059],[-92.950824664999971,39.994647952000037],[-92.939945636999937,39.997967740000036],[-92.929066082999952,40.001287526000056],[-92.91818600199997,40.00460731000004],[-92.907305393999991,40.007927092000045],[-92.896424258999957,40.011246872000072],[-92.885542595999937,40.014566650000063],[-92.874660406999965,40.017886426000075],[-92.863777689999949,40.021206201000041],[-92.852894444999947,40.024525973000038],[-92.842010673999937,40.027845744000047],[-92.83112637399995,40.031165513000076],[-92.820241546999966,40.03448527900008],[-92.809356191999939,40.037805044000038],[-92.798470308999981,40.041124807000074],[-92.78758389799998,40.044444568000074],[-92.776696959999981,40.047764328000028],[-92.765809492999949,40.05108408500007],[-92.754921496999941,40.054403840000077],[-92.744032973999936,40.057723594000038],[-92.733143921999954,40.06104334500003],[-92.722254341999985,40.064363095000033],[-92.711364232999983,40.067682842000067],[-92.700473594999949,40.071002588000056],[-92.689582428999984,40.074322332000065],[-92.678690733999986,40.077642074000039],[-92.667798509999955,40.080961814000034],[-92.656905756999947,40.08428155200005],[-92.646012474999964,40.087601289000077],[-92.635118663999947,40.090921023000078],[-92.624224322999964,40.094240755000044],[-92.613329452999949,40.097560486000077],[-92.602434053999957,40.100880215000075],[-92.591538124999943,40.104199941000047],[-92.580641666999952,40.10751966600003],[-92.56974467799995,40.110839389000034],[-92.558847159999971,40.11415911000006],[-92.547949112999959,40.117478829000049],[-92.537050534999992,40.12079854600006],[-92.526151426999945,40.124118262000025],[-92.51525178899999,40.127437975000078],[-92.504351620999955,40.130757686000038],[-92.493450921999965,40.134077396000066],[-92.482549692999953,40.137397104000058],[-92.471647932999986,40.140716809000025],[-92.460745642999939,40.14403651300006],[-92.449842822999983,40.147356215000059],[-92.438939470999969,40.150675915000079],[-92.42803558899999,40.153995613000063],[-92.417131174999952,40.157315309000069],[-92.406226230999948,40.160635004000028],[-92.39532075599999,40.163954696000076],[-92.384414748999973,40.167274386000031],[-92.373508210999944,40.170594075000054],[-92.36260114199996,40.173913762000041],[-92.351693540999975,40.177233446000059],[-92.340785408999977,40.180553129000032],[-92.329876744999979,40.183872810000025],[-92.318967548999979,40.18719248900004],[-92.308057820999977,40.190512166000076],[-92.297147561999964,40.193831841000076],[-92.28623676999996,40.19715151500003],[-92.275325446999943,40.200471186000073],[-92.264413590999936,40.203790855000079],[-92.253501202999985,40.20711052300004],[-92.242588282999975,40.210430188000032],[-92.231674829999974,40.213749852000035],[-92.220760844999973,40.217069514000059],[-92.20984632699998,40.220389174000047],[-92.198931275999939,40.223708832000057],[-92.188015692999954,40.22702848800003],[-92.177099576999979,40.230348142000025],[-92.166182926999966,40.233667794000041],[-92.155265744999951,40.236987445000068],[-92.144348029999946,40.240307093000069],[-92.133429780999961,40.243626740000025],[-92.122510998999985,40.246946384000069],[-92.111591682999972,40.250266027000066],[-92.100671833999968,40.253585668000028],[-92.089751451999973,40.256905307000068],[-92.078830535999941,40.260224944000072],[-92.067909085999986,40.26354457900004],[-92.056987101999937,40.26686421200003],[-92.046064583999964,40.270183843000041],[-92.035141531999955,40.273503473000062],[-92.024217945999965,40.276823100000058],[-92.013293825999938,40.280142725000076],[-92.002369171999987,40.283462349000047],[-91.991443982999954,40.286781971000039],[-91.98051825999994,40.290101591000052],[-91.969592001999956,40.293421208000041],[-91.958665208999946,40.29674082400004],[-91.947737881999956,40.30006043800006],[-91.936810019999939,40.303380051000033],[-91.925881622999952,40.306699661000039],[-91.914952690999939,40.310019269000065],[-91.904023223999957,40.313338876000046],[-91.893093220999958,40.316658480000058],[-91.882162683999979,40.31997808300008],[-91.871231610999985,40.323297683000078],[-91.860300001999974,40.326617282000029],[-91.849367857999937,40.329936879000059],[-91.838435178999987,40.333256474000052],[-91.827501962999975,40.336576067000067],[-91.816568211999936,40.339895658000046],[-91.805633924999938,40.343215247000046],[-91.794699101999981,40.346534834000067],[-91.783763742999952,40.349854420000042],[-91.772827846999974,40.353174003000049],[-91.761891415999969,40.356493585000067],[-91.750954447999959,40.359813165000048],[-91.74001694399999,40.363132742000062],[-91.729078902999959,40.366452318000029],[-91.718140324999979,40.369771892000074],[-91.707201210999983,40.373091464000026],[-91.696261559999982,40.376411034000057],[-91.685321371999976,40.379730602000052],[-91.674380646999964,40.383050169000057],[-91.663439385999936,40.386369733000038],[-91.652497586999971,40.389689295000039],[-91.641555249999954,40.393008856000051],[-91.630612376999977,40.396328415000028],[-91.619668965999949,40.399647971000036],[-91.608725016999983,40.402967526000054],[-91.597780530999955,40.406287079000037],[-91.586835506999989,40.409606630000042],[-91.575889945999961,40.412926179000067],[-91.564943845999949,40.416245726000056],[-91.553997208999988,40.419565271000067],[-91.543050032999986,40.422884815000032],[-91.532102319999979,40.426204356000028],[-91.521154067999987,40.429523896000035],[-91.510205277999944,40.432843433000073],[-91.499255948999973,40.436162969000065],[-91.488306081999951,40.439482503000079],[-91.477355675999945,40.442802035000057],[-91.466404731999944,40.446121565000055],[-91.455453248999959,40.449441093000075],[-91.444501226999989,40.45276061900006],[-91.433548665999979,40.456080143000065],[-91.422595566999973,40.459399665000035],[-91.411641927999938,40.462719186000072],[-91.400687748999985,40.466038704000027],[-91.389733031999981,40.46935822100005],[-91.378777774999946,40.472677735000048],[-91.367821978999984,40.475997248000056],[-91.356865642999935,40.479316759000028],[-91.345908766999969,40.482636268000078],[-91.334951351999962,40.485955775000036],[-91.323993396999981,40.489275280000072],[-91.31303490199997,40.492594783000072],[-91.302075865999939,40.495914284000037],[-91.29111629099998,40.499233784000069],[-91.280156175999991,40.502553281000075],[-91.269195519999982,40.505872777000036],[-91.258234323999943,40.509192270000028],[-91.247272586999941,40.512511762000031],[-91.236310309999965,40.515831252000055],[-91.225347492999958,40.519150739000054],[-91.214384133999943,40.522470225000063],[-91.203420234999953,40.525789709000037],[-91.192455794999944,40.529109192000078],[-91.181490812999982,40.532428672000037],[-91.17052529099999,40.535748150000074],[-91.159559226999988,40.539067627000065],[-91.148592622999956,40.542387101000031],[-91.137625475999982,40.545706574000064],[-91.126657788999978,40.549026044000072],[-91.115689559999964,40.552345513000034],[-91.104720788999941,40.555664980000074],[-91.093751475999966,40.558984445000078],[-91.08278162199997,40.562303908000047],[-91.071811225999966,40.565623369000036],[-91.060840286999962,40.568942828000047],[-91.049868806999939,40.572262285000079],[-91.038896784999963,40.575581741000065],[-91.027924219999989,40.578901194000025],[-91.016951112999948,40.582220645000064],[-91.005977462999965,40.585540095000056],[-90.995003270999973,40.588859543000069],[-90.984028535999983,40.592178989000047],[-90.973053258999983,40.595498432000056],[-90.962077437999938,40.598817874000076],[-90.95110107499994,40.602137314000061],[-90.940124168999944,40.605456752000066],[-90.929146719999949,40.608776189000025],[-90.918168726999966,40.612095623000073],[-90.907190190999984,40.615415055000028],[-90.896211111999946,40.618734486000051],[-90.885231489999967,40.622053914000048],[-90.874251323999943,40.625373341000056],[-90.863270613999987,40.628692766000029],[-90.852289360999976,40.632012189000079],[-90.841307562999987,40.635331609000048],[-90.830325221999942,40.638651028000027],[-90.819342336999966,40.641970445000027],[-90.808358907999946,40.645289861000037],[-90.797374934999937,40.64860927400008],[-90.78639041699995,40.65192868500003],[-90.775405354999975,40.655248095000047],[-90.764419748999956,40.658567502000039],[-90.753433597999958,40.661886908000042],[-90.742446901999983,40.665206311000077],[-90.731459661999963,40.668525713000065],[-90.720471876999966,40.671845113000074],[-90.709483546999991,40.675164511000048],[-90.698494671999981,40.678483907000043],[-90.687505251999937,40.681803301000059],[-90.676515286999972,40.685122693000039],[-90.665524775999984,40.688442083000041],[-90.65453372099995,40.691761472000053],[-90.64354211899996,40.69508085800004],[-90.632549972999982,40.698400243000037],[-90.62155727999999,40.701719625000067],[-90.610564041999965,40.70503900600005],[-90.599570257999972,40.708358385000054],[-90.588575928999944,40.711677762000079],[-90.57758105299996,40.714997137000069],[-90.566585630999953,40.718316510000079],[-90.555589662999978,40.721635881000054],[-90.544593148999979,40.72495525000005],[-90.533596087999967,40.728274617000068],[-90.522598480999989,40.731593983000039],[-90.51160032699994,40.734913346000042],[-90.50060162699998,40.738232708000055],[-90.489602379999951,40.741552067000043],[-90.478602585999965,40.744871425000042],[-90.467602245999956,40.748190781000062],[-90.456601357999944,40.751510135000046],[-90.445599922999975,40.754829487000052],[-90.434597941999982,40.758148837000078],[-90.423595411999941,40.761468185000069],[-90.412592335999989,40.764787531000025],[-90.401588711999977,40.768106875000058],[-90.390584540999953,40.771426218000045],[-90.379579820999936,40.774745558000063],[-90.368574554999952,40.778064897000036],[-90.357568739999977,40.78138423300004],[-90.346562377999987,40.784703568000054],[-90.335555466999949,40.788022901000033],[-90.324548007999965,40.791342232000034],[-90.313540001999968,40.794661561000055],[-90.302531446999978,40.797980888000041],[-90.29152234299994,40.801300213000047],[-90.280512690999956,40.804619536000075],[-90.269502490999969,40.807938857000067],[-90.25849174199999,40.81125817700007],[-90.247480443999962,40.814577494000048],[-90.236468597999988,40.817896810000036],[-90.225456201999975,40.821216124000046],[-90.21444325799996,40.82453543500003],[-90.203429763999964,40.827854745000025],[-90.192415721999964,40.831174053000041],[-90.181401129999983,40.834493359000078],[-90.170385987999964,40.837812663000079],[-90.159370297999942,40.841131965000045],[-90.148354056999949,40.844451265000032],[-90.137337266999964,40.847770564000029],[-90.126319927999987,40.851089860000059],[-90.115302037999982,40.854409155000042],[-90.104283598999984,40.857728447000056],[-90.093264608999959,40.861047738000025],[-90.082245069999942,40.864367027000071],[-90.071224979999954,40.867686313000036],[-90.060204339999984,40.871005598000067],[-90.049183148999987,40.874324881000064],[-90.03816140899994,40.877644162000024],[-90.02713911699999,40.880963442000052],[-90.016116274999945,40.884282719000055],[-90.005092881999985,40.887601994000079],[-89.994068938999987,40.890921268000056],[-89.983044443999972,40.894240539000066],[-89.972019398999976,40.897559809000029],[-89.960993801999962,40.900879076000081],[-89.949967653999977,40.904198342000029],[-89.938940954999964,40.907517606000056],[-89.927913703999991,40.910836868000047],[-89.91688590199999,40.914156128000059],[-89.905857548999961,40.917475386000035],[-89.894828642999983,40.920794642000033],[-89.883799185999976,40.924113896000051],[-89.872769176999952,40.92743314900008],[-89.861738616999958,40.930752399000028],[-89.850707503999956,40.934071647000053],[-89.839675838999938,40.937390894000032],[-89.828643621999959,40.940710139000032],[-89.817610851999973,40.944029381000064],[-89.80657752999997,40.94734862200005],[-89.79554365599995,40.950667861000056],[-89.78450922899998,40.953987098000027],[-89.773474249999936,40.957306333000076],[-89.762438716999952,40.960625566000033],[-89.751402631999952,40.963944798000057],[-89.740365993999944,40.967264027000056],[-89.729328802999987,40.970583254000076],[-89.718291057999977,40.973902480000049],[-89.70725276099995,40.977221703000055],[-89.696213909999983,40.980540925000071],[-89.685174505999953,40.983860145000051],[-89.674134547999984,40.987179363000052],[-89.663094035999961,40.990498578000029],[-89.652052970999989,40.993817792000073],[-89.641011351999964,40.99713700500007],[-89.629969179999989,41.000456215000042],[-89.618926452999972,41.003775423000036],[-89.607883171999958,41.007094629000051],[-89.596839336999949,41.010413834000076],[-89.585794947999943,41.013733036000076],[-89.574750004999942,41.01705223700003],[-89.563704506999954,41.020371435000072],[-89.552658453999982,41.023690632000068],[-89.541611846999956,41.027009827000029],[-89.530564684999945,41.030329020000067],[-89.519516968999937,41.03364821100007],[-89.508468696999955,41.036967400000037],[-89.497419870999977,41.040286587000026],[-89.486370488999967,41.043605772000035],[-89.47532055299996,41.046924955000065],[-89.464270060999979,41.05024413700005],[-89.453219012999966,41.053563316000066],[-89.442167410999957,41.056882494000035],[-89.431115251999984,41.060201669000037],[-89.420062537999968,41.063520843000049],[-89.409009268999966,41.066840015000025],[-89.397955442999944,41.07015918500008],[-89.386901061999936,41.073478353000041],[-89.375846123999963,41.076797519000024],[-89.364790630999948,41.080116683000028],[-89.353734580999969,41.083435845000054],[-89.342677974999958,41.086755005000043],[-89.331620812999972,41.090074164000043],[-89.320563093999965,41.093393320000075],[-89.309504817999937,41.096712475000061],[-89.29844598599999,41.100031627000078],[-89.287386597999955,41.103350778000049],[-89.276326651999966,41.106669927000041],[-89.265266148999956,41.109989074000055],[-89.254205089999971,41.113308218000043],[-89.243143472999975,41.116627361000042],[-89.232081298999958,41.119946503000051],[-89.221018567999977,41.123265642000035],[-89.209955278999985,41.126584779000041],[-89.198891432999972,41.129903914000067],[-89.187827028999948,41.133223048000048],[-89.17676206799996,41.13654217900006],[-89.165696548999961,41.139861309000025],[-89.154630471999951,41.143180437000069],[-89.143563836999988,41.146499562000031],[-89.132496642999968,41.14981868600006],[-89.121428891999983,41.153137808000054],[-89.110360582999988,41.156456928000068],[-89.099291714999936,41.159776046000047],[-89.088222288999987,41.163095162000047],[-89.077152303999981,41.166414276000069],[-89.066081760999964,41.169733389000044],[-89.055010658999947,41.17305249900005],[-89.043938997999987,41.176371608000068],[-89.032866777999971,41.17969071400006],[-89.021793998999954,41.183009819000063],[-89.010720660999937,41.18632892200003],[-88.999646763999976,41.189648022000029],[-88.988572307999959,41.192967121000038],[-88.977497292999942,41.196286218000068],[-88.966421716999946,41.199605313000063],[-88.955345582999939,41.202924406000079],[-88.944268888999943,41.20624349700006],[-88.933191634999957,41.20956258700005],[-88.922113820999982,41.212881674000073],[-88.911035446999961,41.216200760000049],[-88.89995651299995,41.219519843000057],[-88.888877018999949,41.222838925000076],[-88.877796964999959,41.226158004000069],[-88.86671635099998,41.229477082000074],[-88.855635175999964,41.232796158000042],[-88.84455344099996,41.236115232000031],[-88.833471144999976,41.239434304000042],[-88.822388287999956,41.242753374000074],[-88.811304870999948,41.24607244200007],[-88.80022089299996,41.249391508000031],[-88.789136353999936,41.252710573000059],[-88.77805125399999,41.256029635000061],[-88.766965591999963,41.259348696000075],[-88.755879369999946,41.262667754000063],[-88.74479258599996,41.265986811000062],[-88.733705240999939,41.269305866000025],[-88.722617333999949,41.272624918000076],[-88.711528865999981,41.275943969000025],[-88.700439835999987,41.279263018000051],[-88.689350243999968,41.282582065000042],[-88.678260089999981,41.285901110000054],[-88.667169373999968,41.289220154000077],[-88.656078095999987,41.292539195000074],[-88.644986255999981,41.295858234000036],[-88.63389385399995,41.299177272000065],[-88.622800888999961,41.302496307000069],[-88.611707361999947,41.305815341000027],[-88.600613271999975,41.309134373000063],[-88.589518619999978,41.312453402000074],[-88.578423404999967,41.315772430000038],[-88.567327626999941,41.319091456000081],[-88.556231285999957,41.32241048000003],[-88.545134381999958,41.325729502000058],[-88.534036914999945,41.329048522000051],[-88.522938884999974,41.332367541000053],[-88.511840291999988,41.335686557000031],[-88.500741134999942,41.33900557100003],[-88.489641413999948,41.342324584000039],[-88.47854112999994,41.34564359400008],[-88.467440282999974,41.348962603000075],[-88.456338870999957,41.352281610000034],[-88.445236895999983,41.355600615000071],[-88.434134356999948,41.358919617000026],[-88.423031253999966,41.362238618000049],[-88.41192758599999,41.365557617000036],[-88.400823353999954,41.368876615000033],[-88.38971855799997,41.372195610000063],[-88.378613197999982,41.375514603000056],[-88.367507272999944,41.378833594000071],[-88.35640078299997,41.382152584000039],[-88.345293728999991,41.385471571000039],[-88.334186108999972,41.38879055700005],[-88.32307792499995,41.392109541000025],[-88.311969175999991,41.395428522000032],[-88.300859861999982,41.398747502000049],[-88.289749982999979,41.40206648000003],[-88.278639537999936,41.405385456000033],[-88.267528527999957,41.408704430000057],[-88.256416951999938,41.412023402000045],[-88.245304810999983,41.415342372000055],[-88.234192103999987,41.418661341000075],[-88.223078831999942,41.421980307000069],[-88.211964992999981,41.425299272000075],[-88.20085058899997,41.428618234000055],[-88.189735617999986,41.431937195000046],[-88.178620081999952,41.435256153000068],[-88.167503978999946,41.438575110000045],[-88.156387309999957,41.441894065000042],[-88.145270073999939,41.445213018000061],[-88.134152271999938,41.448531969000044],[-88.123033903999954,41.451850918000048],[-88.111914967999951,41.455169865000073],[-88.100795465999965,41.458488811000052],[-88.089675396999951,41.461807754000063],[-88.078554760999964,41.465126695000038],[-88.067433557999948,41.46844563500008],[-88.05631178699997,41.471764572000041],[-88.045189448999963,41.475083508000068],[-88.034066543999984,41.478402442000061],[-88.022943071999975,41.481721374000074],[-88.011819031999948,41.485040303000062],[-88.00069442399996,41.488359231000061],[-87.989569248999942,41.491678157000081],[-87.978443504999973,41.494997082000054],[-87.967317193999975,41.49831600400006],[-87.956190314999958,41.50163492400003],[-87.94506286699999,41.504953842000077],[-87.933934850999947,41.508272759000079],[-87.922806266999942,41.511591673000055],[-87.911677114999975,41.514910586000042],[-87.900547393999943,41.51822949600006],[-87.889417103999961,41.521548405000033],[-87.878286245999959,41.524867312000026],[-87.86715481899995,41.528186217000041],[-87.856022822999989,41.531505120000077],[-87.844890257999964,41.534824021000077],[-87.833757123999987,41.538142920000041],[-87.822623419999957,41.541461817000027],[-87.811489147999964,41.54478071300008],[-87.800354305999974,41.548099606000051],[-87.789218894999976,41.551418497000043],[-87.778082913999981,41.554737387000046],[-87.766946362999988,41.55805627400008],[-87.755809242999987,41.561375160000068],[-87.744671551999943,41.564694044000078],[-87.733533291999947,41.568012926000051],[-87.722394461999954,41.571331806000046],[-87.711255060999974,41.574650684000062],[-87.700115090999986,41.577969560000042],[-87.688974549999955,41.581288434000044],[-87.677833437999936,41.584607306000066],[-87.666691756999967,41.587926176000053],[-87.655549503999964,41.591245045000051],[-87.644406680999964,41.59456391100008],[-87.633263286999977,41.597882776000063],[-87.622119321999946,41.601201638000077],[-87.610974785999986,41.604520499000046],[-87.599829678999981,41.607839358000035],[-87.588683999999944,41.611158215000046],[-87.577537750999966,41.614477069000031],[-87.566390929999955,41.617795922000028],[-87.555243537999957,41.621114774000034],[-87.544095573999982,41.624433623000073],[-87.532947037999975,41.627752470000075],[-87.521797930999981,41.631071315000042],[-87.510648250999964,41.634390159000077],[-87.49949799999996,41.637709000000029]]},"properties":{"OID":65,"Product_Type_i":"Raw","From_ID":"Processor3","From_Node":"Kansas City Processing Hub","From_City_Area":"Topeka","From_State":"KS","From_Latitude":39.161321000000001,"From_Longitude":-95.665030000000002,"Product_Type_j":" Semicooked","To_ID":"Warehouse3","To_Node":"Chicago Metro Cold Warehouse","To_City_Area":"Hammond (Chicago Metro)","To_State":"IN","To_Latitude":41.637709000000001,"To_Longitude":-87.499498000000003,"Quantity":4000,"ORIG_FID":68,"Shape_Length":8.5328221471661241}}]
}